"locationId","provider","municipality","district","locationKind","legalCategory","name","roadAddress","addressAliases","parcelNumber","latitude","longitude","householdCount","completionDate","propertySourceId","propertyName","propertyKind","propertyHouseholdCount","propertyCompletionDate","offeringSourceId","supplyTypeName","styleName","supplyAreaSquareMeters","offeringHouseholdCount","exclusiveAreaSquareMeters","commonAreaSquareMeters","depositWon","monthlyRentWon","sourceUrls","sourceReferenceDates"
"lh:seongnam:e5333ddf86bfbe17","LH","SEONGNAM","분당구","CONSTRUCTION_RENTAL_COMPLEX","PERMANENT_RENTAL","분당한솔7","경기도 성남시 분당구 내정로 94","경기도 성남시 분당구 내정로 94|경기도 성남시 분당구 내정로 94(정자동)","","37.3673874962266","127.115509425508","1668","1994-07-25","C00194","분당한솔7","CONSTRUCTION_RENTAL_COMPLEX","1420","1994-07-25","C00194:영구임대:00012A:26.4:900","영구임대","00012A","26.4","900","26.4","","","","https://www.data.go.kr/data/15050700/fileData.do","2025-09-18"
"lh:seongnam:e5333ddf86bfbe17","LH","SEONGNAM","분당구","CONSTRUCTION_RENTAL_COMPLEX","PERMANENT_RENTAL","분당한솔7","경기도 성남시 분당구 내정로 94","경기도 성남시 분당구 내정로 94|경기도 성남시 분당구 내정로 94(정자동)","","37.3673874962266","127.115509425508","1668","1994-07-25","C00194","분당한솔7","CONSTRUCTION_RENTAL_COMPLEX","1420","1994-07-25","C00194:영구임대:00012B:26.4:200","영구임대","00012B","26.4","200","26.4","","","","https://www.data.go.kr/data/15050700/fileData.do","2025-09-18"
"lh:seongnam:e5333ddf86bfbe17","LH","SEONGNAM","분당구","CONSTRUCTION_RENTAL_COMPLEX","PERMANENT_RENTAL","분당한솔7","경기도 성남시 분당구 내정로 94","경기도 성남시 분당구 내정로 94|경기도 성남시 분당구 내정로 94(정자동)","","37.3673874962266","127.115509425508","1668","1994-07-25","C00194","분당한솔7","CONSTRUCTION_RENTAL_COMPLEX","1420","1994-07-25","C00194:영구임대:00014E:31.32:320","영구임대","00014E","31.32","320","31.32","","","","https://www.data.go.kr/data/15050700/fileData.do","2025-09-18"
"lh:seongnam:e5333ddf86bfbe17","LH","SEONGNAM","분당구","CONSTRUCTION_RENTAL_COMPLEX","PERMANENT_RENTAL","분당한솔7","경기도 성남시 분당구 내정로 94","경기도 성남시 분당구 내정로 94|경기도 성남시 분당구 내정로 94(정자동)","","37.3673874962266","127.115509425508","1668","1994-07-25","C01924","분당한솔7(주거복지동)","CONSTRUCTION_RENTAL_COMPLEX","248","2015-05-01","C01924:영구임대:26A:26.98:56","영구임대","26A","26.98","56","26.98","","","","https://www.data.go.kr/data/15050700/fileData.do","2025-09-18"
"lh:seongnam:e5333ddf86bfbe17","LH","SEONGNAM","분당구","CONSTRUCTION_RENTAL_COMPLEX","PERMANENT_RENTAL","분당한솔7","경기도 성남시 분당구 내정로 94","경기도 성남시 분당구 내정로 94|경기도 성남시 분당구 내정로 94(정자동)","","37.3673874962266","127.115509425508","1668","1994-07-25","C01924","분당한솔7(주거복지동)","CONSTRUCTION_RENTAL_COMPLEX","248","2015-05-01","C01924:영구임대:26B:26.84:108","영구임대","26B","26.84","108","26.84","","","","https://www.data.go.kr/data/15050700/fileData.do","2025-09-18"
"lh:seongnam:e5333ddf86bfbe17","LH","SEONGNAM","분당구","CONSTRUCTION_RENTAL_COMPLEX","PERMANENT_RENTAL","분당한솔7","경기도 성남시 분당구 내정로 94","경기도 성남시 분당구 내정로 94|경기도 성남시 분당구 내정로 94(정자동)","","37.3673874962266","127.115509425508","1668","1994-07-25","C01924","분당한솔7(주거복지동)","CONSTRUCTION_RENTAL_COMPLEX","248","2015-05-01","C01924:영구임대:31A:31.77:84","영구임대","31A","31.77","84","31.77","","","","https://www.data.go.kr/data/15050700/fileData.do","2025-09-18"
"lh:seongnam:dac46514a78e5da2","LH","SEONGNAM","분당구","CONSTRUCTION_RENTAL_COMPLEX","NATIONAL_RENTAL","성남판교 봇들마을5","경기도 성남시 분당구 대왕판교로644번길 65","경기도 성남시 분당구 대왕판교로644번길 65|경기도 성남시 분당구 대왕판교로644번길 65(삼평동,봇들마을5단지아파트)","","37.4008094352144","127.114852229825","775","2009-12-29","C00935","성남판교 봇들마을5","CONSTRUCTION_RENTAL_COMPLEX","775","2009-12-29","C00935:국민임대:39444:39.99:174","국민임대","39444","39.99","174","39.99","","","","https://www.data.go.kr/data/15050700/fileData.do","2025-09-18"
"lh:seongnam:dac46514a78e5da2","LH","SEONGNAM","분당구","CONSTRUCTION_RENTAL_COMPLEX","NATIONAL_RENTAL","성남판교 봇들마을5","경기도 성남시 분당구 대왕판교로644번길 65","경기도 성남시 분당구 대왕판교로644번길 65|경기도 성남시 분당구 대왕판교로644번길 65(삼평동,봇들마을5단지아파트)","","37.4008094352144","127.114852229825","775","2009-12-29","C00935","성남판교 봇들마을5","CONSTRUCTION_RENTAL_COMPLEX","775","2009-12-29","C00935:국민임대:39445:39.99:72","국민임대","39445","39.99","72","39.99","","","","https://www.data.go.kr/data/15050700/fileData.do","2025-09-18"
"lh:seongnam:dac46514a78e5da2","LH","SEONGNAM","분당구","CONSTRUCTION_RENTAL_COMPLEX","NATIONAL_RENTAL","성남판교 봇들마을5","경기도 성남시 분당구 대왕판교로644번길 65","경기도 성남시 분당구 대왕판교로644번길 65|경기도 성남시 분당구 대왕판교로644번길 65(삼평동,봇들마을5단지아파트)","","37.4008094352144","127.114852229825","775","2009-12-29","C00935","성남판교 봇들마을5","CONSTRUCTION_RENTAL_COMPLEX","775","2009-12-29","C00935:국민임대:46626:46.98:87","국민임대","46626","46.98","87","46.98","","","","https://www.data.go.kr/data/15050700/fileData.do","2025-09-18"
"lh:seongnam:dac46514a78e5da2","LH","SEONGNAM","분당구","CONSTRUCTION_RENTAL_COMPLEX","NATIONAL_RENTAL","성남판교 봇들마을5","경기도 성남시 분당구 대왕판교로644번길 65","경기도 성남시 분당구 대왕판교로644번길 65|경기도 성남시 분당구 대왕판교로644번길 65(삼평동,봇들마을5단지아파트)","","37.4008094352144","127.114852229825","775","2009-12-29","C00935","성남판교 봇들마을5","CONSTRUCTION_RENTAL_COMPLEX","775","2009-12-29","C00935:국민임대:46627:46.98:111","국민임대","46627","46.98","111","46.98","","","","https://www.data.go.kr/data/15050700/fileData.do","2025-09-18"
"lh:seongnam:dac46514a78e5da2","LH","SEONGNAM","분당구","CONSTRUCTION_RENTAL_COMPLEX","NATIONAL_RENTAL","성남판교 봇들마을5","경기도 성남시 분당구 대왕판교로644번길 65","경기도 성남시 분당구 대왕판교로644번길 65|경기도 성남시 분당구 대왕판교로644번길 65(삼평동,봇들마을5단지아파트)","","37.4008094352144","127.114852229825","775","2009-12-29","C00935","성남판교 봇들마을5","CONSTRUCTION_RENTAL_COMPLEX","775","2009-12-29","C00935:국민임대:46628:46.98:87","국민임대","46628","46.98","87","46.98","","","","https://www.data.go.kr/data/15050700/fileData.do","2025-09-18"
"lh:seongnam:dac46514a78e5da2","LH","SEONGNAM","분당구","CONSTRUCTION_RENTAL_COMPLEX","NATIONAL_RENTAL","성남판교 봇들마을5","경기도 성남시 분당구 대왕판교로644번길 65","경기도 성남시 분당구 대왕판교로644번길 65|경기도 성남시 분당구 대왕판교로644번길 65(삼평동,봇들마을5단지아파트)","","37.4008094352144","127.114852229825","775","2009-12-29","C00935","성남판교 봇들마을5","CONSTRUCTION_RENTAL_COMPLEX","775","2009-12-29","C00935:국민임대:46629:46.85:51","국민임대","46629","46.85","51","46.85","","","","https://www.data.go.kr/data/15050700/fileData.do","2025-09-18"
"lh:seongnam:dac46514a78e5da2","LH","SEONGNAM","분당구","CONSTRUCTION_RENTAL_COMPLEX","NATIONAL_RENTAL","성남판교 봇들마을5","경기도 성남시 분당구 대왕판교로644번길 65","경기도 성남시 분당구 대왕판교로644번길 65|경기도 성남시 분당구 대왕판교로644번길 65(삼평동,봇들마을5단지아파트)","","37.4008094352144","127.114852229825","775","2009-12-29","C00935","성남판교 봇들마을5","CONSTRUCTION_RENTAL_COMPLEX","775","2009-12-29","C00935:국민임대:51571:51.9:102","국민임대","51571","51.9","102","51.9","","","","https://www.data.go.kr/data/15050700/fileData.do","2025-09-18"
"lh:seongnam:dac46514a78e5da2","LH","SEONGNAM","분당구","CONSTRUCTION_RENTAL_COMPLEX","NATIONAL_RENTAL","성남판교 봇들마을5","경기도 성남시 분당구 대왕판교로644번길 65","경기도 성남시 분당구 대왕판교로644번길 65|경기도 성남시 분당구 대왕판교로644번길 65(삼평동,봇들마을5단지아파트)","","37.4008094352144","127.114852229825","775","2009-12-29","C00935","성남판교 봇들마을5","CONSTRUCTION_RENTAL_COMPLEX","775","2009-12-29","C00935:국민임대:51572:51.96:91","국민임대","51572","51.96","91","51.96","","","","https://www.data.go.kr/data/15050700/fileData.do","2025-09-18"
"lh:seongnam:28e1da10ec1aa828","LH","SEONGNAM","분당구","CONSTRUCTION_RENTAL_COMPLEX","PUBLIC_RENTAL","성남판교 백현마을2","경기도 성남시 분당구 동판교로 122","경기도 성남시 분당구 동판교로|경기도 성남시 분당구 동판교로 122","","37.3926302127448","127.11968797711","51","2009-11-20","C00930","성남판교 백현마을2","CONSTRUCTION_RENTAL_COMPLEX","51","2009-11-20","C00930:공공임대(10년):101021:101.91:19","공공임대(10년)","101021","101.91","19","101.91","","","","https://www.data.go.kr/data/15050700/fileData.do","2025-09-18"
"lh:seongnam:28e1da10ec1aa828","LH","SEONGNAM","분당구","CONSTRUCTION_RENTAL_COMPLEX","PUBLIC_RENTAL","성남판교 백현마을2","경기도 성남시 분당구 동판교로 122","경기도 성남시 분당구 동판교로|경기도 성남시 분당구 동판교로 122","","37.3926302127448","127.11968797711","51","2009-11-20","C00930","성남판교 백현마을2","CONSTRUCTION_RENTAL_COMPLEX","51","2009-11-20","C00930:공공임대(10년):101026:101.25:8","공공임대(10년)","101026","101.25","8","101.25","","","","https://www.data.go.kr/data/15050700/fileData.do","2025-09-18"
"lh:seongnam:28e1da10ec1aa828","LH","SEONGNAM","분당구","CONSTRUCTION_RENTAL_COMPLEX","PUBLIC_RENTAL","성남판교 백현마을2","경기도 성남시 분당구 동판교로 122","경기도 성남시 분당구 동판교로|경기도 성남시 분당구 동판교로 122","","37.3926302127448","127.11968797711","51","2009-11-20","C00930","성남판교 백현마을2","CONSTRUCTION_RENTAL_COMPLEX","51","2009-11-20","C00930:공공임대(10년):101027:101.83:7","공공임대(10년)","101027","101.83","7","101.83","","","","https://www.data.go.kr/data/15050700/fileData.do","2025-09-18"
"lh:seongnam:28e1da10ec1aa828","LH","SEONGNAM","분당구","CONSTRUCTION_RENTAL_COMPLEX","PUBLIC_RENTAL","성남판교 백현마을2","경기도 성남시 분당구 동판교로 122","경기도 성남시 분당구 동판교로|경기도 성남시 분당구 동판교로 122","","37.3926302127448","127.11968797711","51","2009-11-20","C00930","성남판교 백현마을2","CONSTRUCTION_RENTAL_COMPLEX","51","2009-11-20","C00930:공공임대(10년):118022:118.94:7","공공임대(10년)","118022","118.94","7","118.94","","","","https://www.data.go.kr/data/15050700/fileData.do","2025-09-18"
"lh:seongnam:28e1da10ec1aa828","LH","SEONGNAM","분당구","CONSTRUCTION_RENTAL_COMPLEX","PUBLIC_RENTAL","성남판교 백현마을2","경기도 성남시 분당구 동판교로 122","경기도 성남시 분당구 동판교로|경기도 성남시 분당구 동판교로 122","","37.3926302127448","127.11968797711","51","2009-11-20","C00930","성남판교 백현마을2","CONSTRUCTION_RENTAL_COMPLEX","51","2009-11-20","C00930:공공임대(10년):118025:118.41:5","공공임대(10년)","118025","118.41","5","118.41","","","","https://www.data.go.kr/data/15050700/fileData.do","2025-09-18"
"lh:seongnam:28e1da10ec1aa828","LH","SEONGNAM","분당구","CONSTRUCTION_RENTAL_COMPLEX","PUBLIC_RENTAL","성남판교 백현마을2","경기도 성남시 분당구 동판교로 122","경기도 성남시 분당구 동판교로|경기도 성남시 분당구 동판교로 122","","37.3926302127448","127.11968797711","51","2009-11-20","C00930","성남판교 백현마을2","CONSTRUCTION_RENTAL_COMPLEX","51","2009-11-20","C00930:공공임대(10년):118026:118.65:5","공공임대(10년)","118026","118.65","5","118.65","","","","https://www.data.go.kr/data/15050700/fileData.do","2025-09-18"
"lh:seongnam:bb133e6ad25a1ff0","LH","SEONGNAM","분당구","CONSTRUCTION_RENTAL_COMPLEX","NATIONAL_RENTAL","성남판교 봇들 6단지 (A18-2BL)","경기도 성남시 분당구 동판교로 212","경기도 성남시 분당구 동판교로 212|경기도 성남시 분당구 동판교로 212(삼평동,봇들마을6단지아파트)","","37.4018130440183","127.117549909122","1297","","C00021","성남판교 봇들 6단지 (A18-2BL)","CONSTRUCTION_RENTAL_COMPLEX","1297","","C00021:국민임대:39444:39.99:282","국민임대","39444","39.99","282","39.99","","","","https://www.data.go.kr/data/15050700/fileData.do","2025-09-18"
"lh:seongnam:bb133e6ad25a1ff0","LH","SEONGNAM","분당구","CONSTRUCTION_RENTAL_COMPLEX","NATIONAL_RENTAL","성남판교 봇들 6단지 (A18-2BL)","경기도 성남시 분당구 동판교로 212","경기도 성남시 분당구 동판교로 212|경기도 성남시 분당구 동판교로 212(삼평동,봇들마을6단지아파트)","","37.4018130440183","127.117549909122","1297","","C00021","성남판교 봇들 6단지 (A18-2BL)","CONSTRUCTION_RENTAL_COMPLEX","1297","","C00021:국민임대:39445:39.99:143","국민임대","39445","39.99","143","39.99","","","","https://www.data.go.kr/data/15050700/fileData.do","2025-09-18"
"lh:seongnam:bb133e6ad25a1ff0","LH","SEONGNAM","분당구","CONSTRUCTION_RENTAL_COMPLEX","NATIONAL_RENTAL","성남판교 봇들 6단지 (A18-2BL)","경기도 성남시 분당구 동판교로 212","경기도 성남시 분당구 동판교로 212|경기도 성남시 분당구 동판교로 212(삼평동,봇들마을6단지아파트)","","37.4018130440183","127.117549909122","1297","","C00021","성남판교 봇들 6단지 (A18-2BL)","CONSTRUCTION_RENTAL_COMPLEX","1297","","C00021:국민임대:46626:46.98:92","국민임대","46626","46.98","92","46.98","","","","https://www.data.go.kr/data/15050700/fileData.do","2025-09-18"
"lh:seongnam:bb133e6ad25a1ff0","LH","SEONGNAM","분당구","CONSTRUCTION_RENTAL_COMPLEX","NATIONAL_RENTAL","성남판교 봇들 6단지 (A18-2BL)","경기도 성남시 분당구 동판교로 212","경기도 성남시 분당구 동판교로 212|경기도 성남시 분당구 동판교로 212(삼평동,봇들마을6단지아파트)","","37.4018130440183","127.117549909122","1297","","C00021","성남판교 봇들 6단지 (A18-2BL)","CONSTRUCTION_RENTAL_COMPLEX","1297","","C00021:국민임대:46627:46.98:246","국민임대","46627","46.98","246","46.98","","","","https://www.data.go.kr/data/15050700/fileData.do","2025-09-18"
"lh:seongnam:bb133e6ad25a1ff0","LH","SEONGNAM","분당구","CONSTRUCTION_RENTAL_COMPLEX","NATIONAL_RENTAL","성남판교 봇들 6단지 (A18-2BL)","경기도 성남시 분당구 동판교로 212","경기도 성남시 분당구 동판교로 212|경기도 성남시 분당구 동판교로 212(삼평동,봇들마을6단지아파트)","","37.4018130440183","127.117549909122","1297","","C00021","성남판교 봇들 6단지 (A18-2BL)","CONSTRUCTION_RENTAL_COMPLEX","1297","","C00021:국민임대:46628:46.98:152","국민임대","46628","46.98","152","46.98","","","","https://www.data.go.kr/data/15050700/fileData.do","2025-09-18"
"lh:seongnam:bb133e6ad25a1ff0","LH","SEONGNAM","분당구","CONSTRUCTION_RENTAL_COMPLEX","NATIONAL_RENTAL","성남판교 봇들 6단지 (A18-2BL)","경기도 성남시 분당구 동판교로 212","경기도 성남시 분당구 동판교로 212|경기도 성남시 분당구 동판교로 212(삼평동,봇들마을6단지아파트)","","37.4018130440183","127.117549909122","1297","","C00021","성남판교 봇들 6단지 (A18-2BL)","CONSTRUCTION_RENTAL_COMPLEX","1297","","C00021:국민임대:46629:46.85:78","국민임대","46629","46.85","78","46.85","","","","https://www.data.go.kr/data/15050700/fileData.do","2025-09-18"
"lh:seongnam:bb133e6ad25a1ff0","LH","SEONGNAM","분당구","CONSTRUCTION_RENTAL_COMPLEX","NATIONAL_RENTAL","성남판교 봇들 6단지 (A18-2BL)","경기도 성남시 분당구 동판교로 212","경기도 성남시 분당구 동판교로 212|경기도 성남시 분당구 동판교로 212(삼평동,봇들마을6단지아파트)","","37.4018130440183","127.117549909122","1297","","C00021","성남판교 봇들 6단지 (A18-2BL)","CONSTRUCTION_RENTAL_COMPLEX","1297","","C00021:국민임대:51571:51.9:156","국민임대","51571","51.9","156","51.9","","","","https://www.data.go.kr/data/15050700/fileData.do","2025-09-18"
"lh:seongnam:bb133e6ad25a1ff0","LH","SEONGNAM","분당구","CONSTRUCTION_RENTAL_COMPLEX","NATIONAL_RENTAL","성남판교 봇들 6단지 (A18-2BL)","경기도 성남시 분당구 동판교로 212","경기도 성남시 분당구 동판교로 212|경기도 성남시 분당구 동판교로 212(삼평동,봇들마을6단지아파트)","","37.4018130440183","127.117549909122","1297","","C00021","성남판교 봇들 6단지 (A18-2BL)","CONSTRUCTION_RENTAL_COMPLEX","1297","","C00021:국민임대:51572:51.96:148","국민임대","51572","51.96","148","51.96","","","","https://www.data.go.kr/data/15050700/fileData.do","2025-09-18"
"lh:seongnam:8c7f644a2ff74790","LH","SEONGNAM","분당구","CONSTRUCTION_RENTAL_COMPLEX","PUBLIC_RENTAL","성남판교 봇들마을3","경기도 성남시 분당구 동판교로 225","경기도 성남시 분당구 동판교로|경기도 성남시 분당구 동판교로 225","","37.4029229660572","127.113820328311","7","2009-05-26","C00934","성남판교 봇들마을3","CONSTRUCTION_RENTAL_COMPLEX","7","2009-05-26","C00934:공공임대(10년):059A21:59.84:2","공공임대(10년)","059A21","59.84","2","59.84","","","","https://www.data.go.kr/data/15050700/fileData.do","2025-09-18"
"lh:seongnam:8c7f644a2ff74790","LH","SEONGNAM","분당구","CONSTRUCTION_RENTAL_COMPLEX","PUBLIC_RENTAL","성남판교 봇들마을3","경기도 성남시 분당구 동판교로 225","경기도 성남시 분당구 동판교로|경기도 성남시 분당구 동판교로 225","","37.4029229660572","127.113820328311","7","2009-05-26","C00934","성남판교 봇들마을3","CONSTRUCTION_RENTAL_COMPLEX","7","2009-05-26","C00934:공공임대(10년):059A22:59.85:3","공공임대(10년)","059A22","59.85","3","59.85","","","","https://www.data.go.kr/data/15050700/fileData.do","2025-09-18"
"lh:seongnam:8c7f644a2ff74790","LH","SEONGNAM","분당구","CONSTRUCTION_RENTAL_COMPLEX","PUBLIC_RENTAL","성남판교 봇들마을3","경기도 성남시 분당구 동판교로 225","경기도 성남시 분당구 동판교로|경기도 성남시 분당구 동판교로 225","","37.4029229660572","127.113820328311","7","2009-05-26","C00934","성남판교 봇들마을3","CONSTRUCTION_RENTAL_COMPLEX","7","2009-05-26","C00934:공공임대(10년):084C71:84.69:1","공공임대(10년)","084C71","84.69","1","84.69","","","","https://www.data.go.kr/data/15050700/fileData.do","2025-09-18"
"lh:seongnam:8c7f644a2ff74790","LH","SEONGNAM","분당구","CONSTRUCTION_RENTAL_COMPLEX","PUBLIC_RENTAL","성남판교 봇들마을3","경기도 성남시 분당구 동판교로 225","경기도 성남시 분당구 동판교로|경기도 성남시 분당구 동판교로 225","","37.4029229660572","127.113820328311","7","2009-05-26","C00934","성남판교 봇들마을3","CONSTRUCTION_RENTAL_COMPLEX","7","2009-05-26","C00934:공공임대(10년):74134:74.45:1","공공임대(10년)","74134","74.45","1","74.45","","","","https://www.data.go.kr/data/15050700/fileData.do","2025-09-18"
"lh:seongnam:8dda59739e5128ea","LH","SEONGNAM","분당구","CONSTRUCTION_RENTAL_COMPLEX","NATIONAL_RENTAL","성남판교 백현 4단지 (A24-1BL)","경기도 성남시 분당구 동판교로 91","경기도 성남시 분당구 동판교로 91|경기도 성남시 분당구 동판교로 91(백현동,백현마을4단지)","","37.3907493766298","127.116023950625","1974","","C00022","성남판교 백현 4단지 (A24-1BL)","CONSTRUCTION_RENTAL_COMPLEX","1974","","C00022:국민임대:39426:39.73:214","국민임대","39426","39.73","214","39.73","","","","https://www.data.go.kr/data/15050700/fileData.do","2025-09-18"
"lh:seongnam:8dda59739e5128ea","LH","SEONGNAM","분당구","CONSTRUCTION_RENTAL_COMPLEX","NATIONAL_RENTAL","성남판교 백현 4단지 (A24-1BL)","경기도 성남시 분당구 동판교로 91","경기도 성남시 분당구 동판교로 91|경기도 성남시 분당구 동판교로 91(백현동,백현마을4단지)","","37.3907493766298","127.116023950625","1974","","C00022","성남판교 백현 4단지 (A24-1BL)","CONSTRUCTION_RENTAL_COMPLEX","1974","","C00022:국민임대:39427:39.73:34","국민임대","39427","39.73","34","39.73","","","","https://www.data.go.kr/data/15050700/fileData.do","2025-09-18"
"lh:seongnam:8dda59739e5128ea","LH","SEONGNAM","분당구","CONSTRUCTION_RENTAL_COMPLEX","NATIONAL_RENTAL","성남판교 백현 4단지 (A24-1BL)","경기도 성남시 분당구 동판교로 91","경기도 성남시 분당구 동판교로 91|경기도 성남시 분당구 동판교로 91(백현동,백현마을4단지)","","37.3907493766298","127.116023950625","1974","","C00022","성남판교 백현 4단지 (A24-1BL)","CONSTRUCTION_RENTAL_COMPLEX","1974","","C00022:국민임대:39428:39.82:471","국민임대","39428","39.82","471","39.82","","","","https://www.data.go.kr/data/15050700/fileData.do","2025-09-18"
"lh:seongnam:8dda59739e5128ea","LH","SEONGNAM","분당구","CONSTRUCTION_RENTAL_COMPLEX","NATIONAL_RENTAL","성남판교 백현 4단지 (A24-1BL)","경기도 성남시 분당구 동판교로 91","경기도 성남시 분당구 동판교로 91|경기도 성남시 분당구 동판교로 91(백현동,백현마을4단지)","","37.3907493766298","127.116023950625","1974","","C00022","성남판교 백현 4단지 (A24-1BL)","CONSTRUCTION_RENTAL_COMPLEX","1974","","C00022:국민임대:46603:46.86:336","국민임대","46603","46.86","336","46.86","","","","https://www.data.go.kr/data/15050700/fileData.do","2025-09-18"
"lh:seongnam:8dda59739e5128ea","LH","SEONGNAM","분당구","CONSTRUCTION_RENTAL_COMPLEX","NATIONAL_RENTAL","성남판교 백현 4단지 (A24-1BL)","경기도 성남시 분당구 동판교로 91","경기도 성남시 분당구 동판교로 91|경기도 성남시 분당구 동판교로 91(백현동,백현마을4단지)","","37.3907493766298","127.116023950625","1974","","C00022","성남판교 백현 4단지 (A24-1BL)","CONSTRUCTION_RENTAL_COMPLEX","1974","","C00022:국민임대:46604:46.86:108","국민임대","46604","46.86","108","46.86","","","","https://www.data.go.kr/data/15050700/fileData.do","2025-09-18"
"lh:seongnam:8dda59739e5128ea","LH","SEONGNAM","분당구","CONSTRUCTION_RENTAL_COMPLEX","NATIONAL_RENTAL","성남판교 백현 4단지 (A24-1BL)","경기도 성남시 분당구 동판교로 91","경기도 성남시 분당구 동판교로 91|경기도 성남시 분당구 동판교로 91(백현동,백현마을4단지)","","37.3907493766298","127.116023950625","1974","","C00022","성남판교 백현 4단지 (A24-1BL)","CONSTRUCTION_RENTAL_COMPLEX","1974","","C00022:국민임대:46605:46.86:72","국민임대","46605","46.86","72","46.86","","","","https://www.data.go.kr/data/15050700/fileData.do","2025-09-18"
"lh:seongnam:8dda59739e5128ea","LH","SEONGNAM","분당구","CONSTRUCTION_RENTAL_COMPLEX","NATIONAL_RENTAL","성남판교 백현 4단지 (A24-1BL)","경기도 성남시 분당구 동판교로 91","경기도 성남시 분당구 동판교로 91|경기도 성남시 분당구 동판교로 91(백현동,백현마을4단지)","","37.3907493766298","127.116023950625","1974","","C00022","성남판교 백현 4단지 (A24-1BL)","CONSTRUCTION_RENTAL_COMPLEX","1974","","C00022:국민임대:46606:46.81:68","국민임대","46606","46.81","68","46.81","","","","https://www.data.go.kr/data/15050700/fileData.do","2025-09-18"
"lh:seongnam:8dda59739e5128ea","LH","SEONGNAM","분당구","CONSTRUCTION_RENTAL_COMPLEX","NATIONAL_RENTAL","성남판교 백현 4단지 (A24-1BL)","경기도 성남시 분당구 동판교로 91","경기도 성남시 분당구 동판교로 91|경기도 성남시 분당구 동판교로 91(백현동,백현마을4단지)","","37.3907493766298","127.116023950625","1974","","C00022","성남판교 백현 4단지 (A24-1BL)","CONSTRUCTION_RENTAL_COMPLEX","1974","","C00022:국민임대:46607:46.51:72","국민임대","46607","46.51","72","46.51","","","","https://www.data.go.kr/data/15050700/fileData.do","2025-09-18"
"lh:seongnam:8dda59739e5128ea","LH","SEONGNAM","분당구","CONSTRUCTION_RENTAL_COMPLEX","NATIONAL_RENTAL","성남판교 백현 4단지 (A24-1BL)","경기도 성남시 분당구 동판교로 91","경기도 성남시 분당구 동판교로 91|경기도 성남시 분당구 동판교로 91(백현동,백현마을4단지)","","37.3907493766298","127.116023950625","1974","","C00022","성남판교 백현 4단지 (A24-1BL)","CONSTRUCTION_RENTAL_COMPLEX","1974","","C00022:국민임대:51549:51.6:491","국민임대","51549","51.6","491","51.6","","","","https://www.data.go.kr/data/15050700/fileData.do","2025-09-18"
"lh:seongnam:8dda59739e5128ea","LH","SEONGNAM","분당구","CONSTRUCTION_RENTAL_COMPLEX","NATIONAL_RENTAL","성남판교 백현 4단지 (A24-1BL)","경기도 성남시 분당구 동판교로 91","경기도 성남시 분당구 동판교로 91|경기도 성남시 분당구 동판교로 91(백현동,백현마을4단지)","","37.3907493766298","127.116023950625","1974","","C00022","성남판교 백현 4단지 (A24-1BL)","CONSTRUCTION_RENTAL_COMPLEX","1974","","C00022:국민임대:51550:51.64:60","국민임대","51550","51.64","60","51.64","","","","https://www.data.go.kr/data/15050700/fileData.do","2025-09-18"
"lh:seongnam:8dda59739e5128ea","LH","SEONGNAM","분당구","CONSTRUCTION_RENTAL_COMPLEX","NATIONAL_RENTAL","성남판교 백현 4단지 (A24-1BL)","경기도 성남시 분당구 동판교로 91","경기도 성남시 분당구 동판교로 91|경기도 성남시 분당구 동판교로 91(백현동,백현마을4단지)","","37.3907493766298","127.116023950625","1974","","C00022","성남판교 백현 4단지 (A24-1BL)","CONSTRUCTION_RENTAL_COMPLEX","1974","","C00022:국민임대:51551:51.84:48","국민임대","51551","51.84","48","51.84","","","","https://www.data.go.kr/data/15050700/fileData.do","2025-09-18"
"lh:seongnam:31c62d30e7260390","LH","SEONGNAM","분당구","CONSTRUCTION_RENTAL_COMPLEX","NATIONAL_RENTAL","성남판교 백현 3단지 (A25-1BL)","경기도 성남시 분당구 동판교로 92","경기도 성남시 분당구 동판교로|경기도 성남시 분당구 동판교로 92","","37.3875542124","127.116256385546","1722","","C00023","성남판교 백현 3단지 (A25-1BL)","CONSTRUCTION_RENTAL_COMPLEX","1722","","C00023:국민임대:39430:39.62:275","국민임대","39430","39.62","275","39.62","","","","https://www.data.go.kr/data/15050700/fileData.do","2025-09-18"
"lh:seongnam:31c62d30e7260390","LH","SEONGNAM","분당구","CONSTRUCTION_RENTAL_COMPLEX","NATIONAL_RENTAL","성남판교 백현 3단지 (A25-1BL)","경기도 성남시 분당구 동판교로 92","경기도 성남시 분당구 동판교로|경기도 성남시 분당구 동판교로 92","","37.3875542124","127.116256385546","1722","","C00023","성남판교 백현 3단지 (A25-1BL)","CONSTRUCTION_RENTAL_COMPLEX","1722","","C00023:국민임대:39431:39.62:126","국민임대","39431","39.62","126","39.62","","","","https://www.data.go.kr/data/15050700/fileData.do","2025-09-18"
"lh:seongnam:31c62d30e7260390","LH","SEONGNAM","분당구","CONSTRUCTION_RENTAL_COMPLEX","NATIONAL_RENTAL","성남판교 백현 3단지 (A25-1BL)","경기도 성남시 분당구 동판교로 92","경기도 성남시 분당구 동판교로|경기도 성남시 분당구 동판교로 92","","37.3875542124","127.116256385546","1722","","C00023","성남판교 백현 3단지 (A25-1BL)","CONSTRUCTION_RENTAL_COMPLEX","1722","","C00023:국민임대:39432:39.62:168","국민임대","39432","39.62","168","39.62","","","","https://www.data.go.kr/data/15050700/fileData.do","2025-09-18"
"lh:seongnam:31c62d30e7260390","LH","SEONGNAM","분당구","CONSTRUCTION_RENTAL_COMPLEX","NATIONAL_RENTAL","성남판교 백현 3단지 (A25-1BL)","경기도 성남시 분당구 동판교로 92","경기도 성남시 분당구 동판교로|경기도 성남시 분당구 동판교로 92","","37.3875542124","127.116256385546","1722","","C00023","성남판교 백현 3단지 (A25-1BL)","CONSTRUCTION_RENTAL_COMPLEX","1722","","C00023:국민임대:39433:39.72:219","국민임대","39433","39.72","219","39.72","","","","https://www.data.go.kr/data/15050700/fileData.do","2025-09-18"
"lh:seongnam:31c62d30e7260390","LH","SEONGNAM","분당구","CONSTRUCTION_RENTAL_COMPLEX","NATIONAL_RENTAL","성남판교 백현 3단지 (A25-1BL)","경기도 성남시 분당구 동판교로 92","경기도 성남시 분당구 동판교로|경기도 성남시 분당구 동판교로 92","","37.3875542124","127.116256385546","1722","","C00023","성남판교 백현 3단지 (A25-1BL)","CONSTRUCTION_RENTAL_COMPLEX","1722","","C00023:국민임대:46608:46.81:144","국민임대","46608","46.81","144","46.81","","","","https://www.data.go.kr/data/15050700/fileData.do","2025-09-18"
"lh:seongnam:31c62d30e7260390","LH","SEONGNAM","분당구","CONSTRUCTION_RENTAL_COMPLEX","NATIONAL_RENTAL","성남판교 백현 3단지 (A25-1BL)","경기도 성남시 분당구 동판교로 92","경기도 성남시 분당구 동판교로|경기도 성남시 분당구 동판교로 92","","37.3875542124","127.116256385546","1722","","C00023","성남판교 백현 3단지 (A25-1BL)","CONSTRUCTION_RENTAL_COMPLEX","1722","","C00023:국민임대:46609:46.81:76","국민임대","46609","46.81","76","46.81","","","","https://www.data.go.kr/data/15050700/fileData.do","2025-09-18"
"lh:seongnam:31c62d30e7260390","LH","SEONGNAM","분당구","CONSTRUCTION_RENTAL_COMPLEX","NATIONAL_RENTAL","성남판교 백현 3단지 (A25-1BL)","경기도 성남시 분당구 동판교로 92","경기도 성남시 분당구 동판교로|경기도 성남시 분당구 동판교로 92","","37.3875542124","127.116256385546","1722","","C00023","성남판교 백현 3단지 (A25-1BL)","CONSTRUCTION_RENTAL_COMPLEX","1722","","C00023:국민임대:46610:46.73:98","국민임대","46610","46.73","98","46.73","","","","https://www.data.go.kr/data/15050700/fileData.do","2025-09-18"
"lh:seongnam:31c62d30e7260390","LH","SEONGNAM","분당구","CONSTRUCTION_RENTAL_COMPLEX","NATIONAL_RENTAL","성남판교 백현 3단지 (A25-1BL)","경기도 성남시 분당구 동판교로 92","경기도 성남시 분당구 동판교로|경기도 성남시 분당구 동판교로 92","","37.3875542124","127.116256385546","1722","","C00023","성남판교 백현 3단지 (A25-1BL)","CONSTRUCTION_RENTAL_COMPLEX","1722","","C00023:국민임대:46611:46.81:76","국민임대","46611","46.81","76","46.81","","","","https://www.data.go.kr/data/15050700/fileData.do","2025-09-18"
"lh:seongnam:31c62d30e7260390","LH","SEONGNAM","분당구","CONSTRUCTION_RENTAL_COMPLEX","NATIONAL_RENTAL","성남판교 백현 3단지 (A25-1BL)","경기도 성남시 분당구 동판교로 92","경기도 성남시 분당구 동판교로|경기도 성남시 분당구 동판교로 92","","37.3875542124","127.116256385546","1722","","C00023","성남판교 백현 3단지 (A25-1BL)","CONSTRUCTION_RENTAL_COMPLEX","1722","","C00023:국민임대:46612:46.95:75","국민임대","46612","46.95","75","46.95","","","","https://www.data.go.kr/data/15050700/fileData.do","2025-09-18"
"lh:seongnam:31c62d30e7260390","LH","SEONGNAM","분당구","CONSTRUCTION_RENTAL_COMPLEX","NATIONAL_RENTAL","성남판교 백현 3단지 (A25-1BL)","경기도 성남시 분당구 동판교로 92","경기도 성남시 분당구 동판교로|경기도 성남시 분당구 동판교로 92","","37.3875542124","127.116256385546","1722","","C00023","성남판교 백현 3단지 (A25-1BL)","CONSTRUCTION_RENTAL_COMPLEX","1722","","C00023:국민임대:46613:46.95:75","국민임대","46613","46.95","75","46.95","","","","https://www.data.go.kr/data/15050700/fileData.do","2025-09-18"
"lh:seongnam:31c62d30e7260390","LH","SEONGNAM","분당구","CONSTRUCTION_RENTAL_COMPLEX","NATIONAL_RENTAL","성남판교 백현 3단지 (A25-1BL)","경기도 성남시 분당구 동판교로 92","경기도 성남시 분당구 동판교로|경기도 성남시 분당구 동판교로 92","","37.3875542124","127.116256385546","1722","","C00023","성남판교 백현 3단지 (A25-1BL)","CONSTRUCTION_RENTAL_COMPLEX","1722","","C00023:국민임대:51552:51.78:232","국민임대","51552","51.78","232","51.78","","","","https://www.data.go.kr/data/15050700/fileData.do","2025-09-18"
"lh:seongnam:31c62d30e7260390","LH","SEONGNAM","분당구","CONSTRUCTION_RENTAL_COMPLEX","NATIONAL_RENTAL","성남판교 백현 3단지 (A25-1BL)","경기도 성남시 분당구 동판교로 92","경기도 성남시 분당구 동판교로|경기도 성남시 분당구 동판교로 92","","37.3875542124","127.116256385546","1722","","C00023","성남판교 백현 3단지 (A25-1BL)","CONSTRUCTION_RENTAL_COMPLEX","1722","","C00023:국민임대:51553:51.78:83","국민임대","51553","51.78","83","51.78","","","","https://www.data.go.kr/data/15050700/fileData.do","2025-09-18"
"lh:seongnam:31c62d30e7260390","LH","SEONGNAM","분당구","CONSTRUCTION_RENTAL_COMPLEX","NATIONAL_RENTAL","성남판교 백현 3단지 (A25-1BL)","경기도 성남시 분당구 동판교로 92","경기도 성남시 분당구 동판교로|경기도 성남시 분당구 동판교로 92","","37.3875542124","127.116256385546","1722","","C00023","성남판교 백현 3단지 (A25-1BL)","CONSTRUCTION_RENTAL_COMPLEX","1722","","C00023:국민임대:51554:51.95:75","국민임대","51554","51.95","75","51.95","","","","https://www.data.go.kr/data/15050700/fileData.do","2025-09-18"
"lh:seongnam:d2db20261e7f2aea","LH","SEONGNAM","분당구","CONSTRUCTION_RENTAL_COMPLEX","PERMANENT_RENTAL","분당청솔6","경기도 성남시 분당구 미금로 246","경기도 성남시 분당구 미금로 246|경기도 성남시 분당구 미금로 246(금곡동,청솔마을주공6단지아파트)","","37.3546240277768","127.109997557106","1250","1994-07-25","C00192","분당청솔6","CONSTRUCTION_RENTAL_COMPLEX","1250","1994-07-25","C00192:영구임대:00014A:31.5:240","영구임대","00014A","31.5","240","31.5","","","","https://www.data.go.kr/data/15050700/fileData.do","2025-09-18"
"lh:seongnam:d2db20261e7f2aea","LH","SEONGNAM","분당구","CONSTRUCTION_RENTAL_COMPLEX","PERMANENT_RENTAL","분당청솔6","경기도 성남시 분당구 미금로 246","경기도 성남시 분당구 미금로 246|경기도 성남시 분당구 미금로 246(금곡동,청솔마을주공6단지아파트)","","37.3546240277768","127.109997557106","1250","1994-07-25","C00192","분당청솔6","CONSTRUCTION_RENTAL_COMPLEX","1250","1994-07-25","C00192:영구임대:00014B:31.5:600","영구임대","00014B","31.5","600","31.5","","","","https://www.data.go.kr/data/15050700/fileData.do","2025-09-18"
"lh:seongnam:d2db20261e7f2aea","LH","SEONGNAM","분당구","CONSTRUCTION_RENTAL_COMPLEX","PERMANENT_RENTAL","분당청솔6","경기도 성남시 분당구 미금로 246","경기도 성남시 분당구 미금로 246|경기도 성남시 분당구 미금로 246(금곡동,청솔마을주공6단지아파트)","","37.3546240277768","127.109997557106","1250","1994-07-25","C00192","분당청솔6","CONSTRUCTION_RENTAL_COMPLEX","1250","1994-07-25","C00192:영구임대:00014C:31.5:320","영구임대","00014C","31.5","320","31.5","","","","https://www.data.go.kr/data/15050700/fileData.do","2025-09-18"
"lh:seongnam:d2db20261e7f2aea","LH","SEONGNAM","분당구","CONSTRUCTION_RENTAL_COMPLEX","PERMANENT_RENTAL","분당청솔6","경기도 성남시 분당구 미금로 246","경기도 성남시 분당구 미금로 246|경기도 성남시 분당구 미금로 246(금곡동,청솔마을주공6단지아파트)","","37.3546240277768","127.109997557106","1250","1994-07-25","C00192","분당청솔6","CONSTRUCTION_RENTAL_COMPLEX","1250","1994-07-25","C00192:영구임대:00014D:31.5:90","영구임대","00014D","31.5","90","31.5","","","","https://www.data.go.kr/data/15050700/fileData.do","2025-09-18"
"lh:seongnam:74c7588c0e54e8a3","LH","SEONGNAM","분당구","CONSTRUCTION_RENTAL_COMPLEX","PUBLIC_RENTAL","분당하얀6단지","경기도 성남시 분당구 미금일로 57","경기도 성남시 분당구 미금일로 57|경기도 성남시 분당구 미금일로 57(구미동,하얀마을주공6단지아파트)","","37.3453073320221","127.113682745879","1489","1996-05-02","C00193","분당하얀6단지","CONSTRUCTION_RENTAL_COMPLEX","1489","1996-05-02","C00193:공공임대(50년):00055A:37.67:447","공공임대(50년)","00055A","37.67","447","37.67","","","","https://www.data.go.kr/data/15050700/fileData.do","2025-09-18"
"lh:seongnam:74c7588c0e54e8a3","LH","SEONGNAM","분당구","CONSTRUCTION_RENTAL_COMPLEX","PUBLIC_RENTAL","분당하얀6단지","경기도 성남시 분당구 미금일로 57","경기도 성남시 분당구 미금일로 57|경기도 성남시 분당구 미금일로 57(구미동,하얀마을주공6단지아파트)","","37.3453073320221","127.113682745879","1489","1996-05-02","C00193","분당하얀6단지","CONSTRUCTION_RENTAL_COMPLEX","1489","1996-05-02","C00193:공공임대(50년):00055B:39.99:228","공공임대(50년)","00055B","39.99","228","39.99","","","","https://www.data.go.kr/data/15050700/fileData.do","2025-09-18"
"lh:seongnam:74c7588c0e54e8a3","LH","SEONGNAM","분당구","CONSTRUCTION_RENTAL_COMPLEX","PUBLIC_RENTAL","분당하얀6단지","경기도 성남시 분당구 미금일로 57","경기도 성남시 분당구 미금일로 57|경기도 성남시 분당구 미금일로 57(구미동,하얀마을주공6단지아파트)","","37.3453073320221","127.113682745879","1489","1996-05-02","C00193","분당하얀6단지","CONSTRUCTION_RENTAL_COMPLEX","1489","1996-05-02","C00193:공공임대(50년):00055C:38.07:336","공공임대(50년)","00055C","38.07","336","38.07","","","","https://www.data.go.kr/data/15050700/fileData.do","2025-09-18"
"lh:seongnam:74c7588c0e54e8a3","LH","SEONGNAM","분당구","CONSTRUCTION_RENTAL_COMPLEX","PUBLIC_RENTAL","분당하얀6단지","경기도 성남시 분당구 미금일로 57","경기도 성남시 분당구 미금일로 57|경기도 성남시 분당구 미금일로 57(구미동,하얀마을주공6단지아파트)","","37.3453073320221","127.113682745879","1489","1996-05-02","C00193","분당하얀6단지","CONSTRUCTION_RENTAL_COMPLEX","1489","1996-05-02","C00193:공공임대(50년):52:37.67:190","공공임대(50년)","52","37.67","190","37.67","","","","https://www.data.go.kr/data/15050700/fileData.do","2025-09-18"
"lh:seongnam:74c7588c0e54e8a3","LH","SEONGNAM","분당구","CONSTRUCTION_RENTAL_COMPLEX","PUBLIC_RENTAL","분당하얀6단지","경기도 성남시 분당구 미금일로 57","경기도 성남시 분당구 미금일로 57|경기도 성남시 분당구 미금일로 57(구미동,하얀마을주공6단지아파트)","","37.3453073320221","127.113682745879","1489","1996-05-02","C00193","분당하얀6단지","CONSTRUCTION_RENTAL_COMPLEX","1489","1996-05-02","C00193:공공임대(50년):54:42.91:60","공공임대(50년)","54","42.91","60","42.91","","","","https://www.data.go.kr/data/15050700/fileData.do","2025-09-18"
"lh:seongnam:74c7588c0e54e8a3","LH","SEONGNAM","분당구","CONSTRUCTION_RENTAL_COMPLEX","PUBLIC_RENTAL","분당하얀6단지","경기도 성남시 분당구 미금일로 57","경기도 성남시 분당구 미금일로 57|경기도 성남시 분당구 미금일로 57(구미동,하얀마을주공6단지아파트)","","37.3453073320221","127.113682745879","1489","1996-05-02","C00193","분당하얀6단지","CONSTRUCTION_RENTAL_COMPLEX","1489","1996-05-02","C00193:공공임대(50년):56:39.01:228","공공임대(50년)","56","39.01","228","39.01","","","","https://www.data.go.kr/data/15050700/fileData.do","2025-09-18"
"lh:seongnam:da0d9a0271772ca3","LH","SEONGNAM","분당구","CONSTRUCTION_RENTAL_COMPLEX","PUBLIC_RENTAL","성남판교 판교원마을12","경기도 성남시 분당구 서판교로 165","경기도 성남시 분당구 서판교로|경기도 성남시 분당구 서판교로 165","","37.3998443178952","127.093404450931","1","2009-05-13","C00939","성남판교 판교원마을12","CONSTRUCTION_RENTAL_COMPLEX","1","2009-05-13","C00939:공공임대(10년):150021:150.61:1","공공임대(10년)","150021","150.61","1","150.61","","","","https://www.data.go.kr/data/15050700/fileData.do","2025-09-18"
"lh:seongnam:c202aaf82a1d0ce9","LH","SEONGNAM","분당구","PURCHASE_RENTAL_BUILDING","PURCHASE_RENTAL","매입다가구(경기성남시)","경기도 성남시 분당구 선지봉로7번길","경기도 성남시 분당구 선지봉로7번길","","37.3656085128036","127.142145109297","12","2000-11-10","9656","매입다가구(경기성남시)","PURCHASE_RENTAL_BUILDING","12","2000-11-10","9656","기존주택매입임대","","568.28","12","568.28","","","","https://www.data.go.kr/data/15050701/fileData.do","2022-01-27"
"lh:seongnam:db0054c98672af63","LH","SEONGNAM","분당구","PURCHASE_RENTAL_BUILDING","PURCHASE_RENTAL","매입다가구(경기성남시)","경기도 성남시 분당구 안골로48번길","경기도 성남시 분당구 안골로48번길","","37.3853701272689","127.136886704818","18","2003-01-30","9657","매입다가구(경기성남시)","PURCHASE_RENTAL_BUILDING","18","2003-01-30","9657","기존주택매입임대","","421.12","18","421.12","","","","https://www.data.go.kr/data/15050701/fileData.do","2022-01-27"
"lh:seongnam:6d2e4e4b606c5645","LH","SEONGNAM","분당구","PURCHASE_RENTAL_BUILDING","PURCHASE_RENTAL","매입다가구(경기성남시)","경기도 성남시 분당구 야탑로161번길","경기도 성남시 분당구 야탑로161번길","","37.4106611773952","127.136869004207","10","1998-03-23","9658","매입다가구(경기성남시)","PURCHASE_RENTAL_BUILDING","10","1998-03-23","9658","기존주택매입임대","","498.44","10","498.44","","","","https://www.data.go.kr/data/15050701/fileData.do","2022-01-27"
"lh:seongnam:05522c9c4bc9c8e5","LH","SEONGNAM","분당구","PURCHASE_RENTAL_BUILDING","PURCHASE_RENTAL","매입다가구(경기성남시)","경기도 성남시 분당구 이매로89번길","경기도 성남시 분당구 이매로89번길","","37.3947906149351","127.133151805687","9","2005-01-10","9659","매입다가구(경기성남시)","PURCHASE_RENTAL_BUILDING","9","2005-01-10","9659","기존주택매입임대","","577.1","9","577.1","","","","https://www.data.go.kr/data/15050701/fileData.do","2022-01-27"
"lh:seongnam:4dc2a36ec1e07dfb","LH","SEONGNAM","분당구","CONSTRUCTION_RENTAL_COMPLEX","NATIONAL_RENTAL","성남판교대장 A-9블록 국민임대주택","경기도 성남시 분당구 판교대장로 71","경기도 성남시 분당구 판교대장로 71|경기도 성남시 분당구 판교대장로 71(대장동)","","37.3652002166877","127.067284600136","221","2022-12-30","C02796","성남판교대장 A-9블록 국민임대주택","CONSTRUCTION_RENTAL_COMPLEX","221","2022-12-30","C02796:국민임대:290544:29.78:36","국민임대","290544","29.78","36","29.78","","","","https://www.data.go.kr/data/15050700/fileData.do","2025-09-18"
"lh:seongnam:4dc2a36ec1e07dfb","LH","SEONGNAM","분당구","CONSTRUCTION_RENTAL_COMPLEX","NATIONAL_RENTAL","성남판교대장 A-9블록 국민임대주택","경기도 성남시 분당구 판교대장로 71","경기도 성남시 분당구 판교대장로 71|경기도 성남시 분당구 판교대장로 71(대장동)","","37.3652002166877","127.067284600136","221","2022-12-30","C02796","성남판교대장 A-9블록 국민임대주택","CONSTRUCTION_RENTAL_COMPLEX","221","2022-12-30","C02796:국민임대:290545:29.78:9","국민임대","290545","29.78","9","29.78","","","","https://www.data.go.kr/data/15050700/fileData.do","2025-09-18"
"lh:seongnam:4dc2a36ec1e07dfb","LH","SEONGNAM","분당구","CONSTRUCTION_RENTAL_COMPLEX","NATIONAL_RENTAL","성남판교대장 A-9블록 국민임대주택","경기도 성남시 분당구 판교대장로 71","경기도 성남시 분당구 판교대장로 71|경기도 성남시 분당구 판교대장로 71(대장동)","","37.3652002166877","127.067284600136","221","2022-12-30","C02796","성남판교대장 A-9블록 국민임대주택","CONSTRUCTION_RENTAL_COMPLEX","221","2022-12-30","C02796:국민임대:290546:29.78:6","국민임대","290546","29.78","6","29.78","","","","https://www.data.go.kr/data/15050700/fileData.do","2025-09-18"
"lh:seongnam:4dc2a36ec1e07dfb","LH","SEONGNAM","분당구","CONSTRUCTION_RENTAL_COMPLEX","NATIONAL_RENTAL","성남판교대장 A-9블록 국민임대주택","경기도 성남시 분당구 판교대장로 71","경기도 성남시 분당구 판교대장로 71|경기도 성남시 분당구 판교대장로 71(대장동)","","37.3652002166877","127.067284600136","221","2022-12-30","C02796","성남판교대장 A-9블록 국민임대주택","CONSTRUCTION_RENTAL_COMPLEX","221","2022-12-30","C02796:국민임대:290732:29.78:13","국민임대","290732","29.78","13","29.78","","","","https://www.data.go.kr/data/15050700/fileData.do","2025-09-18"
"lh:seongnam:4dc2a36ec1e07dfb","LH","SEONGNAM","분당구","CONSTRUCTION_RENTAL_COMPLEX","NATIONAL_RENTAL","성남판교대장 A-9블록 국민임대주택","경기도 성남시 분당구 판교대장로 71","경기도 성남시 분당구 판교대장로 71|경기도 성남시 분당구 판교대장로 71(대장동)","","37.3652002166877","127.067284600136","221","2022-12-30","C02796","성남판교대장 A-9블록 국민임대주택","CONSTRUCTION_RENTAL_COMPLEX","221","2022-12-30","C02796:국민임대:290733:29.78:3","국민임대","290733","29.78","3","29.78","","","","https://www.data.go.kr/data/15050700/fileData.do","2025-09-18"
"lh:seongnam:4dc2a36ec1e07dfb","LH","SEONGNAM","분당구","CONSTRUCTION_RENTAL_COMPLEX","NATIONAL_RENTAL","성남판교대장 A-9블록 국민임대주택","경기도 성남시 분당구 판교대장로 71","경기도 성남시 분당구 판교대장로 71|경기도 성남시 분당구 판교대장로 71(대장동)","","37.3652002166877","127.067284600136","221","2022-12-30","C02796","성남판교대장 A-9블록 국민임대주택","CONSTRUCTION_RENTAL_COMPLEX","221","2022-12-30","C02796:국민임대:290734:29.78:2","국민임대","290734","29.78","2","29.78","","","","https://www.data.go.kr/data/15050700/fileData.do","2025-09-18"
"lh:seongnam:4dc2a36ec1e07dfb","LH","SEONGNAM","분당구","CONSTRUCTION_RENTAL_COMPLEX","NATIONAL_RENTAL","성남판교대장 A-9블록 국민임대주택","경기도 성남시 분당구 판교대장로 71","경기도 성남시 분당구 판교대장로 71|경기도 성남시 분당구 판교대장로 71(대장동)","","37.3652002166877","127.067284600136","221","2022-12-30","C02796","성남판교대장 A-9블록 국민임대주택","CONSTRUCTION_RENTAL_COMPLEX","221","2022-12-30","C02796:국민임대:380017:38.56:38","국민임대","380017","38.56","38","38.56","","","","https://www.data.go.kr/data/15050700/fileData.do","2025-09-18"
"lh:seongnam:4dc2a36ec1e07dfb","LH","SEONGNAM","분당구","CONSTRUCTION_RENTAL_COMPLEX","NATIONAL_RENTAL","성남판교대장 A-9블록 국민임대주택","경기도 성남시 분당구 판교대장로 71","경기도 성남시 분당구 판교대장로 71|경기도 성남시 분당구 판교대장로 71(대장동)","","37.3652002166877","127.067284600136","221","2022-12-30","C02796","성남판교대장 A-9블록 국민임대주택","CONSTRUCTION_RENTAL_COMPLEX","221","2022-12-30","C02796:국민임대:380018:38.56:29","국민임대","380018","38.56","29","38.56","","","","https://www.data.go.kr/data/15050700/fileData.do","2025-09-18"
"lh:seongnam:4dc2a36ec1e07dfb","LH","SEONGNAM","분당구","CONSTRUCTION_RENTAL_COMPLEX","NATIONAL_RENTAL","성남판교대장 A-9블록 국민임대주택","경기도 성남시 분당구 판교대장로 71","경기도 성남시 분당구 판교대장로 71|경기도 성남시 분당구 판교대장로 71(대장동)","","37.3652002166877","127.067284600136","221","2022-12-30","C02796","성남판교대장 A-9블록 국민임대주택","CONSTRUCTION_RENTAL_COMPLEX","221","2022-12-30","C02796:국민임대:460648:46.23:71","국민임대","460648","46.23","71","46.23","","","","https://www.data.go.kr/data/15050700/fileData.do","2025-09-18"
"lh:seongnam:4dc2a36ec1e07dfb","LH","SEONGNAM","분당구","CONSTRUCTION_RENTAL_COMPLEX","NATIONAL_RENTAL","성남판교대장 A-9블록 국민임대주택","경기도 성남시 분당구 판교대장로 71","경기도 성남시 분당구 판교대장로 71|경기도 성남시 분당구 판교대장로 71(대장동)","","37.3652002166877","127.067284600136","221","2022-12-30","C02796","성남판교대장 A-9블록 국민임대주택","CONSTRUCTION_RENTAL_COMPLEX","221","2022-12-30","C02796:국민임대:460649:46.23:14","국민임대","460649","46.23","14","46.23","","","","https://www.data.go.kr/data/15050700/fileData.do","2025-09-18"
"lh:seongnam:bd2330565765f571","LH","SEONGNAM","분당구","CONSTRUCTION_RENTAL_COMPLEX","HAPPY_HOUSING","성남판교대장 A-10블록 신혼희망타운 행복주택","경기도 성남시 분당구 판교대장로5길 70","경기도 성남시 분당구 판교대장로5길 70|경기도 성남시 분당구 판교대장로5길 70(대장동,판교해링턴플레이스)","","37.3679822924603","127.071322491456","374","2023-11-30","C02813","성남판교대장 A-10블록 신혼희망타운 행복주택","CONSTRUCTION_RENTAL_COMPLEX","374","2023-11-30","C02813:행복주택:460639:46.96:168","행복주택","460639","46.96","168","46.96","","","","https://www.data.go.kr/data/15050700/fileData.do","2025-09-18"
"lh:seongnam:bd2330565765f571","LH","SEONGNAM","분당구","CONSTRUCTION_RENTAL_COMPLEX","HAPPY_HOUSING","성남판교대장 A-10블록 신혼희망타운 행복주택","경기도 성남시 분당구 판교대장로5길 70","경기도 성남시 분당구 판교대장로5길 70|경기도 성남시 분당구 판교대장로5길 70(대장동,판교해링턴플레이스)","","37.3679822924603","127.071322491456","374","2023-11-30","C02813","성남판교대장 A-10블록 신혼희망타운 행복주택","CONSTRUCTION_RENTAL_COMPLEX","374","2023-11-30","C02813:행복주택:460640:46.96:30","행복주택","460640","46.96","30","46.96","","","","https://www.data.go.kr/data/15050700/fileData.do","2025-09-18"
"lh:seongnam:bd2330565765f571","LH","SEONGNAM","분당구","CONSTRUCTION_RENTAL_COMPLEX","HAPPY_HOUSING","성남판교대장 A-10블록 신혼희망타운 행복주택","경기도 성남시 분당구 판교대장로5길 70","경기도 성남시 분당구 판교대장로5길 70|경기도 성남시 분당구 판교대장로5길 70(대장동,판교해링턴플레이스)","","37.3679822924603","127.071322491456","374","2023-11-30","C02813","성남판교대장 A-10블록 신혼희망타운 행복주택","CONSTRUCTION_RENTAL_COMPLEX","374","2023-11-30","C02813:행복주택:550568:55.98:100","행복주택","550568","55.98","100","55.98","","","","https://www.data.go.kr/data/15050700/fileData.do","2025-09-18"
"lh:seongnam:bd2330565765f571","LH","SEONGNAM","분당구","CONSTRUCTION_RENTAL_COMPLEX","HAPPY_HOUSING","성남판교대장 A-10블록 신혼희망타운 행복주택","경기도 성남시 분당구 판교대장로5길 70","경기도 성남시 분당구 판교대장로5길 70|경기도 성남시 분당구 판교대장로5길 70(대장동,판교해링턴플레이스)","","37.3679822924603","127.071322491456","374","2023-11-30","C02813","성남판교대장 A-10블록 신혼희망타운 행복주택","CONSTRUCTION_RENTAL_COMPLEX","374","2023-11-30","C02813:행복주택:550569:55.97:76","행복주택","550569","55.97","76","55.97","","","","https://www.data.go.kr/data/15050700/fileData.do","2025-09-18"
"lh:seongnam:7c176da82c8a24c6","LH","SEONGNAM","분당구","CONSTRUCTION_RENTAL_COMPLEX","PERMANENT_RENTAL","분당목련1","경기도 성남시 분당구 판교로 607","경기도 성남시 분당구 판교로 607|경기도 성남시 분당구 판교로 607(야탑동,목련마을)|경기도 성남시 분당구 판교로 607(야탑동,목련마을주공1단지아파트)","","37.4075313706645","127.141182194729","1460","1993-05-17","C00191","분당목련1","CONSTRUCTION_RENTAL_COMPLEX","1240","1993-05-17","C00191:영구임대:39.67:26.37:745","영구임대","39.67","26.37","745","26.37","","","","https://www.data.go.kr/data/15050700/fileData.do","2025-09-18"
"lh:seongnam:7c176da82c8a24c6","LH","SEONGNAM","분당구","CONSTRUCTION_RENTAL_COMPLEX","PERMANENT_RENTAL","분당목련1","경기도 성남시 분당구 판교로 607","경기도 성남시 분당구 판교로 607|경기도 성남시 분당구 판교로 607(야탑동,목련마을)|경기도 성남시 분당구 판교로 607(야탑동,목련마을주공1단지아파트)","","37.4075313706645","127.141182194729","1460","1993-05-17","C00191","분당목련1","CONSTRUCTION_RENTAL_COMPLEX","1240","1993-05-17","C00191:영구임대:46.68:31.32:495","영구임대","46.68","31.32","495","31.32","","","","https://www.data.go.kr/data/15050700/fileData.do","2025-09-18"
"lh:seongnam:7c176da82c8a24c6","LH","SEONGNAM","분당구","CONSTRUCTION_RENTAL_COMPLEX","PERMANENT_RENTAL","분당목련1","경기도 성남시 분당구 판교로 607","경기도 성남시 분당구 판교로 607|경기도 성남시 분당구 판교로 607(야탑동,목련마을)|경기도 성남시 분당구 판교로 607(야탑동,목련마을주공1단지아파트)","","37.4075313706645","127.141182194729","1460","1993-05-17","C02124","분당목련1(주거복지동)","CONSTRUCTION_RENTAL_COMPLEX","220","2016-09-27","C02124:영구임대:260180:26.98:90","영구임대","260180","26.98","90","26.98","","","","https://www.data.go.kr/data/15050700/fileData.do","2025-09-18"
"lh:seongnam:7c176da82c8a24c6","LH","SEONGNAM","분당구","CONSTRUCTION_RENTAL_COMPLEX","PERMANENT_RENTAL","분당목련1","경기도 성남시 분당구 판교로 607","경기도 성남시 분당구 판교로 607|경기도 성남시 분당구 판교로 607(야탑동,목련마을)|경기도 성남시 분당구 판교로 607(야탑동,목련마을주공1단지아파트)","","37.4075313706645","127.141182194729","1460","1993-05-17","C02124","분당목련1(주거복지동)","CONSTRUCTION_RENTAL_COMPLEX","220","2016-09-27","C02124:영구임대:260181:26.84:65","영구임대","260181","26.84","65","26.84","","","","https://www.data.go.kr/data/15050700/fileData.do","2025-09-18"
"lh:seongnam:7c176da82c8a24c6","LH","SEONGNAM","분당구","CONSTRUCTION_RENTAL_COMPLEX","PERMANENT_RENTAL","분당목련1","경기도 성남시 분당구 판교로 607","경기도 성남시 분당구 판교로 607|경기도 성남시 분당구 판교로 607(야탑동,목련마을)|경기도 성남시 분당구 판교로 607(야탑동,목련마을주공1단지아파트)","","37.4075313706645","127.141182194729","1460","1993-05-17","C02124","분당목련1(주거복지동)","CONSTRUCTION_RENTAL_COMPLEX","220","2016-09-27","C02124:영구임대:310011:31.77:65","영구임대","310011","31.77","65","31.77","","","","https://www.data.go.kr/data/15050700/fileData.do","2025-09-18"
"lh:seongnam:a3e23ed7bf8cc916","LH","SEONGNAM","분당구","PURCHASE_RENTAL_BUILDING","PURCHASE_RENTAL","매입다가구(경기성남시)","경기도 성남시 분당구 판교로552번길","경기도 성남시 분당구 판교로552번길","","37.4070816437456","127.136135322001","17","2002-08-02","9660","매입다가구(경기성남시)","PURCHASE_RENTAL_BUILDING","17","2002-08-02","9660","기존주택매입임대","","482.61","17","482.61","","","","https://www.data.go.kr/data/15050701/fileData.do","2022-01-27"
"lh:seongnam:a64c24a4635ce329","LH","SEONGNAM","분당구","CONSTRUCTION_RENTAL_COMPLEX","PUBLIC_RENTAL","성남판교 백현마을8","경기도 성남시 분당구 판교역로 72","경기도 성남시 분당구 판교역로|경기도 성남시 분당구 판교역로 72","","37.3869503477408","127.110523318306","1","2009-09-07","C00933","성남판교 백현마을8","CONSTRUCTION_RENTAL_COMPLEX","1","2009-09-07","C00933:공공임대(10년):101038:101.46:1","공공임대(10년)","101038","101.46","1","101.46","","","","https://www.data.go.kr/data/15050700/fileData.do","2025-09-18"
"lh:seongnam:276e114c759c8d7b","LH","SEONGNAM","분당구","CONSTRUCTION_RENTAL_COMPLEX","PUBLIC_RENTAL","성남판교 산운마을12","경기도 성남시 분당구 판교원로 46","경기도 성남시 분당구 판교원로|경기도 성남시 분당구 판교원로 46","","37.389423244294","127.072665694577","3","2009-06-19","C00937","성남판교 산운마을12","CONSTRUCTION_RENTAL_COMPLEX","3","2009-06-19","C00937:공공임대(10년):059A26:59.84:1","공공임대(10년)","059A26","59.84","1","59.84","","","","https://www.data.go.kr/data/15050700/fileData.do","2025-09-18"
"lh:seongnam:276e114c759c8d7b","LH","SEONGNAM","분당구","CONSTRUCTION_RENTAL_COMPLEX","PUBLIC_RENTAL","성남판교 산운마을12","경기도 성남시 분당구 판교원로 46","경기도 성남시 분당구 판교원로|경기도 성남시 분당구 판교원로 46","","37.389423244294","127.072665694577","3","2009-06-19","C00937","성남판교 산운마을12","CONSTRUCTION_RENTAL_COMPLEX","3","2009-06-19","C00937:공공임대(10년):059A29:59.9:2","공공임대(10년)","059A29","59.9","2","59.9","","","","https://www.data.go.kr/data/15050700/fileData.do","2025-09-18"
"lh:seongnam:5b9e82e104455a8b","LH","SEONGNAM","분당구","CONSTRUCTION_RENTAL_COMPLEX","PUBLIC_RENTAL","성남판교 산운마을13","경기도 성남시 분당구 판교원로82번길","경기도 성남시 분당구 판교원로82번길","","37.3861228302611","127.074351203092","16","2010-05-21","C00938","성남판교 산운마을13","CONSTRUCTION_RENTAL_COMPLEX","16","2010-05-21","C00938:공공임대(10년):101071:101.65:3","공공임대(10년)","101071","101.65","3","101.65","","","","https://www.data.go.kr/data/15050700/fileData.do","2025-09-18"
"lh:seongnam:5b9e82e104455a8b","LH","SEONGNAM","분당구","CONSTRUCTION_RENTAL_COMPLEX","PUBLIC_RENTAL","성남판교 산운마을13","경기도 성남시 분당구 판교원로82번길","경기도 성남시 분당구 판교원로82번길","","37.3861228302611","127.074351203092","16","2010-05-21","C00938","성남판교 산운마을13","CONSTRUCTION_RENTAL_COMPLEX","16","2010-05-21","C00938:공공임대(10년):101072:101.67:5","공공임대(10년)","101072","101.67","5","101.67","","","","https://www.data.go.kr/data/15050700/fileData.do","2025-09-18"
"lh:seongnam:5b9e82e104455a8b","LH","SEONGNAM","분당구","CONSTRUCTION_RENTAL_COMPLEX","PUBLIC_RENTAL","성남판교 산운마을13","경기도 성남시 분당구 판교원로82번길","경기도 성남시 분당구 판교원로82번길","","37.3861228302611","127.074351203092","16","2010-05-21","C00938","성남판교 산운마을13","CONSTRUCTION_RENTAL_COMPLEX","16","2010-05-21","C00938:공공임대(10년):115037:115.11:1","공공임대(10년)","115037","115.11","1","115.11","","","","https://www.data.go.kr/data/15050700/fileData.do","2025-09-18"
"lh:seongnam:5b9e82e104455a8b","LH","SEONGNAM","분당구","CONSTRUCTION_RENTAL_COMPLEX","PUBLIC_RENTAL","성남판교 산운마을13","경기도 성남시 분당구 판교원로82번길","경기도 성남시 분당구 판교원로82번길","","37.3861228302611","127.074351203092","16","2010-05-21","C00938","성남판교 산운마을13","CONSTRUCTION_RENTAL_COMPLEX","16","2010-05-21","C00938:공공임대(10년):115038:115.52:4","공공임대(10년)","115038","115.52","4","115.52","","","","https://www.data.go.kr/data/15050700/fileData.do","2025-09-18"
"lh:seongnam:5b9e82e104455a8b","LH","SEONGNAM","분당구","CONSTRUCTION_RENTAL_COMPLEX","PUBLIC_RENTAL","성남판교 산운마을13","경기도 성남시 분당구 판교원로82번길","경기도 성남시 분당구 판교원로82번길","","37.3861228302611","127.074351203092","16","2010-05-21","C00938","성남판교 산운마을13","CONSTRUCTION_RENTAL_COMPLEX","16","2010-05-21","C00938:공공임대(10년):115039:115.45:2","공공임대(10년)","115039","115.45","2","115.45","","","","https://www.data.go.kr/data/15050700/fileData.do","2025-09-18"
"lh:seongnam:5b9e82e104455a8b","LH","SEONGNAM","분당구","CONSTRUCTION_RENTAL_COMPLEX","PUBLIC_RENTAL","성남판교 산운마을13","경기도 성남시 분당구 판교원로82번길","경기도 성남시 분당구 판교원로82번길","","37.3861228302611","127.074351203092","16","2010-05-21","C00938","성남판교 산운마을13","CONSTRUCTION_RENTAL_COMPLEX","16","2010-05-21","C00938:공공임대(10년):180016:180.55:1","공공임대(10년)","180016","180.55","1","180.55","","","","https://www.data.go.kr/data/15050700/fileData.do","2025-09-18"
"lh:seongnam:afe4a4f11a62c4bd","LH","SEONGNAM","수정구","CONSTRUCTION_RENTAL_COMPLEX","PUBLIC_RENTAL","성남고등 S-3 공공분양+공공임대","경기도 성남시 수정구 고등로 33","경기도 성남시 수정구 고등로 33|경기도 성남시 수정구 고등로 33(고등동)","","37.4303675030403","127.096761854034","105","2021-02-25","C02446","성남고등 S-3 공공분양+공공임대","CONSTRUCTION_RENTAL_COMPLEX","105","2021-02-25","C02446:공공임대(10년):590662:59.72:105","공공임대(10년)","590662","59.72","105","59.72","","","","https://www.data.go.kr/data/15050700/fileData.do","2025-09-18"
"lh:seongnam:c487698d4f481449","LH","SEONGNAM","수정구","CONSTRUCTION_RENTAL_COMPLEX","NATIONAL_RENTAL|HAPPY_HOUSING","성남고등 A-1 행복주택리츠","경기도 성남시 수정구 고등로 57","경기도 성남시 수정구 고등로 57|경기도 성남시 수정구 고등로 57(고등동,고등마을)","","37.4305933476396","127.099523387161","1520","2019-05-09","C02334","성남고등 A-1 행복주택리츠","CONSTRUCTION_RENTAL_COMPLEX","1040","2019-05-09","C02334:행복주택:160250:16.45:336","행복주택","160250","16.45","336","16.45","","","","https://www.data.go.kr/data/15050700/fileData.do","2025-09-18"
"lh:seongnam:c487698d4f481449","LH","SEONGNAM","수정구","CONSTRUCTION_RENTAL_COMPLEX","NATIONAL_RENTAL|HAPPY_HOUSING","성남고등 A-1 행복주택리츠","경기도 성남시 수정구 고등로 57","경기도 성남시 수정구 고등로 57|경기도 성남시 수정구 고등로 57(고등동,고등마을)","","37.4305933476396","127.099523387161","1520","2019-05-09","C02334","성남고등 A-1 행복주택리츠","CONSTRUCTION_RENTAL_COMPLEX","1040","2019-05-09","C02334:행복주택:260398:26.52:180","행복주택","260398","26.52","180","26.52","","","","https://www.data.go.kr/data/15050700/fileData.do","2025-09-18"
"lh:seongnam:c487698d4f481449","LH","SEONGNAM","수정구","CONSTRUCTION_RENTAL_COMPLEX","NATIONAL_RENTAL|HAPPY_HOUSING","성남고등 A-1 행복주택리츠","경기도 성남시 수정구 고등로 57","경기도 성남시 수정구 고등로 57|경기도 성남시 수정구 고등로 57(고등동,고등마을)","","37.4305933476396","127.099523387161","1520","2019-05-09","C02334","성남고등 A-1 행복주택리츠","CONSTRUCTION_RENTAL_COMPLEX","1040","2019-05-09","C02334:행복주택:360304:36.37:524","행복주택","360304","36.37","524","36.37","","","","https://www.data.go.kr/data/15050700/fileData.do","2025-09-18"
"lh:seongnam:c487698d4f481449","LH","SEONGNAM","수정구","CONSTRUCTION_RENTAL_COMPLEX","NATIONAL_RENTAL|HAPPY_HOUSING","성남고등 A-1 행복주택리츠","경기도 성남시 수정구 고등로 57","경기도 성남시 수정구 고등로 57|경기도 성남시 수정구 고등로 57(고등동,고등마을)","","37.4305933476396","127.099523387161","1520","2019-05-09","C02375","성남고등 A-1 국민임대주택리츠","CONSTRUCTION_RENTAL_COMPLEX","480","2019-05-09","C02375:국민임대:260398:26.52:158","국민임대","260398","26.52","158","26.52","","","","https://www.data.go.kr/data/15050700/fileData.do","2025-09-18"
"lh:seongnam:c487698d4f481449","LH","SEONGNAM","수정구","CONSTRUCTION_RENTAL_COMPLEX","NATIONAL_RENTAL|HAPPY_HOUSING","성남고등 A-1 행복주택리츠","경기도 성남시 수정구 고등로 57","경기도 성남시 수정구 고등로 57|경기도 성남시 수정구 고등로 57(고등동,고등마을)","","37.4305933476396","127.099523387161","1520","2019-05-09","C02375","성남고등 A-1 국민임대주택리츠","CONSTRUCTION_RENTAL_COMPLEX","480","2019-05-09","C02375:국민임대:260399:26.52:128","국민임대","260399","26.52","128","26.52","","","","https://www.data.go.kr/data/15050700/fileData.do","2025-09-18"
"lh:seongnam:c487698d4f481449","LH","SEONGNAM","수정구","CONSTRUCTION_RENTAL_COMPLEX","NATIONAL_RENTAL|HAPPY_HOUSING","성남고등 A-1 행복주택리츠","경기도 성남시 수정구 고등로 57","경기도 성남시 수정구 고등로 57|경기도 성남시 수정구 고등로 57(고등동,고등마을)","","37.4305933476396","127.099523387161","1520","2019-05-09","C02375","성남고등 A-1 국민임대주택리츠","CONSTRUCTION_RENTAL_COMPLEX","480","2019-05-09","C02375:국민임대:440043:44.15:194","국민임대","440043","44.15","194","44.15","","","","https://www.data.go.kr/data/15050700/fileData.do","2025-09-18"
"lh:seongnam:559bdf3b318f3ad5","LH","SEONGNAM","수정구","PURCHASE_RENTAL_BUILDING","PURCHASE_RENTAL","매입다가구(경기성남시)","경기도 성남시 수정구 공원로339번길 33","경기도 성남시 수정구 공원로339번길 33|경기도 성남시 수정구 공원로339번길 33(신흥동)","","37.4419021852482","127.147243537755","14","2018-07-27","9661","매입다가구(경기성남시)","PURCHASE_RENTAL_BUILDING","14","2018-07-27","9661","기존주택매입임대","","523.59","14","523.59","","","","https://www.data.go.kr/data/15050701/fileData.do","2022-01-27"
"lh:seongnam:05d834a67cbf0fe0","LH","SEONGNAM","수정구","PURCHASE_RENTAL_BUILDING","PURCHASE_RENTAL","매입다가구(경기성남시)","경기도 성남시 수정구 남문로74번길","경기도 성남시 수정구 남문로74번길","","37.4454072739039","127.135365992911","18","1995-08-02","9662","매입다가구(경기성남시)","PURCHASE_RENTAL_BUILDING","5","1995-08-02","9662","기존주택매입임대","","1023.9992","5","1023.9992","","","","https://www.data.go.kr/data/15050701/fileData.do","2022-01-27"
"lh:seongnam:05d834a67cbf0fe0","LH","SEONGNAM","수정구","PURCHASE_RENTAL_BUILDING","PURCHASE_RENTAL","매입다가구(경기성남시)","경기도 성남시 수정구 남문로74번길","경기도 성남시 수정구 남문로74번길","","37.4454072739039","127.135365992911","18","1995-08-02","9663","매입다가구(경기성남시)","PURCHASE_RENTAL_BUILDING","13","1997-08-07","9663","기존주택매입임대","","229.688","13","229.688","","","","https://www.data.go.kr/data/15050701/fileData.do","2022-01-27"
"lh:seongnam:00e79454d3018aa8","LH","SEONGNAM","수정구","PURCHASE_RENTAL_BUILDING","PURCHASE_RENTAL","매입다가구(경기성남시)","경기도 성남시 수정구 남문로82번길","경기도 성남시 수정구 남문로82번길","","37.4456745142105","127.136228949287","9","1997-09-23","9664","매입다가구(경기성남시)","PURCHASE_RENTAL_BUILDING","9","1997-09-23","9664","기존주택매입임대","","481.1","9","481.1","","","","https://www.data.go.kr/data/15050701/fileData.do","2022-01-27"
"lh:seongnam:0bdbe4160d4f104b","LH","SEONGNAM","수정구","PURCHASE_RENTAL_BUILDING","PURCHASE_RENTAL","매입다가구(경기성남시)","경기도 성남시 수정구 남문로86번길","경기도 성남시 수정구 남문로86번길","","37.445798734841","127.136644478564","16","1994-12-20","9665","매입다가구(경기성남시)","PURCHASE_RENTAL_BUILDING","7","2000-03-06","9665","기존주택매입임대","","427.85","7","427.85","","","","https://www.data.go.kr/data/15050701/fileData.do","2022-01-27"
"lh:seongnam:0bdbe4160d4f104b","LH","SEONGNAM","수정구","PURCHASE_RENTAL_BUILDING","PURCHASE_RENTAL","매입다가구(경기성남시)","경기도 성남시 수정구 남문로86번길","경기도 성남시 수정구 남문로86번길","","37.445798734841","127.136644478564","16","1994-12-20","9666","매입다가구(경기성남시)","PURCHASE_RENTAL_BUILDING","9","1994-12-20","9666","기존주택매입임대","","339.4","9","339.4","","","","https://www.data.go.kr/data/15050701/fileData.do","2022-01-27"
"lh:seongnam:a1418c4a39bf0b58","LH","SEONGNAM","수정구","PURCHASE_RENTAL_BUILDING","PURCHASE_RENTAL","매입다가구(경기성남시)","경기도 성남시 수정구 남문로90번길 9","경기도 성남시 수정구 남문로90번길 9|경기도 성남시 수정구 남문로90번길 9(태평동)","","37.4460473915157","127.137131205413","5","2017-11-21","9667","매입다가구(경기성남시)","PURCHASE_RENTAL_BUILDING","5","2017-11-21","9667","기존주택매입임대","","308.34","5","308.34","","","","https://www.data.go.kr/data/15050701/fileData.do","2022-01-27"
"lh:seongnam:13b9babad7175c87","LH","SEONGNAM","수정구","PURCHASE_RENTAL_BUILDING","PURCHASE_RENTAL","매입다가구(경기성남시)","경기도 성남시 수정구 남문로94번길","경기도 성남시 수정구 남문로94번길","","37.4460467101556","127.137485033079","8","1998-02-02","9668","매입다가구(경기성남시)","PURCHASE_RENTAL_BUILDING","8","1998-02-02","9668","기존주택매입임대","","294.29","8","294.29","","","","https://www.data.go.kr/data/15050701/fileData.do","2022-01-27"
"lh:seongnam:9a4ea3dd2268214d","LH","SEONGNAM","수정구","PURCHASE_RENTAL_BUILDING","PURCHASE_RENTAL","매입다가구(경기성남시)","경기도 성남시 수정구 논골로24번길","경기도 성남시 수정구 논골로24번길","","37.4580144894271","127.161828496306","7","1993-12-15","9669","매입다가구(경기성남시)","PURCHASE_RENTAL_BUILDING","7","1993-12-15","9669","기존주택매입임대","","388.65","7","388.65","","","","https://www.data.go.kr/data/15050701/fileData.do","2022-01-27"
"lh:seongnam:5c2a882668ba7611","LH","SEONGNAM","수정구","PURCHASE_RENTAL_BUILDING","PURCHASE_RENTAL","매입다가구(경기성남시)","경기도 성남시 수정구 논골로94번길 2","경기도 성남시 수정구 논골로94번길 2|경기도 성남시 수정구 논골로94번길 2(단대동)","","37.4620373701516","127.158134340499","16","2017-07-03","9670","매입다가구(경기성남시)","PURCHASE_RENTAL_BUILDING","8","2017-07-03","9670","기존주택매입임대","","296.04","8","296.04","","","","https://www.data.go.kr/data/15050701/fileData.do","2022-01-27"
"lh:seongnam:5c2a882668ba7611","LH","SEONGNAM","수정구","PURCHASE_RENTAL_BUILDING","PURCHASE_RENTAL","매입다가구(경기성남시)","경기도 성남시 수정구 논골로94번길 2","경기도 성남시 수정구 논골로94번길 2|경기도 성남시 수정구 논골로94번길 2(단대동)","","37.4620373701516","127.158134340499","16","2017-07-03","9671","매입다가구(경기성남시)","PURCHASE_RENTAL_BUILDING","8","2017-07-03","9671","기존주택매입임대","","486.11","8","486.11","","","","https://www.data.go.kr/data/15050701/fileData.do","2022-01-27"
"lh:seongnam:638f28ab0251fbf0","LH","SEONGNAM","수정구","PURCHASE_RENTAL_BUILDING","PURCHASE_RENTAL","매입다가구(경기성남시)","경기도 성남시 수정구 복정로42번길","경기도 성남시 수정구 복정로42번길","","37.4568543207349","127.127972777451","11","2001-07-13","9672","매입다가구(경기성남시)","PURCHASE_RENTAL_BUILDING","11","2001-07-13","9672","기존주택매입임대","","486.11","11","486.11","","","","https://www.data.go.kr/data/15050701/fileData.do","2022-01-27"
"lh:seongnam:6dc160b78c8205e4","LH","SEONGNAM","수정구","CONSTRUCTION_RENTAL_COMPLEX","HAPPY_HOUSING","성남단대","경기도 성남시 수정구 산성대로405번길 9-9","경기도 성남시 수정구 산성대로405번길 9-9|경기도 성남시 수정구 산성대로405번길 9-9(단대동)","","37.4481667403908","127.157120357958","16","2017-11-01","C02179","성남단대","CONSTRUCTION_RENTAL_COMPLEX","16","2017-11-01","C02179:행복주택:160103:16.96:8","행복주택","160103","16.96","8","16.96","","","","https://www.data.go.kr/data/15050700/fileData.do","2025-09-18"
"lh:seongnam:6dc160b78c8205e4","LH","SEONGNAM","수정구","CONSTRUCTION_RENTAL_COMPLEX","HAPPY_HOUSING","성남단대","경기도 성남시 수정구 산성대로405번길 9-9","경기도 성남시 수정구 산성대로405번길 9-9|경기도 성남시 수정구 산성대로405번길 9-9(단대동)","","37.4481667403908","127.157120357958","16","2017-11-01","C02179","성남단대","CONSTRUCTION_RENTAL_COMPLEX","16","2017-11-01","C02179:행복주택:260177:26.91:4","행복주택","260177","26.91","4","26.91","","","","https://www.data.go.kr/data/15050700/fileData.do","2025-09-18"
"lh:seongnam:6dc160b78c8205e4","LH","SEONGNAM","수정구","CONSTRUCTION_RENTAL_COMPLEX","HAPPY_HOUSING","성남단대","경기도 성남시 수정구 산성대로405번길 9-9","경기도 성남시 수정구 산성대로405번길 9-9|경기도 성남시 수정구 산성대로405번길 9-9(단대동)","","37.4481667403908","127.157120357958","16","2017-11-01","C02179","성남단대","CONSTRUCTION_RENTAL_COMPLEX","16","2017-11-01","C02179:행복주택:260178:26.96:2","행복주택","260178","26.96","2","26.96","","","","https://www.data.go.kr/data/15050700/fileData.do","2025-09-18"
"lh:seongnam:6dc160b78c8205e4","LH","SEONGNAM","수정구","CONSTRUCTION_RENTAL_COMPLEX","HAPPY_HOUSING","성남단대","경기도 성남시 수정구 산성대로405번길 9-9","경기도 성남시 수정구 산성대로405번길 9-9|경기도 성남시 수정구 산성대로405번길 9-9(단대동)","","37.4481667403908","127.157120357958","16","2017-11-01","C02179","성남단대","CONSTRUCTION_RENTAL_COMPLEX","16","2017-11-01","C02179:행복주택:260414:26.96:2","행복주택","260414","26.96","2","26.96","","","","https://www.data.go.kr/data/15050700/fileData.do","2025-09-18"
"lh:seongnam:c299039c80e86d36","LH","SEONGNAM","수정구","CONSTRUCTION_RENTAL_COMPLEX","NATIONAL_RENTAL","성남단대(B1 BL) 2단지","경기도 성남시 수정구 산성대로437번길 8","경기도 성남시 수정구 산성대로437번길 8|경기도 성남시 수정구 산성대로437번길 8(단대동,성남단대동 휴먼시아)","","37.4514823719345","127.158541580378","213","2012-09-07","D00224","성남단대(B1 BL) 2단지","CONSTRUCTION_RENTAL_COMPLEX","213","2012-09-07","D00224:국민임대:39743:39.78:102","국민임대","39743","39.78","102","39.78","","","","https://www.data.go.kr/data/15050700/fileData.do","2025-09-18"
"lh:seongnam:c299039c80e86d36","LH","SEONGNAM","수정구","CONSTRUCTION_RENTAL_COMPLEX","NATIONAL_RENTAL","성남단대(B1 BL) 2단지","경기도 성남시 수정구 산성대로437번길 8","경기도 성남시 수정구 산성대로437번길 8|경기도 성남시 수정구 산성대로437번길 8(단대동,성남단대동 휴먼시아)","","37.4514823719345","127.158541580378","213","2012-09-07","D00224","성남단대(B1 BL) 2단지","CONSTRUCTION_RENTAL_COMPLEX","213","2012-09-07","D00224:국민임대:39744:39.78:25","국민임대","39744","39.78","25","39.78","","","","https://www.data.go.kr/data/15050700/fileData.do","2025-09-18"
"lh:seongnam:c299039c80e86d36","LH","SEONGNAM","수정구","CONSTRUCTION_RENTAL_COMPLEX","NATIONAL_RENTAL","성남단대(B1 BL) 2단지","경기도 성남시 수정구 산성대로437번길 8","경기도 성남시 수정구 산성대로437번길 8|경기도 성남시 수정구 산성대로437번길 8(단대동,성남단대동 휴먼시아)","","37.4514823719345","127.158541580378","213","2012-09-07","D00224","성남단대(B1 BL) 2단지","CONSTRUCTION_RENTAL_COMPLEX","213","2012-09-07","D00224:국민임대:5.90E+44:59.97:23","국민임대","5.90E+44","59.97","23","59.97","","","","https://www.data.go.kr/data/15050700/fileData.do","2025-09-18"
"lh:seongnam:c299039c80e86d36","LH","SEONGNAM","수정구","CONSTRUCTION_RENTAL_COMPLEX","NATIONAL_RENTAL","성남단대(B1 BL) 2단지","경기도 성남시 수정구 산성대로437번길 8","경기도 성남시 수정구 산성대로437번길 8|경기도 성남시 수정구 산성대로437번길 8(단대동,성남단대동 휴먼시아)","","37.4514823719345","127.158541580378","213","2012-09-07","D00224","성남단대(B1 BL) 2단지","CONSTRUCTION_RENTAL_COMPLEX","213","2012-09-07","D00224:국민임대:5.90E+45:59.72:29","국민임대","5.90E+45","59.72","29","59.72","","","","https://www.data.go.kr/data/15050700/fileData.do","2025-09-18"
"lh:seongnam:c299039c80e86d36","LH","SEONGNAM","수정구","CONSTRUCTION_RENTAL_COMPLEX","NATIONAL_RENTAL","성남단대(B1 BL) 2단지","경기도 성남시 수정구 산성대로437번길 8","경기도 성남시 수정구 산성대로437번길 8|경기도 성남시 수정구 산성대로437번길 8(단대동,성남단대동 휴먼시아)","","37.4514823719345","127.158541580378","213","2012-09-07","D00224","성남단대(B1 BL) 2단지","CONSTRUCTION_RENTAL_COMPLEX","213","2012-09-07","D00224:국민임대:5.90E+46:59.85:34","국민임대","5.90E+46","59.85","34","59.85","","","","https://www.data.go.kr/data/15050700/fileData.do","2025-09-18"
"lh:seongnam:097f5de63b0d207f","LH","SEONGNAM","수정구","PURCHASE_RENTAL_BUILDING","PURCHASE_RENTAL","매입다가구(경기성남시)","경기도 성남시 수정구 수정남로144번길 10","경기도 성남시 수정구 수정남로144번길 10|경기도 성남시 수정구 수정남로144번길 10(신흥동)","","37.4426991019323","127.143532491203","13","2018-10-18","9673","매입다가구(경기성남시)","PURCHASE_RENTAL_BUILDING","13","2018-10-18","9673","기존주택매입임대","","535.96","13","535.96","","","","https://www.data.go.kr/data/15050701/fileData.do","2022-01-27"
"lh:seongnam:2f0b2b8ee9be1202","LH","SEONGNAM","수정구","PURCHASE_RENTAL_BUILDING","PURCHASE_RENTAL","매입다가구(경기성남시)","경기도 성남시 수정구 수정로 265","경기도 성남시 수정구 수정로 265|경기도 성남시 수정구 수정로 265(신흥동)","","37.448727590731","127.14509318086","5","2017-10-10","9674","매입다가구(경기성남시)","PURCHASE_RENTAL_BUILDING","5","2017-10-10","9674","기존주택매입임대","","942.82","5","942.82","","","","https://www.data.go.kr/data/15050701/fileData.do","2022-01-27"
"lh:seongnam:ccfd56bbcc76eeba","LH","SEONGNAM","수정구","PURCHASE_RENTAL_BUILDING","PURCHASE_RENTAL","매입다가구(경기성남시)","경기도 성남시 수정구 양지로39번길","경기도 성남시 수정구 양지로39번길","","37.4583945433789","127.162676338257","4","2003-08-13","9675","매입다가구(경기성남시)","PURCHASE_RENTAL_BUILDING","4","2003-08-13","9675","기존주택매입임대","","354.1901","4","354.1901","","","","https://www.data.go.kr/data/15050701/fileData.do","2022-01-27"
"lh:seongnam:3d1b7f9626c334bd","LH","SEONGNAM","수정구","CONSTRUCTION_RENTAL_COMPLEX","NATIONAL_RENTAL|PERMANENT_RENTAL","위례35단지","경기도 성남시 수정구 위례광장로 311","경기도 성남시 수정구 위례광장로 311|경기도 성남시 수정구 위례광장로 311(창곡동,위례35단지)","","37.4712060079804","127.143706472032","2568","2016-06-30","C02058","위례35단지","CONSTRUCTION_RENTAL_COMPLEX","2568","2016-06-30","C02058:국민임대:036F38:36.96:375","국민임대","036F38","36.96","375","36.96","","","","https://www.data.go.kr/data/15050700/fileData.do","2025-09-18"
"lh:seongnam:3d1b7f9626c334bd","LH","SEONGNAM","수정구","CONSTRUCTION_RENTAL_COMPLEX","NATIONAL_RENTAL|PERMANENT_RENTAL","위례35단지","경기도 성남시 수정구 위례광장로 311","경기도 성남시 수정구 위례광장로 311|경기도 성남시 수정구 위례광장로 311(창곡동,위례35단지)","","37.4712060079804","127.143706472032","2568","2016-06-30","C02058","위례35단지","CONSTRUCTION_RENTAL_COMPLEX","2568","2016-06-30","C02058:국민임대:036F39:36.96:144","국민임대","036F39","36.96","144","36.96","","","","https://www.data.go.kr/data/15050700/fileData.do","2025-09-18"
"lh:seongnam:3d1b7f9626c334bd","LH","SEONGNAM","수정구","CONSTRUCTION_RENTAL_COMPLEX","NATIONAL_RENTAL|PERMANENT_RENTAL","위례35단지","경기도 성남시 수정구 위례광장로 311","경기도 성남시 수정구 위례광장로 311|경기도 성남시 수정구 위례광장로 311(창곡동,위례35단지)","","37.4712060079804","127.143706472032","2568","2016-06-30","C02058","위례35단지","CONSTRUCTION_RENTAL_COMPLEX","2568","2016-06-30","C02058:국민임대:036F40:36.96:45","국민임대","036F40","36.96","45","36.96","","","","https://www.data.go.kr/data/15050700/fileData.do","2025-09-18"
"lh:seongnam:3d1b7f9626c334bd","LH","SEONGNAM","수정구","CONSTRUCTION_RENTAL_COMPLEX","NATIONAL_RENTAL|PERMANENT_RENTAL","위례35단지","경기도 성남시 수정구 위례광장로 311","경기도 성남시 수정구 위례광장로 311|경기도 성남시 수정구 위례광장로 311(창곡동,위례35단지)","","37.4712060079804","127.143706472032","2568","2016-06-30","C02058","위례35단지","CONSTRUCTION_RENTAL_COMPLEX","2568","2016-06-30","C02058:국민임대:046J83:46.49:58","국민임대","046J83","46.49","58","46.49","","","","https://www.data.go.kr/data/15050700/fileData.do","2025-09-18"
"lh:seongnam:3d1b7f9626c334bd","LH","SEONGNAM","수정구","CONSTRUCTION_RENTAL_COMPLEX","NATIONAL_RENTAL|PERMANENT_RENTAL","위례35단지","경기도 성남시 수정구 위례광장로 311","경기도 성남시 수정구 위례광장로 311|경기도 성남시 수정구 위례광장로 311(창곡동,위례35단지)","","37.4712060079804","127.143706472032","2568","2016-06-30","C02058","위례35단지","CONSTRUCTION_RENTAL_COMPLEX","2568","2016-06-30","C02058:국민임대:046J84:46.49:141","국민임대","046J84","46.49","141","46.49","","","","https://www.data.go.kr/data/15050700/fileData.do","2025-09-18"
"lh:seongnam:3d1b7f9626c334bd","LH","SEONGNAM","수정구","CONSTRUCTION_RENTAL_COMPLEX","NATIONAL_RENTAL|PERMANENT_RENTAL","위례35단지","경기도 성남시 수정구 위례광장로 311","경기도 성남시 수정구 위례광장로 311|경기도 성남시 수정구 위례광장로 311(창곡동,위례35단지)","","37.4712060079804","127.143706472032","2568","2016-06-30","C02058","위례35단지","CONSTRUCTION_RENTAL_COMPLEX","2568","2016-06-30","C02058:국민임대:046J85:46.77:515","국민임대","046J85","46.77","515","46.77","","","","https://www.data.go.kr/data/15050700/fileData.do","2025-09-18"
"lh:seongnam:3d1b7f9626c334bd","LH","SEONGNAM","수정구","CONSTRUCTION_RENTAL_COMPLEX","NATIONAL_RENTAL|PERMANENT_RENTAL","위례35단지","경기도 성남시 수정구 위례광장로 311","경기도 성남시 수정구 위례광장로 311|경기도 성남시 수정구 위례광장로 311(창곡동,위례35단지)","","37.4712060079804","127.143706472032","2568","2016-06-30","C02058","위례35단지","CONSTRUCTION_RENTAL_COMPLEX","2568","2016-06-30","C02058:국민임대:26353:26.85:150","국민임대","26353","26.85","150","26.85","","","","https://www.data.go.kr/data/15050700/fileData.do","2025-09-18"
"lh:seongnam:3d1b7f9626c334bd","LH","SEONGNAM","수정구","CONSTRUCTION_RENTAL_COMPLEX","NATIONAL_RENTAL|PERMANENT_RENTAL","위례35단지","경기도 성남시 수정구 위례광장로 311","경기도 성남시 수정구 위례광장로 311|경기도 성남시 수정구 위례광장로 311(창곡동,위례35단지)","","37.4712060079804","127.143706472032","2568","2016-06-30","C02058","위례35단지","CONSTRUCTION_RENTAL_COMPLEX","2568","2016-06-30","C02058:국민임대:26354:26.85:88","국민임대","26354","26.85","88","26.85","","","","https://www.data.go.kr/data/15050700/fileData.do","2025-09-18"
"lh:seongnam:3d1b7f9626c334bd","LH","SEONGNAM","수정구","CONSTRUCTION_RENTAL_COMPLEX","NATIONAL_RENTAL|PERMANENT_RENTAL","위례35단지","경기도 성남시 수정구 위례광장로 311","경기도 성남시 수정구 위례광장로 311|경기도 성남시 수정구 위례광장로 311(창곡동,위례35단지)","","37.4712060079804","127.143706472032","2568","2016-06-30","C02058","위례35단지","CONSTRUCTION_RENTAL_COMPLEX","2568","2016-06-30","C02058:국민임대:29316:29.92:90","국민임대","29316","29.92","90","29.92","","","","https://www.data.go.kr/data/15050700/fileData.do","2025-09-18"
"lh:seongnam:3d1b7f9626c334bd","LH","SEONGNAM","수정구","CONSTRUCTION_RENTAL_COMPLEX","NATIONAL_RENTAL|PERMANENT_RENTAL","위례35단지","경기도 성남시 수정구 위례광장로 311","경기도 성남시 수정구 위례광장로 311|경기도 성남시 수정구 위례광장로 311(창곡동,위례35단지)","","37.4712060079804","127.143706472032","2568","2016-06-30","C02058","위례35단지","CONSTRUCTION_RENTAL_COMPLEX","2568","2016-06-30","C02058:국민임대:29317:29.92:72","국민임대","29317","29.92","72","29.92","","","","https://www.data.go.kr/data/15050700/fileData.do","2025-09-18"
"lh:seongnam:3d1b7f9626c334bd","LH","SEONGNAM","수정구","CONSTRUCTION_RENTAL_COMPLEX","NATIONAL_RENTAL|PERMANENT_RENTAL","위례35단지","경기도 성남시 수정구 위례광장로 311","경기도 성남시 수정구 위례광장로 311|경기도 성남시 수정구 위례광장로 311(창곡동,위례35단지)","","37.4712060079804","127.143706472032","2568","2016-06-30","C02058","위례35단지","CONSTRUCTION_RENTAL_COMPLEX","2568","2016-06-30","C02058:국민임대:29318:29.92:340","국민임대","29318","29.92","340","29.92","","","","https://www.data.go.kr/data/15050700/fileData.do","2025-09-18"
"lh:seongnam:3d1b7f9626c334bd","LH","SEONGNAM","수정구","CONSTRUCTION_RENTAL_COMPLEX","NATIONAL_RENTAL|PERMANENT_RENTAL","위례35단지","경기도 성남시 수정구 위례광장로 311","경기도 성남시 수정구 위례광장로 311|경기도 성남시 수정구 위례광장로 311(창곡동,위례35단지)","","37.4712060079804","127.143706472032","2568","2016-06-30","C02058","위례35단지","CONSTRUCTION_RENTAL_COMPLEX","2568","2016-06-30","C02058:영구임대:21059:21.95:86","영구임대","21059","21.95","86","21.95","","","","https://www.data.go.kr/data/15050700/fileData.do","2025-09-18"
"lh:seongnam:3d1b7f9626c334bd","LH","SEONGNAM","수정구","CONSTRUCTION_RENTAL_COMPLEX","NATIONAL_RENTAL|PERMANENT_RENTAL","위례35단지","경기도 성남시 수정구 위례광장로 311","경기도 성남시 수정구 위례광장로 311|경기도 성남시 수정구 위례광장로 311(창곡동,위례35단지)","","37.4712060079804","127.143706472032","2568","2016-06-30","C02058","위례35단지","CONSTRUCTION_RENTAL_COMPLEX","2568","2016-06-30","C02058:영구임대:26351:26.85:300","영구임대","26351","26.85","300","26.85","","","","https://www.data.go.kr/data/15050700/fileData.do","2025-09-18"
"lh:seongnam:3d1b7f9626c334bd","LH","SEONGNAM","수정구","CONSTRUCTION_RENTAL_COMPLEX","NATIONAL_RENTAL|PERMANENT_RENTAL","위례35단지","경기도 성남시 수정구 위례광장로 311","경기도 성남시 수정구 위례광장로 311|경기도 성남시 수정구 위례광장로 311(창곡동,위례35단지)","","37.4712060079804","127.143706472032","2568","2016-06-30","C02058","위례35단지","CONSTRUCTION_RENTAL_COMPLEX","2568","2016-06-30","C02058:영구임대:26352:26.85:164","영구임대","26352","26.85","164","26.85","","","","https://www.data.go.kr/data/15050700/fileData.do","2025-09-18"
"lh:seongnam:a1e10e61b31e9978","LH","SEONGNAM","수정구","CONSTRUCTION_RENTAL_COMPLEX","NATIONAL_RENTAL","위례31","경기도 성남시 수정구 위례순환로 17","경기도 성남시 수정구 위례순환로 17|경기도 성남시 수정구 위례순환로 17(창곡동)","","37.4722008252104","127.133319298632","2334","2017-07-31","C02152","위례31","CONSTRUCTION_RENTAL_COMPLEX","2334","2017-07-31","C02152:국민임대:260193:26.73:726","국민임대","260193","26.73","726","26.73","","","","https://www.data.go.kr/data/15050700/fileData.do","2025-09-18"
"lh:seongnam:a1e10e61b31e9978","LH","SEONGNAM","수정구","CONSTRUCTION_RENTAL_COMPLEX","NATIONAL_RENTAL","위례31","경기도 성남시 수정구 위례순환로 17","경기도 성남시 수정구 위례순환로 17|경기도 성남시 수정구 위례순환로 17(창곡동)","","37.4722008252104","127.133319298632","2334","2017-07-31","C02152","위례31","CONSTRUCTION_RENTAL_COMPLEX","2334","2017-07-31","C02152:국민임대:260194:26.83:114","국민임대","260194","26.83","114","26.83","","","","https://www.data.go.kr/data/15050700/fileData.do","2025-09-18"
"lh:seongnam:a1e10e61b31e9978","LH","SEONGNAM","수정구","CONSTRUCTION_RENTAL_COMPLEX","NATIONAL_RENTAL","위례31","경기도 성남시 수정구 위례순환로 17","경기도 성남시 수정구 위례순환로 17|경기도 성남시 수정구 위례순환로 17(창곡동)","","37.4722008252104","127.133319298632","2334","2017-07-31","C02152","위례31","CONSTRUCTION_RENTAL_COMPLEX","2334","2017-07-31","C02152:국민임대:26427:26.73:168","국민임대","26427","26.73","168","26.73","","","","https://www.data.go.kr/data/15050700/fileData.do","2025-09-18"
"lh:seongnam:a1e10e61b31e9978","LH","SEONGNAM","수정구","CONSTRUCTION_RENTAL_COMPLEX","NATIONAL_RENTAL","위례31","경기도 성남시 수정구 위례순환로 17","경기도 성남시 수정구 위례순환로 17|경기도 성남시 수정구 위례순환로 17(창곡동)","","37.4722008252104","127.133319298632","2334","2017-07-31","C02152","위례31","CONSTRUCTION_RENTAL_COMPLEX","2334","2017-07-31","C02152:국민임대:26428:26.83:6","국민임대","26428","26.83","6","26.83","","","","https://www.data.go.kr/data/15050700/fileData.do","2025-09-18"
"lh:seongnam:a1e10e61b31e9978","LH","SEONGNAM","수정구","CONSTRUCTION_RENTAL_COMPLEX","NATIONAL_RENTAL","위례31","경기도 성남시 수정구 위례순환로 17","경기도 성남시 수정구 위례순환로 17|경기도 성남시 수정구 위례순환로 17(창곡동)","","37.4722008252104","127.133319298632","2334","2017-07-31","C02152","위례31","CONSTRUCTION_RENTAL_COMPLEX","2334","2017-07-31","C02152:국민임대:370010:37.43:508","국민임대","370010","37.43","508","37.43","","","","https://www.data.go.kr/data/15050700/fileData.do","2025-09-18"
"lh:seongnam:a1e10e61b31e9978","LH","SEONGNAM","수정구","CONSTRUCTION_RENTAL_COMPLEX","NATIONAL_RENTAL","위례31","경기도 성남시 수정구 위례순환로 17","경기도 성남시 수정구 위례순환로 17|경기도 성남시 수정구 위례순환로 17(창곡동)","","37.4722008252104","127.133319298632","2334","2017-07-31","C02152","위례31","CONSTRUCTION_RENTAL_COMPLEX","2334","2017-07-31","C02152:국민임대:370011:37.6:88","국민임대","370011","37.6","88","37.6","","","","https://www.data.go.kr/data/15050700/fileData.do","2025-09-18"
"lh:seongnam:a1e10e61b31e9978","LH","SEONGNAM","수정구","CONSTRUCTION_RENTAL_COMPLEX","NATIONAL_RENTAL","위례31","경기도 성남시 수정구 위례순환로 17","경기도 성남시 수정구 위례순환로 17|경기도 성남시 수정구 위례순환로 17(창곡동)","","37.4722008252104","127.133319298632","2334","2017-07-31","C02152","위례31","CONSTRUCTION_RENTAL_COMPLEX","2334","2017-07-31","C02152:국민임대:37022:37.43:56","국민임대","37022","37.43","56","37.43","","","","https://www.data.go.kr/data/15050700/fileData.do","2025-09-18"
"lh:seongnam:a1e10e61b31e9978","LH","SEONGNAM","수정구","CONSTRUCTION_RENTAL_COMPLEX","NATIONAL_RENTAL","위례31","경기도 성남시 수정구 위례순환로 17","경기도 성남시 수정구 위례순환로 17|경기도 성남시 수정구 위례순환로 17(창곡동)","","37.4722008252104","127.133319298632","2334","2017-07-31","C02152","위례31","CONSTRUCTION_RENTAL_COMPLEX","2334","2017-07-31","C02152:국민임대:37023:37.6:8","국민임대","37023","37.6","8","37.6","","","","https://www.data.go.kr/data/15050700/fileData.do","2025-09-18"
"lh:seongnam:a1e10e61b31e9978","LH","SEONGNAM","수정구","CONSTRUCTION_RENTAL_COMPLEX","NATIONAL_RENTAL","위례31","경기도 성남시 수정구 위례순환로 17","경기도 성남시 수정구 위례순환로 17|경기도 성남시 수정구 위례순환로 17(창곡동)","","37.4722008252104","127.133319298632","2334","2017-07-31","C02152","위례31","CONSTRUCTION_RENTAL_COMPLEX","2334","2017-07-31","C02152:국민임대:460027:46.99:660","국민임대","460027","46.99","660","46.99","","","","https://www.data.go.kr/data/15050700/fileData.do","2025-09-18"
"lh:seongnam:6dd66a34cbf1f151","LH","SEONGNAM","수정구","CONSTRUCTION_RENTAL_COMPLEX","HAPPY_HOUSING","성남위례A2-15BL 지역전략산업 및 창업지원주택","경기도 성남시 수정구 위례순환로 53","경기도 성남시 수정구 위례순환로 53|경기도 성남시 수정구 위례순환로 53(창곡동,성남위례 LH36단지)","","37.4720592197678","127.13440339808","470","2020-11-10","C02461","성남위례A2-15BL 지역전략산업 및 창업지원주택","CONSTRUCTION_RENTAL_COMPLEX","470","2020-11-10","C02461:행복주택:140037:14.98:187","행복주택","140037","14.98","187","14.98","","","","https://www.data.go.kr/data/15050700/fileData.do","2025-09-18"
"lh:seongnam:6dd66a34cbf1f151","LH","SEONGNAM","수정구","CONSTRUCTION_RENTAL_COMPLEX","HAPPY_HOUSING","성남위례A2-15BL 지역전략산업 및 창업지원주택","경기도 성남시 수정구 위례순환로 53","경기도 성남시 수정구 위례순환로 53|경기도 성남시 수정구 위례순환로 53(창곡동,성남위례 LH36단지)","","37.4720592197678","127.13440339808","470","2020-11-10","C02461","성남위례A2-15BL 지역전략산업 및 창업지원주택","CONSTRUCTION_RENTAL_COMPLEX","470","2020-11-10","C02461:행복주택:260852:26.81:82","행복주택","260852","26.81","82","26.81","","","","https://www.data.go.kr/data/15050700/fileData.do","2025-09-18"
"lh:seongnam:6dd66a34cbf1f151","LH","SEONGNAM","수정구","CONSTRUCTION_RENTAL_COMPLEX","HAPPY_HOUSING","성남위례A2-15BL 지역전략산업 및 창업지원주택","경기도 성남시 수정구 위례순환로 53","경기도 성남시 수정구 위례순환로 53|경기도 성남시 수정구 위례순환로 53(창곡동,성남위례 LH36단지)","","37.4720592197678","127.13440339808","470","2020-11-10","C02461","성남위례A2-15BL 지역전략산업 및 창업지원주택","CONSTRUCTION_RENTAL_COMPLEX","470","2020-11-10","C02461:행복주택:260853:26.81:13","행복주택","260853","26.81","13","26.81","","","","https://www.data.go.kr/data/15050700/fileData.do","2025-09-18"
"lh:seongnam:6dd66a34cbf1f151","LH","SEONGNAM","수정구","CONSTRUCTION_RENTAL_COMPLEX","HAPPY_HOUSING","성남위례A2-15BL 지역전략산업 및 창업지원주택","경기도 성남시 수정구 위례순환로 53","경기도 성남시 수정구 위례순환로 53|경기도 성남시 수정구 위례순환로 53(창곡동,성남위례 LH36단지)","","37.4720592197678","127.13440339808","470","2020-11-10","C02461","성남위례A2-15BL 지역전략산업 및 창업지원주택","CONSTRUCTION_RENTAL_COMPLEX","470","2020-11-10","C02461:행복주택:440169:44.69:26","행복주택","440169","44.69","26","44.69","","","","https://www.data.go.kr/data/15050700/fileData.do","2025-09-18"
"lh:seongnam:6dd66a34cbf1f151","LH","SEONGNAM","수정구","CONSTRUCTION_RENTAL_COMPLEX","HAPPY_HOUSING","성남위례A2-15BL 지역전략산업 및 창업지원주택","경기도 성남시 수정구 위례순환로 53","경기도 성남시 수정구 위례순환로 53|경기도 성남시 수정구 위례순환로 53(창곡동,성남위례 LH36단지)","","37.4720592197678","127.13440339808","470","2020-11-10","C02461","성남위례A2-15BL 지역전략산업 및 창업지원주택","CONSTRUCTION_RENTAL_COMPLEX","470","2020-11-10","C02461:행복주택:440170:44.69:162","행복주택","440170","44.69","162","44.69","","","","https://www.data.go.kr/data/15050700/fileData.do","2025-09-18"
"lh:seongnam:c2c820fbfd8c875d","LH","SEONGNAM","수정구","CONSTRUCTION_RENTAL_COMPLEX","HAPPY_HOUSING","위례자이 더 시티 신혼희망타운 행복주택","경기도 성남시 수정구 위례중앙로 190","경기도 성남시 수정구 위례중앙로 190|경기도 성남시 수정구 위례중앙로 190(창곡동,위례자이더시티)","","37.4735205228027","127.148011875969","147","2023-03-01","C02736","위례자이 더 시티 신혼희망타운 행복주택","CONSTRUCTION_RENTAL_COMPLEX","147","2023-03-01","C02736:행복주택:460709:46.95:68","행복주택","460709","46.95","68","46.95","","","","https://www.data.go.kr/data/15050700/fileData.do","2025-09-18"
"lh:seongnam:c2c820fbfd8c875d","LH","SEONGNAM","수정구","CONSTRUCTION_RENTAL_COMPLEX","HAPPY_HOUSING","위례자이 더 시티 신혼희망타운 행복주택","경기도 성남시 수정구 위례중앙로 190","경기도 성남시 수정구 위례중앙로 190|경기도 성남시 수정구 위례중앙로 190(창곡동,위례자이더시티)","","37.4735205228027","127.148011875969","147","2023-03-01","C02736","위례자이 더 시티 신혼희망타운 행복주택","CONSTRUCTION_RENTAL_COMPLEX","147","2023-03-01","C02736:행복주택:460816:46.95:6","행복주택","460816","46.95","6","46.95","","","","https://www.data.go.kr/data/15050700/fileData.do","2025-09-18"
"lh:seongnam:c2c820fbfd8c875d","LH","SEONGNAM","수정구","CONSTRUCTION_RENTAL_COMPLEX","HAPPY_HOUSING","위례자이 더 시티 신혼희망타운 행복주택","경기도 성남시 수정구 위례중앙로 190","경기도 성남시 수정구 위례중앙로 190|경기도 성남시 수정구 위례중앙로 190(창곡동,위례자이더시티)","","37.4735205228027","127.148011875969","147","2023-03-01","C02736","위례자이 더 시티 신혼희망타운 행복주택","CONSTRUCTION_RENTAL_COMPLEX","147","2023-03-01","C02736:행복주택:490030:49.95:27","행복주택","490030","49.95","27","49.95","","","","https://www.data.go.kr/data/15050700/fileData.do","2025-09-18"
"lh:seongnam:c2c820fbfd8c875d","LH","SEONGNAM","수정구","CONSTRUCTION_RENTAL_COMPLEX","HAPPY_HOUSING","위례자이 더 시티 신혼희망타운 행복주택","경기도 성남시 수정구 위례중앙로 190","경기도 성남시 수정구 위례중앙로 190|경기도 성남시 수정구 위례중앙로 190(창곡동,위례자이더시티)","","37.4735205228027","127.148011875969","147","2023-03-01","C02736","위례자이 더 시티 신혼희망타운 행복주택","CONSTRUCTION_RENTAL_COMPLEX","147","2023-03-01","C02736:행복주택:490031:49.95:37","행복주택","490031","49.95","37","49.95","","","","https://www.data.go.kr/data/15050700/fileData.do","2025-09-18"
"lh:seongnam:c2c820fbfd8c875d","LH","SEONGNAM","수정구","CONSTRUCTION_RENTAL_COMPLEX","HAPPY_HOUSING","위례자이 더 시티 신혼희망타운 행복주택","경기도 성남시 수정구 위례중앙로 190","경기도 성남시 수정구 위례중앙로 190|경기도 성남시 수정구 위례중앙로 190(창곡동,위례자이더시티)","","37.4735205228027","127.148011875969","147","2023-03-01","C02736","위례자이 더 시티 신혼희망타운 행복주택","CONSTRUCTION_RENTAL_COMPLEX","147","2023-03-01","C02736:행복주택:490047:49.95:2","행복주택","490047","49.95","2","49.95","","","","https://www.data.go.kr/data/15050700/fileData.do","2025-09-18"
"lh:seongnam:c2c820fbfd8c875d","LH","SEONGNAM","수정구","CONSTRUCTION_RENTAL_COMPLEX","HAPPY_HOUSING","위례자이 더 시티 신혼희망타운 행복주택","경기도 성남시 수정구 위례중앙로 190","경기도 성남시 수정구 위례중앙로 190|경기도 성남시 수정구 위례중앙로 190(창곡동,위례자이더시티)","","37.4735205228027","127.148011875969","147","2023-03-01","C02736","위례자이 더 시티 신혼희망타운 행복주택","CONSTRUCTION_RENTAL_COMPLEX","147","2023-03-01","C02736:행복주택:490048:49.95:2","행복주택","490048","49.95","2","49.95","","","","https://www.data.go.kr/data/15050700/fileData.do","2025-09-18"
"lh:seongnam:c2c820fbfd8c875d","LH","SEONGNAM","수정구","CONSTRUCTION_RENTAL_COMPLEX","HAPPY_HOUSING","위례자이 더 시티 신혼희망타운 행복주택","경기도 성남시 수정구 위례중앙로 190","경기도 성남시 수정구 위례중앙로 190|경기도 성남시 수정구 위례중앙로 190(창곡동,위례자이더시티)","","37.4735205228027","127.148011875969","147","2023-03-01","C02736","위례자이 더 시티 신혼희망타운 행복주택","CONSTRUCTION_RENTAL_COMPLEX","147","2023-03-01","C02736:행복주택:550806:55.91:3","행복주택","550806","55.91","3","55.91","","","","https://www.data.go.kr/data/15050700/fileData.do","2025-09-18"
"lh:seongnam:c2c820fbfd8c875d","LH","SEONGNAM","수정구","CONSTRUCTION_RENTAL_COMPLEX","HAPPY_HOUSING","위례자이 더 시티 신혼희망타운 행복주택","경기도 성남시 수정구 위례중앙로 190","경기도 성남시 수정구 위례중앙로 190|경기도 성남시 수정구 위례중앙로 190(창곡동,위례자이더시티)","","37.4735205228027","127.148011875969","147","2023-03-01","C02736","위례자이 더 시티 신혼희망타운 행복주택","CONSTRUCTION_RENTAL_COMPLEX","147","2023-03-01","C02736:행복주택:551336:55.91:2","행복주택","551336","55.91","2","55.91","","","","https://www.data.go.kr/data/15050700/fileData.do","2025-09-18"
"lh:seongnam:564a3a9b80f4050c","LH","SEONGNAM","수정구","CONSTRUCTION_RENTAL_COMPLEX","HAPPY_HOUSING","판교제2테크노밸리 A1블록 창업지원주택","경기도 성남시 수정구 창업로40번길 6","경기도 성남시 수정구 창업로40번길 6|경기도 성남시 수정구 창업로40번길 6(시흥동,판교 제2테크노밸리 LH 1단지)","","37.4127274433099","127.096128280461","200","2020-04-30","C02401","판교제2테크노밸리 A1블록 창업지원주택","CONSTRUCTION_RENTAL_COMPLEX","200","2020-04-30","C02401:행복주택:210171:21.66:1","행복주택","210171","21.66","1","21.66","","","","https://www.data.go.kr/data/15050700/fileData.do","2025-09-18"
"lh:seongnam:564a3a9b80f4050c","LH","SEONGNAM","수정구","CONSTRUCTION_RENTAL_COMPLEX","HAPPY_HOUSING","판교제2테크노밸리 A1블록 창업지원주택","경기도 성남시 수정구 창업로40번길 6","경기도 성남시 수정구 창업로40번길 6|경기도 성남시 수정구 창업로40번길 6(시흥동,판교 제2테크노밸리 LH 1단지)","","37.4127274433099","127.096128280461","200","2020-04-30","C02401","판교제2테크노밸리 A1블록 창업지원주택","CONSTRUCTION_RENTAL_COMPLEX","200","2020-04-30","C02401:행복주택:210172:21.66:13","행복주택","210172","21.66","13","21.66","","","","https://www.data.go.kr/data/15050700/fileData.do","2025-09-18"
"lh:seongnam:564a3a9b80f4050c","LH","SEONGNAM","수정구","CONSTRUCTION_RENTAL_COMPLEX","HAPPY_HOUSING","판교제2테크노밸리 A1블록 창업지원주택","경기도 성남시 수정구 창업로40번길 6","경기도 성남시 수정구 창업로40번길 6|경기도 성남시 수정구 창업로40번길 6(시흥동,판교 제2테크노밸리 LH 1단지)","","37.4127274433099","127.096128280461","200","2020-04-30","C02401","판교제2테크노밸리 A1블록 창업지원주택","CONSTRUCTION_RENTAL_COMPLEX","200","2020-04-30","C02401:행복주택:210173:21.66:16","행복주택","210173","21.66","16","21.66","","","","https://www.data.go.kr/data/15050700/fileData.do","2025-09-18"
"lh:seongnam:564a3a9b80f4050c","LH","SEONGNAM","수정구","CONSTRUCTION_RENTAL_COMPLEX","HAPPY_HOUSING","판교제2테크노밸리 A1블록 창업지원주택","경기도 성남시 수정구 창업로40번길 6","경기도 성남시 수정구 창업로40번길 6|경기도 성남시 수정구 창업로40번길 6(시흥동,판교 제2테크노밸리 LH 1단지)","","37.4127274433099","127.096128280461","200","2020-04-30","C02401","판교제2테크노밸리 A1블록 창업지원주택","CONSTRUCTION_RENTAL_COMPLEX","200","2020-04-30","C02401:행복주택:210174:21.66:3","행복주택","210174","21.66","3","21.66","","","","https://www.data.go.kr/data/15050700/fileData.do","2025-09-18"
"lh:seongnam:564a3a9b80f4050c","LH","SEONGNAM","수정구","CONSTRUCTION_RENTAL_COMPLEX","HAPPY_HOUSING","판교제2테크노밸리 A1블록 창업지원주택","경기도 성남시 수정구 창업로40번길 6","경기도 성남시 수정구 창업로40번길 6|경기도 성남시 수정구 창업로40번길 6(시흥동,판교 제2테크노밸리 LH 1단지)","","37.4127274433099","127.096128280461","200","2020-04-30","C02401","판교제2테크노밸리 A1블록 창업지원주택","CONSTRUCTION_RENTAL_COMPLEX","200","2020-04-30","C02401:행복주택:210175:21.66:18","행복주택","210175","21.66","18","21.66","","","","https://www.data.go.kr/data/15050700/fileData.do","2025-09-18"
"lh:seongnam:564a3a9b80f4050c","LH","SEONGNAM","수정구","CONSTRUCTION_RENTAL_COMPLEX","HAPPY_HOUSING","판교제2테크노밸리 A1블록 창업지원주택","경기도 성남시 수정구 창업로40번길 6","경기도 성남시 수정구 창업로40번길 6|경기도 성남시 수정구 창업로40번길 6(시흥동,판교 제2테크노밸리 LH 1단지)","","37.4127274433099","127.096128280461","200","2020-04-30","C02401","판교제2테크노밸리 A1블록 창업지원주택","CONSTRUCTION_RENTAL_COMPLEX","200","2020-04-30","C02401:행복주택:210176:21.66:5","행복주택","210176","21.66","5","21.66","","","","https://www.data.go.kr/data/15050700/fileData.do","2025-09-18"
"lh:seongnam:564a3a9b80f4050c","LH","SEONGNAM","수정구","CONSTRUCTION_RENTAL_COMPLEX","HAPPY_HOUSING","판교제2테크노밸리 A1블록 창업지원주택","경기도 성남시 수정구 창업로40번길 6","경기도 성남시 수정구 창업로40번길 6|경기도 성남시 수정구 창업로40번길 6(시흥동,판교 제2테크노밸리 LH 1단지)","","37.4127274433099","127.096128280461","200","2020-04-30","C02401","판교제2테크노밸리 A1블록 창업지원주택","CONSTRUCTION_RENTAL_COMPLEX","200","2020-04-30","C02401:행복주택:210177:21.88:56","행복주택","210177","21.88","56","21.88","","","","https://www.data.go.kr/data/15050700/fileData.do","2025-09-18"
"lh:seongnam:564a3a9b80f4050c","LH","SEONGNAM","수정구","CONSTRUCTION_RENTAL_COMPLEX","HAPPY_HOUSING","판교제2테크노밸리 A1블록 창업지원주택","경기도 성남시 수정구 창업로40번길 6","경기도 성남시 수정구 창업로40번길 6|경기도 성남시 수정구 창업로40번길 6(시흥동,판교 제2테크노밸리 LH 1단지)","","37.4127274433099","127.096128280461","200","2020-04-30","C02401","판교제2테크노밸리 A1블록 창업지원주택","CONSTRUCTION_RENTAL_COMPLEX","200","2020-04-30","C02401:행복주택:210178:21.88:8","행복주택","210178","21.88","8","21.88","","","","https://www.data.go.kr/data/15050700/fileData.do","2025-09-18"
"lh:seongnam:564a3a9b80f4050c","LH","SEONGNAM","수정구","CONSTRUCTION_RENTAL_COMPLEX","HAPPY_HOUSING","판교제2테크노밸리 A1블록 창업지원주택","경기도 성남시 수정구 창업로40번길 6","경기도 성남시 수정구 창업로40번길 6|경기도 성남시 수정구 창업로40번길 6(시흥동,판교 제2테크노밸리 LH 1단지)","","37.4127274433099","127.096128280461","200","2020-04-30","C02401","판교제2테크노밸리 A1블록 창업지원주택","CONSTRUCTION_RENTAL_COMPLEX","200","2020-04-30","C02401:행복주택:210179:21.88:1","행복주택","210179","21.88","1","21.88","","","","https://www.data.go.kr/data/15050700/fileData.do","2025-09-18"
"lh:seongnam:564a3a9b80f4050c","LH","SEONGNAM","수정구","CONSTRUCTION_RENTAL_COMPLEX","HAPPY_HOUSING","판교제2테크노밸리 A1블록 창업지원주택","경기도 성남시 수정구 창업로40번길 6","경기도 성남시 수정구 창업로40번길 6|경기도 성남시 수정구 창업로40번길 6(시흥동,판교 제2테크노밸리 LH 1단지)","","37.4127274433099","127.096128280461","200","2020-04-30","C02401","판교제2테크노밸리 A1블록 창업지원주택","CONSTRUCTION_RENTAL_COMPLEX","200","2020-04-30","C02401:행복주택:210180:21.88:8","행복주택","210180","21.88","8","21.88","","","","https://www.data.go.kr/data/15050700/fileData.do","2025-09-18"
"lh:seongnam:564a3a9b80f4050c","LH","SEONGNAM","수정구","CONSTRUCTION_RENTAL_COMPLEX","HAPPY_HOUSING","판교제2테크노밸리 A1블록 창업지원주택","경기도 성남시 수정구 창업로40번길 6","경기도 성남시 수정구 창업로40번길 6|경기도 성남시 수정구 창업로40번길 6(시흥동,판교 제2테크노밸리 LH 1단지)","","37.4127274433099","127.096128280461","200","2020-04-30","C02401","판교제2테크노밸리 A1블록 창업지원주택","CONSTRUCTION_RENTAL_COMPLEX","200","2020-04-30","C02401:행복주택:210181:21.88:1","행복주택","210181","21.88","1","21.88","","","","https://www.data.go.kr/data/15050700/fileData.do","2025-09-18"
"lh:seongnam:564a3a9b80f4050c","LH","SEONGNAM","수정구","CONSTRUCTION_RENTAL_COMPLEX","HAPPY_HOUSING","판교제2테크노밸리 A1블록 창업지원주택","경기도 성남시 수정구 창업로40번길 6","경기도 성남시 수정구 창업로40번길 6|경기도 성남시 수정구 창업로40번길 6(시흥동,판교 제2테크노밸리 LH 1단지)","","37.4127274433099","127.096128280461","200","2020-04-30","C02401","판교제2테크노밸리 A1블록 창업지원주택","CONSTRUCTION_RENTAL_COMPLEX","200","2020-04-30","C02401:행복주택:440210:44.61:48","행복주택","440210","44.61","48","44.61","","","","https://www.data.go.kr/data/15050700/fileData.do","2025-09-18"
"lh:seongnam:564a3a9b80f4050c","LH","SEONGNAM","수정구","CONSTRUCTION_RENTAL_COMPLEX","HAPPY_HOUSING","판교제2테크노밸리 A1블록 창업지원주택","경기도 성남시 수정구 창업로40번길 6","경기도 성남시 수정구 창업로40번길 6|경기도 성남시 수정구 창업로40번길 6(시흥동,판교 제2테크노밸리 LH 1단지)","","37.4127274433099","127.096128280461","200","2020-04-30","C02401","판교제2테크노밸리 A1블록 창업지원주택","CONSTRUCTION_RENTAL_COMPLEX","200","2020-04-30","C02401:행복주택:440211:44.61:5","행복주택","440211","44.61","5","44.61","","","","https://www.data.go.kr/data/15050700/fileData.do","2025-09-18"
"lh:seongnam:564a3a9b80f4050c","LH","SEONGNAM","수정구","CONSTRUCTION_RENTAL_COMPLEX","HAPPY_HOUSING","판교제2테크노밸리 A1블록 창업지원주택","경기도 성남시 수정구 창업로40번길 6","경기도 성남시 수정구 창업로40번길 6|경기도 성남시 수정구 창업로40번길 6(시흥동,판교 제2테크노밸리 LH 1단지)","","37.4127274433099","127.096128280461","200","2020-04-30","C02401","판교제2테크노밸리 A1블록 창업지원주택","CONSTRUCTION_RENTAL_COMPLEX","200","2020-04-30","C02401:행복주택:440212:44.61:17","행복주택","440212","44.61","17","44.61","","","","https://www.data.go.kr/data/15050700/fileData.do","2025-09-18"
"lh:seongnam:738914582b334234","LH","SEONGNAM","수정구","PURCHASE_RENTAL_BUILDING","PURCHASE_RENTAL","매입다가구(경기성남시)","경기도 성남시 수정구 태평로100번길 2","경기도 성남시 수정구 태평로100번길 2|경기도 성남시 수정구 태평로100번길 2(태평동)","","37.450507531004","127.13741284316","8","2016-10-11","9676","매입다가구(경기성남시)","PURCHASE_RENTAL_BUILDING","8","2016-10-11","9676","기존주택매입임대","","230.35","8","230.35","","","","https://www.data.go.kr/data/15050701/fileData.do","2022-01-27"
"lh:seongnam:004cb677530cde46","LH","SEONGNAM","수정구","CONSTRUCTION_RENTAL_COMPLEX","PUBLIC_RENTAL","성남신흥2 B블록(5년공임-산성역자이푸르지오)","경기도 성남시 수정구 희망로 533","경기도 성남시 수정구 희망로 533|경기도 성남시 수정구 희망로 533(신흥동)","","37.4502930833665","127.150156661462","812","2023-10-31","C02837","성남신흥2 B블록(5년공임-산성역자이푸르지오)","CONSTRUCTION_RENTAL_COMPLEX","812","2023-10-31","C02837:공공임대(5년):360763:36.47:407","공공임대(5년)","360763","36.47","407","36.47","","","","https://www.data.go.kr/data/15050700/fileData.do","2025-09-18"
"lh:seongnam:004cb677530cde46","LH","SEONGNAM","수정구","CONSTRUCTION_RENTAL_COMPLEX","PUBLIC_RENTAL","성남신흥2 B블록(5년공임-산성역자이푸르지오)","경기도 성남시 수정구 희망로 533","경기도 성남시 수정구 희망로 533|경기도 성남시 수정구 희망로 533(신흥동)","","37.4502930833665","127.150156661462","812","2023-10-31","C02837","성남신흥2 B블록(5년공임-산성역자이푸르지오)","CONSTRUCTION_RENTAL_COMPLEX","812","2023-10-31","C02837:공공임대(5년):360765:36.47:45","공공임대(5년)","360765","36.47","45","36.47","","","","https://www.data.go.kr/data/15050700/fileData.do","2025-09-18"
"lh:seongnam:004cb677530cde46","LH","SEONGNAM","수정구","CONSTRUCTION_RENTAL_COMPLEX","PUBLIC_RENTAL","성남신흥2 B블록(5년공임-산성역자이푸르지오)","경기도 성남시 수정구 희망로 533","경기도 성남시 수정구 희망로 533|경기도 성남시 수정구 희망로 533(신흥동)","","37.4502930833665","127.150156661462","812","2023-10-31","C02837","성남신흥2 B블록(5년공임-산성역자이푸르지오)","CONSTRUCTION_RENTAL_COMPLEX","812","2023-10-31","C02837:공공임대(5년):440278:44.3:205","공공임대(5년)","440278","44.3","205","44.3","","","","https://www.data.go.kr/data/15050700/fileData.do","2025-09-18"
"lh:seongnam:004cb677530cde46","LH","SEONGNAM","수정구","CONSTRUCTION_RENTAL_COMPLEX","PUBLIC_RENTAL","성남신흥2 B블록(5년공임-산성역자이푸르지오)","경기도 성남시 수정구 희망로 533","경기도 성남시 수정구 희망로 533|경기도 성남시 수정구 희망로 533(신흥동)","","37.4502930833665","127.150156661462","812","2023-10-31","C02837","성남신흥2 B블록(5년공임-산성역자이푸르지오)","CONSTRUCTION_RENTAL_COMPLEX","812","2023-10-31","C02837:공공임대(5년):440279:44.3:69","공공임대(5년)","440279","44.3","69","44.3","","","","https://www.data.go.kr/data/15050700/fileData.do","2025-09-18"
"lh:seongnam:004cb677530cde46","LH","SEONGNAM","수정구","CONSTRUCTION_RENTAL_COMPLEX","PUBLIC_RENTAL","성남신흥2 B블록(5년공임-산성역자이푸르지오)","경기도 성남시 수정구 희망로 533","경기도 성남시 수정구 희망로 533|경기도 성남시 수정구 희망로 533(신흥동)","","37.4502930833665","127.150156661462","812","2023-10-31","C02837","성남신흥2 B블록(5년공임-산성역자이푸르지오)","CONSTRUCTION_RENTAL_COMPLEX","812","2023-10-31","C02837:공공임대(5년):510131:51.16:65","공공임대(5년)","510131","51.16","65","51.16","","","","https://www.data.go.kr/data/15050700/fileData.do","2025-09-18"
"lh:seongnam:004cb677530cde46","LH","SEONGNAM","수정구","CONSTRUCTION_RENTAL_COMPLEX","PUBLIC_RENTAL","성남신흥2 B블록(5년공임-산성역자이푸르지오)","경기도 성남시 수정구 희망로 533","경기도 성남시 수정구 희망로 533|경기도 성남시 수정구 희망로 533(신흥동)","","37.4502930833665","127.150156661462","812","2023-10-31","C02837","성남신흥2 B블록(5년공임-산성역자이푸르지오)","CONSTRUCTION_RENTAL_COMPLEX","812","2023-10-31","C02837:공공임대(5년):510132:51.16:21","공공임대(5년)","510132","51.16","21","51.16","","","","https://www.data.go.kr/data/15050700/fileData.do","2025-09-18"
"lh:seongnam:edc4f4be3bba3400","LH","SEONGNAM","수정구","PURCHASE_RENTAL_BUILDING","PURCHASE_RENTAL","매입다가구(경기성남시)","경기도 성남시 수정구 희망로464번길 20","경기도 성남시 수정구 희망로464번길 20|경기도 성남시 수정구 희망로464번길 20(단대동)","","37.4473438333254","127.157332339255","8","2019-05-03","9677","매입다가구(경기성남시)","PURCHASE_RENTAL_BUILDING","8","2019-05-03","9677","기존주택매입임대","","488.24","8","488.24","","","","https://www.data.go.kr/data/15050701/fileData.do","2022-01-27"
"lh:seongnam:f6d8843df6338519","LH","SEONGNAM","수정구","PURCHASE_RENTAL_BUILDING","PURCHASE_RENTAL","매입다가구(경기성남시)","경기도 성남시 수정구 희망로466번길","경기도 성남시 수정구 희망로466번길","","37.4471379737768","127.156909138154","5","1997-07-25","9678","매입다가구(경기성남시)","PURCHASE_RENTAL_BUILDING","5","1997-07-25","9678","기존주택매입임대","","409.49","5","409.49","","","","https://www.data.go.kr/data/15050701/fileData.do","2022-01-27"
"lh:seongnam:729d3281f6dd9765","LH","SEONGNAM","중원구","CONSTRUCTION_RENTAL_COMPLEX","HAPPY_HOUSING","성남재생산단 A3블록 지역전략산업지원주택","경기도 성남시 중원구 갈마치로 241","경기도 성남시 중원구 갈마치로 241|경기도 성남시 중원구 갈마치로 241(상대원동)","","37.4356180614179","127.173720524306","194","2022-11-24","C02680","성남재생산단 A3블록 지역전략산업지원주택","CONSTRUCTION_RENTAL_COMPLEX","194","2022-11-24","C02680:행복주택:210365:21.38:118","행복주택","210365","21.38","118","21.38","","","","https://www.data.go.kr/data/15050700/fileData.do","2025-09-18"
"lh:seongnam:729d3281f6dd9765","LH","SEONGNAM","중원구","CONSTRUCTION_RENTAL_COMPLEX","HAPPY_HOUSING","성남재생산단 A3블록 지역전략산업지원주택","경기도 성남시 중원구 갈마치로 241","경기도 성남시 중원구 갈마치로 241|경기도 성남시 중원구 갈마치로 241(상대원동)","","37.4356180614179","127.173720524306","194","2022-11-24","C02680","성남재생산단 A3블록 지역전략산업지원주택","CONSTRUCTION_RENTAL_COMPLEX","194","2022-11-24","C02680:행복주택:210366:21.38:16","행복주택","210366","21.38","16","21.38","","","","https://www.data.go.kr/data/15050700/fileData.do","2025-09-18"
"lh:seongnam:729d3281f6dd9765","LH","SEONGNAM","중원구","CONSTRUCTION_RENTAL_COMPLEX","HAPPY_HOUSING","성남재생산단 A3블록 지역전략산업지원주택","경기도 성남시 중원구 갈마치로 241","경기도 성남시 중원구 갈마치로 241|경기도 성남시 중원구 갈마치로 241(상대원동)","","37.4356180614179","127.173720524306","194","2022-11-24","C02680","성남재생산단 A3블록 지역전략산업지원주택","CONSTRUCTION_RENTAL_COMPLEX","194","2022-11-24","C02680:행복주택:440443:44.37:60","행복주택","440443","44.37","60","44.37","","","","https://www.data.go.kr/data/15050700/fileData.do","2025-09-18"
"lh:seongnam:3ac39114cd1c20c5","LH","SEONGNAM","중원구","CONSTRUCTION_RENTAL_COMPLEX","PUBLIC_RENTAL","성남중1 B블록(5년공임-신흥역하늘채랜더스원)","경기도 성남시 중원구 광명로 202","경기도 성남시 중원구 광명로 202|경기도 성남시 중원구 광명로 202(중앙동)","","37.4398461001176","127.149516663653","412","2022-09-29","C02743","성남중1 B블록(5년공임-신흥역하늘채랜더스원)","CONSTRUCTION_RENTAL_COMPLEX","412","2022-09-29","C02743:공공임대(5년):390042:39.5:140","공공임대(5년)","390042","39.5","140","39.5","","","","https://www.data.go.kr/data/15050700/fileData.do","2025-09-18"
"lh:seongnam:3ac39114cd1c20c5","LH","SEONGNAM","중원구","CONSTRUCTION_RENTAL_COMPLEX","PUBLIC_RENTAL","성남중1 B블록(5년공임-신흥역하늘채랜더스원)","경기도 성남시 중원구 광명로 202","경기도 성남시 중원구 광명로 202|경기도 성남시 중원구 광명로 202(중앙동)","","37.4398461001176","127.149516663653","412","2022-09-29","C02743","성남중1 B블록(5년공임-신흥역하늘채랜더스원)","CONSTRUCTION_RENTAL_COMPLEX","412","2022-09-29","C02743:공공임대(5년):460368:46.94:88","공공임대(5년)","460368","46.94","88","46.94","","","","https://www.data.go.kr/data/15050700/fileData.do","2025-09-18"
"lh:seongnam:3ac39114cd1c20c5","LH","SEONGNAM","중원구","CONSTRUCTION_RENTAL_COMPLEX","PUBLIC_RENTAL","성남중1 B블록(5년공임-신흥역하늘채랜더스원)","경기도 성남시 중원구 광명로 202","경기도 성남시 중원구 광명로 202|경기도 성남시 중원구 광명로 202(중앙동)","","37.4398461001176","127.149516663653","412","2022-09-29","C02743","성남중1 B블록(5년공임-신흥역하늘채랜더스원)","CONSTRUCTION_RENTAL_COMPLEX","412","2022-09-29","C02743:공공임대(5년):510127:51.46:184","공공임대(5년)","510127","51.46","184","51.46","","","","https://www.data.go.kr/data/15050700/fileData.do","2025-09-18"
"lh:seongnam:b0acf8b454dd5ecf","LH","SEONGNAM","중원구","PURCHASE_RENTAL_BUILDING","PURCHASE_RENTAL","매입다가구(경기성남시)","경기도 성남시 중원구 광명로 88","경기도 성남시 중원구 광명로 88|경기도 성남시 중원구 광명로 88(성남동)","","37.4345851006457","127.138934982851","67","2019-08-09","9679","매입다가구(경기성남시)","PURCHASE_RENTAL_BUILDING","67","2019-08-09","9679","기존주택매입임대","","290.57","67","290.57","","","","https://www.data.go.kr/data/15050701/fileData.do","2022-01-27"
"lh:seongnam:0104313653ed0a23","LH","SEONGNAM","중원구","PURCHASE_RENTAL_BUILDING","PURCHASE_RENTAL","매입다가구(경기성남시)","경기도 성남시 중원구 광명로142번길 3","경기도 성남시 중원구 광명로142번길 3|경기도 성남시 중원구 광명로142번길 3(성남동)","","37.4374973788911","127.1441871954","51","2019-03-07","9680","매입다가구(경기성남시)","PURCHASE_RENTAL_BUILDING","51","2019-03-07","9680","기존주택매입임대","","5388.076","51","5388.076","","","","https://www.data.go.kr/data/15050701/fileData.do","2022-01-27"
"lh:seongnam:308e391248b0c972","LH","SEONGNAM","중원구","PURCHASE_RENTAL_BUILDING","PURCHASE_RENTAL","매입다가구(경기성남시)","경기도 성남시 중원구 광명로32번길","경기도 성남시 중원구 광명로32번길","","37.4328002752744","127.132824324085","7","1991-12-27","9681","매입다가구(경기성남시)","PURCHASE_RENTAL_BUILDING","7","1991-12-27","9681","기존주택매입임대","","4004.31","7","4004.31","","","","https://www.data.go.kr/data/15050701/fileData.do","2022-01-27"
"lh:seongnam:1b0c929afdd1b0e6","LH","SEONGNAM","중원구","PURCHASE_RENTAL_BUILDING","PURCHASE_RENTAL","매입다가구(경기성남시)","경기도 성남시 중원구 광명로347번길","경기도 성남시 중원구 광명로347번길","","37.4474561731795","127.164038044458","11","1997-10-28","9682","매입다가구(경기성남시)","PURCHASE_RENTAL_BUILDING","11","1997-10-28","9682","기존주택매입임대","","317.62","11","317.62","","","","https://www.data.go.kr/data/15050701/fileData.do","2022-01-27"
"lh:seongnam:d6529f22de45f673","LH","SEONGNAM","중원구","PURCHASE_RENTAL_BUILDING","PURCHASE_RENTAL","매입다가구(경기성남시)","경기도 성남시 중원구 광명로361번길","경기도 성남시 중원구 광명로361번길","","37.44774726775","127.165411987237","15","1993-09-10","9683","매입다가구(경기성남시)","PURCHASE_RENTAL_BUILDING","7","1994-05-26","9683","기존주택매입임대","","426.67","7","426.67","","","","https://www.data.go.kr/data/15050701/fileData.do","2022-01-27"
"lh:seongnam:d6529f22de45f673","LH","SEONGNAM","중원구","PURCHASE_RENTAL_BUILDING","PURCHASE_RENTAL","매입다가구(경기성남시)","경기도 성남시 중원구 광명로361번길","경기도 성남시 중원구 광명로361번길","","37.44774726775","127.165411987237","15","1993-09-10","9684","매입다가구(경기성남시)","PURCHASE_RENTAL_BUILDING","8","1993-09-10","9684","기존주택매입임대","","353.71","8","353.71","","","","https://www.data.go.kr/data/15050701/fileData.do","2022-01-27"
"lh:seongnam:fd10df6b8b32d8c9","LH","SEONGNAM","중원구","PURCHASE_RENTAL_BUILDING","PURCHASE_RENTAL","매입다가구(경기성남시)","경기도 성남시 중원구 광명로42번길","경기도 성남시 중원구 광명로42번길","","37.4323687769032","127.134182238889","5","2003-12-12","9685","매입다가구(경기성남시)","PURCHASE_RENTAL_BUILDING","5","2003-12-12","9685","기존주택매입임대","","315.12","5","315.12","","","","https://www.data.go.kr/data/15050701/fileData.do","2022-01-27"
"lh:seongnam:9f0858ac198cce86","LH","SEONGNAM","중원구","PURCHASE_RENTAL_BUILDING","PURCHASE_RENTAL","매입다가구(경기성남시)","경기도 성남시 중원구 광명로94번길","경기도 성남시 중원구 광명로94번길","","37.4340033904762","127.140168438144","5","1984-05-30","9686","매입다가구(경기성남시)","PURCHASE_RENTAL_BUILDING","5","1984-05-30","9686","기존주택매입임대","","401.34","5","401.34","","","","https://www.data.go.kr/data/15050701/fileData.do","2022-01-27"
"lh:seongnam:0bf40a62f22f29c4","LH","SEONGNAM","중원구","CONSTRUCTION_RENTAL_COMPLEX","PUBLIC_RENTAL","성남금광1 B블록(5년공임-E편한세상 금빛 그랑메종)","경기도 성남시 중원구 금광로 39","경기도 성남시 중원구 금광로 39|경기도 성남시 중원구 금광로 39(금광동)","","37.4442146662575","127.162945888787","908","2022-11-23","C02762","성남금광1 B블록(5년공임-E편한세상 금빛 그랑메종)","CONSTRUCTION_RENTAL_COMPLEX","908","2022-11-23","C02762:공공임대(5년):390066:39.31:270","공공임대(5년)","390066","39.31","270","39.31","","","","https://www.data.go.kr/data/15050700/fileData.do","2025-09-18"
"lh:seongnam:0bf40a62f22f29c4","LH","SEONGNAM","중원구","CONSTRUCTION_RENTAL_COMPLEX","PUBLIC_RENTAL","성남금광1 B블록(5년공임-E편한세상 금빛 그랑메종)","경기도 성남시 중원구 금광로 39","경기도 성남시 중원구 금광로 39|경기도 성남시 중원구 금광로 39(금광동)","","37.4442146662575","127.162945888787","908","2022-11-23","C02762","성남금광1 B블록(5년공임-E편한세상 금빛 그랑메종)","CONSTRUCTION_RENTAL_COMPLEX","908","2022-11-23","C02762:공공임대(5년):390067:39.42:41","공공임대(5년)","390067","39.42","41","39.42","","","","https://www.data.go.kr/data/15050700/fileData.do","2025-09-18"
"lh:seongnam:0bf40a62f22f29c4","LH","SEONGNAM","중원구","CONSTRUCTION_RENTAL_COMPLEX","PUBLIC_RENTAL","성남금광1 B블록(5년공임-E편한세상 금빛 그랑메종)","경기도 성남시 중원구 금광로 39","경기도 성남시 중원구 금광로 39|경기도 성남시 중원구 금광로 39(금광동)","","37.4442146662575","127.162945888787","908","2022-11-23","C02762","성남금광1 B블록(5년공임-E편한세상 금빛 그랑메종)","CONSTRUCTION_RENTAL_COMPLEX","908","2022-11-23","C02762:공공임대(5년):460803:46.27:182","공공임대(5년)","460803","46.27","182","46.27","","","","https://www.data.go.kr/data/15050700/fileData.do","2025-09-18"
"lh:seongnam:0bf40a62f22f29c4","LH","SEONGNAM","중원구","CONSTRUCTION_RENTAL_COMPLEX","PUBLIC_RENTAL","성남금광1 B블록(5년공임-E편한세상 금빛 그랑메종)","경기도 성남시 중원구 금광로 39","경기도 성남시 중원구 금광로 39|경기도 성남시 중원구 금광로 39(금광동)","","37.4442146662575","127.162945888787","908","2022-11-23","C02762","성남금광1 B블록(5년공임-E편한세상 금빛 그랑메종)","CONSTRUCTION_RENTAL_COMPLEX","908","2022-11-23","C02762:공공임대(5년):460804:46.43:45","공공임대(5년)","460804","46.43","45","46.43","","","","https://www.data.go.kr/data/15050700/fileData.do","2025-09-18"
"lh:seongnam:0bf40a62f22f29c4","LH","SEONGNAM","중원구","CONSTRUCTION_RENTAL_COMPLEX","PUBLIC_RENTAL","성남금광1 B블록(5년공임-E편한세상 금빛 그랑메종)","경기도 성남시 중원구 금광로 39","경기도 성남시 중원구 금광로 39|경기도 성남시 중원구 금광로 39(금광동)","","37.4442146662575","127.162945888787","908","2022-11-23","C02762","성남금광1 B블록(5년공임-E편한세상 금빛 그랑메종)","CONSTRUCTION_RENTAL_COMPLEX","908","2022-11-23","C02762:공공임대(5년):510194:51.13:295","공공임대(5년)","510194","51.13","295","51.13","","","","https://www.data.go.kr/data/15050700/fileData.do","2025-09-18"
"lh:seongnam:0bf40a62f22f29c4","LH","SEONGNAM","중원구","CONSTRUCTION_RENTAL_COMPLEX","PUBLIC_RENTAL","성남금광1 B블록(5년공임-E편한세상 금빛 그랑메종)","경기도 성남시 중원구 금광로 39","경기도 성남시 중원구 금광로 39|경기도 성남시 중원구 금광로 39(금광동)","","37.4442146662575","127.162945888787","908","2022-11-23","C02762","성남금광1 B블록(5년공임-E편한세상 금빛 그랑메종)","CONSTRUCTION_RENTAL_COMPLEX","908","2022-11-23","C02762:공공임대(5년):510195:51.31:75","공공임대(5년)","510195","51.31","75","51.31","","","","https://www.data.go.kr/data/15050700/fileData.do","2025-09-18"
"lh:seongnam:01d2ce61d34e6b91","LH","SEONGNAM","중원구","PURCHASE_RENTAL_BUILDING","PURCHASE_RENTAL","매입다가구(경기성남시)","경기도 성남시 중원구 금빛로59번길 20-1","경기도 성남시 중원구 금빛로59번길 20-1|경기도 성남시 중원구 금빛로59번길 20-1(금광동)","","37.4467244850233","127.164991262121","8","2018-10-10","9687","매입다가구(경기성남시)","PURCHASE_RENTAL_BUILDING","8","2018-10-10","9687","기존주택매입임대","","246.78","8","246.78","","","","https://www.data.go.kr/data/15050701/fileData.do","2022-01-27"
"lh:seongnam:a4b76dd9dbd83b84","LH","SEONGNAM","중원구","PURCHASE_RENTAL_BUILDING","PURCHASE_RENTAL","매입다가구(경기성남시)","경기도 성남시 중원구 금상로 63","경기도 성남시 중원구 금상로 63|경기도 성남시 중원구 금상로 63(금광동)","","37.4409033736091","127.162797909776","22","2019-09-11","9688","매입다가구(경기성남시)","PURCHASE_RENTAL_BUILDING","22","2019-09-11","9688","기존주택매입임대","","479.8","22","479.8","","","","https://www.data.go.kr/data/15050701/fileData.do","2022-01-27"
"lh:seongnam:6ac1a85f3cb2c66c","LH","SEONGNAM","중원구","PURCHASE_RENTAL_BUILDING","PURCHASE_RENTAL","매입다가구(경기성남시)","경기도 성남시 중원구 금상로92번길","경기도 성남시 중원구 금상로92번길","","37.4406306556647","127.166535362029","8","1993-11-12","9689","매입다가구(경기성남시)","PURCHASE_RENTAL_BUILDING","8","1993-11-12","9689","기존주택매입임대","","1645.97","8","1645.97","","","","https://www.data.go.kr/data/15050701/fileData.do","2022-01-27"
"lh:seongnam:f2c5e001b860283a","LH","SEONGNAM","중원구","CONSTRUCTION_RENTAL_COMPLEX","NATIONAL_RENTAL","성남도촌8(국임)","경기도 성남시 중원구 도촌남로 134","경기도 성남시 중원구 도촌남로 134|경기도 성남시 중원구 도촌남로 134(도촌동,휴먼시아섬마을8단지아파트)","","37.4129311241899","127.159371641969","762","","C00925","성남도촌8(국임)","CONSTRUCTION_RENTAL_COMPLEX","762","","C00925:국민임대:36130:36.97:224","국민임대","36130","36.97","224","36.97","","","","https://www.data.go.kr/data/15050700/fileData.do","2025-09-18"
"lh:seongnam:f2c5e001b860283a","LH","SEONGNAM","중원구","CONSTRUCTION_RENTAL_COMPLEX","NATIONAL_RENTAL","성남도촌8(국임)","경기도 성남시 중원구 도촌남로 134","경기도 성남시 중원구 도촌남로 134|경기도 성남시 중원구 도촌남로 134(도촌동,휴먼시아섬마을8단지아파트)","","37.4129311241899","127.159371641969","762","","C00925","성남도촌8(국임)","CONSTRUCTION_RENTAL_COMPLEX","762","","C00925:국민임대:36134:36.97:54","국민임대","36134","36.97","54","36.97","","","","https://www.data.go.kr/data/15050700/fileData.do","2025-09-18"
"lh:seongnam:f2c5e001b860283a","LH","SEONGNAM","중원구","CONSTRUCTION_RENTAL_COMPLEX","NATIONAL_RENTAL","성남도촌8(국임)","경기도 성남시 중원구 도촌남로 134","경기도 성남시 중원구 도촌남로 134|경기도 성남시 중원구 도촌남로 134(도촌동,휴먼시아섬마을8단지아파트)","","37.4129311241899","127.159371641969","762","","C00925","성남도촌8(국임)","CONSTRUCTION_RENTAL_COMPLEX","762","","C00925:국민임대:46168:46.97:100","국민임대","46168","46.97","100","46.97","","","","https://www.data.go.kr/data/15050700/fileData.do","2025-09-18"
"lh:seongnam:f2c5e001b860283a","LH","SEONGNAM","중원구","CONSTRUCTION_RENTAL_COMPLEX","NATIONAL_RENTAL","성남도촌8(국임)","경기도 성남시 중원구 도촌남로 134","경기도 성남시 중원구 도촌남로 134|경기도 성남시 중원구 도촌남로 134(도촌동,휴먼시아섬마을8단지아파트)","","37.4129311241899","127.159371641969","762","","C00925","성남도촌8(국임)","CONSTRUCTION_RENTAL_COMPLEX","762","","C00925:국민임대:46169:46.97:100","국민임대","46169","46.97","100","46.97","","","","https://www.data.go.kr/data/15050700/fileData.do","2025-09-18"
"lh:seongnam:f2c5e001b860283a","LH","SEONGNAM","중원구","CONSTRUCTION_RENTAL_COMPLEX","NATIONAL_RENTAL","성남도촌8(국임)","경기도 성남시 중원구 도촌남로 134","경기도 성남시 중원구 도촌남로 134|경기도 성남시 중원구 도촌남로 134(도촌동,휴먼시아섬마을8단지아파트)","","37.4129311241899","127.159371641969","762","","C00925","성남도촌8(국임)","CONSTRUCTION_RENTAL_COMPLEX","762","","C00925:국민임대:46171:46.94:90","국민임대","46171","46.94","90","46.94","","","","https://www.data.go.kr/data/15050700/fileData.do","2025-09-18"
"lh:seongnam:f2c5e001b860283a","LH","SEONGNAM","중원구","CONSTRUCTION_RENTAL_COMPLEX","NATIONAL_RENTAL","성남도촌8(국임)","경기도 성남시 중원구 도촌남로 134","경기도 성남시 중원구 도촌남로 134|경기도 성남시 중원구 도촌남로 134(도촌동,휴먼시아섬마을8단지아파트)","","37.4129311241899","127.159371641969","762","","C00925","성남도촌8(국임)","CONSTRUCTION_RENTAL_COMPLEX","762","","C00925:국민임대:51222:51.96:88","국민임대","51222","51.96","88","51.96","","","","https://www.data.go.kr/data/15050700/fileData.do","2025-09-18"
"lh:seongnam:f2c5e001b860283a","LH","SEONGNAM","중원구","CONSTRUCTION_RENTAL_COMPLEX","NATIONAL_RENTAL","성남도촌8(국임)","경기도 성남시 중원구 도촌남로 134","경기도 성남시 중원구 도촌남로 134|경기도 성남시 중원구 도촌남로 134(도촌동,휴먼시아섬마을8단지아파트)","","37.4129311241899","127.159371641969","762","","C00925","성남도촌8(국임)","CONSTRUCTION_RENTAL_COMPLEX","762","","C00925:국민임대:51223:51.96:13","국민임대","51223","51.96","13","51.96","","","","https://www.data.go.kr/data/15050700/fileData.do","2025-09-18"
"lh:seongnam:f2c5e001b860283a","LH","SEONGNAM","중원구","CONSTRUCTION_RENTAL_COMPLEX","NATIONAL_RENTAL","성남도촌8(국임)","경기도 성남시 중원구 도촌남로 134","경기도 성남시 중원구 도촌남로 134|경기도 성남시 중원구 도촌남로 134(도촌동,휴먼시아섬마을8단지아파트)","","37.4129311241899","127.159371641969","762","","C00925","성남도촌8(국임)","CONSTRUCTION_RENTAL_COMPLEX","762","","C00925:국민임대:51225:51.87:15","국민임대","51225","51.87","15","51.87","","","","https://www.data.go.kr/data/15050700/fileData.do","2025-09-18"
"lh:seongnam:f2c5e001b860283a","LH","SEONGNAM","중원구","CONSTRUCTION_RENTAL_COMPLEX","NATIONAL_RENTAL","성남도촌8(국임)","경기도 성남시 중원구 도촌남로 134","경기도 성남시 중원구 도촌남로 134|경기도 성남시 중원구 도촌남로 134(도촌동,휴먼시아섬마을8단지아파트)","","37.4129311241899","127.159371641969","762","","C00925","성남도촌8(국임)","CONSTRUCTION_RENTAL_COMPLEX","762","","C00925:국민임대:59797:59.89:78","국민임대","59797","59.89","78","59.89","","","","https://www.data.go.kr/data/15050700/fileData.do","2025-09-18"
"lh:seongnam:96df5cd8ba63cf6c","LH","SEONGNAM","중원구","CONSTRUCTION_RENTAL_COMPLEX","NATIONAL_RENTAL","성남도촌9(국임)","경기도 성남시 중원구 도촌남로 148","경기도 성남시 중원구 도촌남로 148|경기도 성남시 중원구 도촌남로 148(도촌동,휴먼시아섬마을9단지아파트)","","37.412113203776","127.163510921729","1005","","C00926","성남도촌9(국임)","CONSTRUCTION_RENTAL_COMPLEX","1005","","C00926:국민임대:36131:36.98:114","국민임대","36131","36.98","114","36.98","","","","https://www.data.go.kr/data/15050700/fileData.do","2025-09-18"
"lh:seongnam:96df5cd8ba63cf6c","LH","SEONGNAM","중원구","CONSTRUCTION_RENTAL_COMPLEX","NATIONAL_RENTAL","성남도촌9(국임)","경기도 성남시 중원구 도촌남로 148","경기도 성남시 중원구 도촌남로 148|경기도 성남시 중원구 도촌남로 148(도촌동,휴먼시아섬마을9단지아파트)","","37.412113203776","127.163510921729","1005","","C00926","성남도촌9(국임)","CONSTRUCTION_RENTAL_COMPLEX","1005","","C00926:국민임대:36132:36.98:15","국민임대","36132","36.98","15","36.98","","","","https://www.data.go.kr/data/15050700/fileData.do","2025-09-18"
"lh:seongnam:96df5cd8ba63cf6c","LH","SEONGNAM","중원구","CONSTRUCTION_RENTAL_COMPLEX","NATIONAL_RENTAL","성남도촌9(국임)","경기도 성남시 중원구 도촌남로 148","경기도 성남시 중원구 도촌남로 148|경기도 성남시 중원구 도촌남로 148(도촌동,휴먼시아섬마을9단지아파트)","","37.412113203776","127.163510921729","1005","","C00926","성남도촌9(국임)","CONSTRUCTION_RENTAL_COMPLEX","1005","","C00926:국민임대:36484:36.98:220","국민임대","36484","36.98","220","36.98","","","","https://www.data.go.kr/data/15050700/fileData.do","2025-09-18"
"lh:seongnam:96df5cd8ba63cf6c","LH","SEONGNAM","중원구","CONSTRUCTION_RENTAL_COMPLEX","NATIONAL_RENTAL","성남도촌9(국임)","경기도 성남시 중원구 도촌남로 148","경기도 성남시 중원구 도촌남로 148|경기도 성남시 중원구 도촌남로 148(도촌동,휴먼시아섬마을9단지아파트)","","37.412113203776","127.163510921729","1005","","C00926","성남도촌9(국임)","CONSTRUCTION_RENTAL_COMPLEX","1005","","C00926:국민임대:46165:46.95:172","국민임대","46165","46.95","172","46.95","","","","https://www.data.go.kr/data/15050700/fileData.do","2025-09-18"
"lh:seongnam:96df5cd8ba63cf6c","LH","SEONGNAM","중원구","CONSTRUCTION_RENTAL_COMPLEX","NATIONAL_RENTAL","성남도촌9(국임)","경기도 성남시 중원구 도촌남로 148","경기도 성남시 중원구 도촌남로 148|경기도 성남시 중원구 도촌남로 148(도촌동,휴먼시아섬마을9단지아파트)","","37.412113203776","127.163510921729","1005","","C00926","성남도촌9(국임)","CONSTRUCTION_RENTAL_COMPLEX","1005","","C00926:국민임대:46166:46.95:116","국민임대","46166","46.95","116","46.95","","","","https://www.data.go.kr/data/15050700/fileData.do","2025-09-18"
"lh:seongnam:96df5cd8ba63cf6c","LH","SEONGNAM","중원구","CONSTRUCTION_RENTAL_COMPLEX","NATIONAL_RENTAL","성남도촌9(국임)","경기도 성남시 중원구 도촌남로 148","경기도 성남시 중원구 도촌남로 148|경기도 성남시 중원구 도촌남로 148(도촌동,휴먼시아섬마을9단지아파트)","","37.412113203776","127.163510921729","1005","","C00926","성남도촌9(국임)","CONSTRUCTION_RENTAL_COMPLEX","1005","","C00926:국민임대:46167:46.95:56","국민임대","46167","46.95","56","46.95","","","","https://www.data.go.kr/data/15050700/fileData.do","2025-09-18"
"lh:seongnam:96df5cd8ba63cf6c","LH","SEONGNAM","중원구","CONSTRUCTION_RENTAL_COMPLEX","NATIONAL_RENTAL","성남도촌9(국임)","경기도 성남시 중원구 도촌남로 148","경기도 성남시 중원구 도촌남로 148|경기도 성남시 중원구 도촌남로 148(도촌동,휴먼시아섬마을9단지아파트)","","37.412113203776","127.163510921729","1005","","C00926","성남도촌9(국임)","CONSTRUCTION_RENTAL_COMPLEX","1005","","C00926:국민임대:51696:51.99:130","국민임대","51696","51.99","130","51.99","","","","https://www.data.go.kr/data/15050700/fileData.do","2025-09-18"
"lh:seongnam:96df5cd8ba63cf6c","LH","SEONGNAM","중원구","CONSTRUCTION_RENTAL_COMPLEX","NATIONAL_RENTAL","성남도촌9(국임)","경기도 성남시 중원구 도촌남로 148","경기도 성남시 중원구 도촌남로 148|경기도 성남시 중원구 도촌남로 148(도촌동,휴먼시아섬마을9단지아파트)","","37.412113203776","127.163510921729","1005","","C00926","성남도촌9(국임)","CONSTRUCTION_RENTAL_COMPLEX","1005","","C00926:국민임대:51697:51.99:100","국민임대","51697","51.99","100","51.99","","","","https://www.data.go.kr/data/15050700/fileData.do","2025-09-18"
"lh:seongnam:96df5cd8ba63cf6c","LH","SEONGNAM","중원구","CONSTRUCTION_RENTAL_COMPLEX","NATIONAL_RENTAL","성남도촌9(국임)","경기도 성남시 중원구 도촌남로 148","경기도 성남시 중원구 도촌남로 148|경기도 성남시 중원구 도촌남로 148(도촌동,휴먼시아섬마을9단지아파트)","","37.412113203776","127.163510921729","1005","","C00926","성남도촌9(국임)","CONSTRUCTION_RENTAL_COMPLEX","1005","","C00926:국민임대:59796:59.93:82","국민임대","59796","59.93","82","59.93","","","","https://www.data.go.kr/data/15050700/fileData.do","2025-09-18"
"lh:seongnam:1ed2292d4b8c0aaa","LH","SEONGNAM","중원구","CONSTRUCTION_RENTAL_COMPLEX","NATIONAL_RENTAL","성남도촌1(국임)","경기도 성남시 중원구 도촌남로 22","경기도 성남시 중원구 도촌남로 22|경기도 성남시 중원구 도촌남로 22(도촌동,휴먼시아섬마을1단지아파트)","","37.4141393987401","127.148285002374","210","","C00006","성남도촌1(국임)","CONSTRUCTION_RENTAL_COMPLEX","210","","C00006:국민임대:059B79:59.98:210","국민임대","059B79","59.98","210","59.98","","","","https://www.data.go.kr/data/15050700/fileData.do","2025-09-18"
"lh:seongnam:0d12980634a9bb31","LH","SEONGNAM","중원구","CONSTRUCTION_RENTAL_COMPLEX","NATIONAL_RENTAL","성남도촌2(국임)","경기도 성남시 중원구 도촌남로 24","경기도 성남시 중원구 도촌남로 24|경기도 성남시 중원구 도촌남로 24(도촌동,휴먼시아섬마을2단지아파트)","","37.4140177388075","127.151148753472","534","","C00922","성남도촌2(국임)","CONSTRUCTION_RENTAL_COMPLEX","534","","C00922:국민임대:36130:36.97:209","국민임대","36130","36.97","209","36.97","","","","https://www.data.go.kr/data/15050700/fileData.do","2025-09-18"
"lh:seongnam:0d12980634a9bb31","LH","SEONGNAM","중원구","CONSTRUCTION_RENTAL_COMPLEX","NATIONAL_RENTAL","성남도촌2(국임)","경기도 성남시 중원구 도촌남로 24","경기도 성남시 중원구 도촌남로 24|경기도 성남시 중원구 도촌남로 24(도촌동,휴먼시아섬마을2단지아파트)","","37.4140177388075","127.151148753472","534","","C00922","성남도촌2(국임)","CONSTRUCTION_RENTAL_COMPLEX","534","","C00922:국민임대:36134:36.97:16","국민임대","36134","36.97","16","36.97","","","","https://www.data.go.kr/data/15050700/fileData.do","2025-09-18"
"lh:seongnam:0d12980634a9bb31","LH","SEONGNAM","중원구","CONSTRUCTION_RENTAL_COMPLEX","NATIONAL_RENTAL","성남도촌2(국임)","경기도 성남시 중원구 도촌남로 24","경기도 성남시 중원구 도촌남로 24|경기도 성남시 중원구 도촌남로 24(도촌동,휴먼시아섬마을2단지아파트)","","37.4140177388075","127.151148753472","534","","C00922","성남도촌2(국임)","CONSTRUCTION_RENTAL_COMPLEX","534","","C00922:국민임대:46168:46.97:116","국민임대","46168","46.97","116","46.97","","","","https://www.data.go.kr/data/15050700/fileData.do","2025-09-18"
"lh:seongnam:0d12980634a9bb31","LH","SEONGNAM","중원구","CONSTRUCTION_RENTAL_COMPLEX","NATIONAL_RENTAL","성남도촌2(국임)","경기도 성남시 중원구 도촌남로 24","경기도 성남시 중원구 도촌남로 24|경기도 성남시 중원구 도촌남로 24(도촌동,휴먼시아섬마을2단지아파트)","","37.4140177388075","127.151148753472","534","","C00922","성남도촌2(국임)","CONSTRUCTION_RENTAL_COMPLEX","534","","C00922:국민임대:46169:46.97:74","국민임대","46169","46.97","74","46.97","","","","https://www.data.go.kr/data/15050700/fileData.do","2025-09-18"
"lh:seongnam:0d12980634a9bb31","LH","SEONGNAM","중원구","CONSTRUCTION_RENTAL_COMPLEX","NATIONAL_RENTAL","성남도촌2(국임)","경기도 성남시 중원구 도촌남로 24","경기도 성남시 중원구 도촌남로 24|경기도 성남시 중원구 도촌남로 24(도촌동,휴먼시아섬마을2단지아파트)","","37.4140177388075","127.151148753472","534","","C00922","성남도촌2(국임)","CONSTRUCTION_RENTAL_COMPLEX","534","","C00922:국민임대:46170:46.74:30","국민임대","46170","46.74","30","46.74","","","","https://www.data.go.kr/data/15050700/fileData.do","2025-09-18"
"lh:seongnam:0d12980634a9bb31","LH","SEONGNAM","중원구","CONSTRUCTION_RENTAL_COMPLEX","NATIONAL_RENTAL","성남도촌2(국임)","경기도 성남시 중원구 도촌남로 24","경기도 성남시 중원구 도촌남로 24|경기도 성남시 중원구 도촌남로 24(도촌동,휴먼시아섬마을2단지아파트)","","37.4140177388075","127.151148753472","534","","C00922","성남도촌2(국임)","CONSTRUCTION_RENTAL_COMPLEX","534","","C00922:국민임대:51222:51.96:44","국민임대","51222","51.96","44","51.96","","","","https://www.data.go.kr/data/15050700/fileData.do","2025-09-18"
"lh:seongnam:0d12980634a9bb31","LH","SEONGNAM","중원구","CONSTRUCTION_RENTAL_COMPLEX","NATIONAL_RENTAL","성남도촌2(국임)","경기도 성남시 중원구 도촌남로 24","경기도 성남시 중원구 도촌남로 24|경기도 성남시 중원구 도촌남로 24(도촌동,휴먼시아섬마을2단지아파트)","","37.4140177388075","127.151148753472","534","","C00922","성남도촌2(국임)","CONSTRUCTION_RENTAL_COMPLEX","534","","C00922:국민임대:51223:51.96:30","국민임대","51223","51.96","30","51.96","","","","https://www.data.go.kr/data/15050700/fileData.do","2025-09-18"
"lh:seongnam:0d12980634a9bb31","LH","SEONGNAM","중원구","CONSTRUCTION_RENTAL_COMPLEX","NATIONAL_RENTAL","성남도촌2(국임)","경기도 성남시 중원구 도촌남로 24","경기도 성남시 중원구 도촌남로 24|경기도 성남시 중원구 도촌남로 24(도촌동,휴먼시아섬마을2단지아파트)","","37.4140177388075","127.151148753472","534","","C00922","성남도촌2(국임)","CONSTRUCTION_RENTAL_COMPLEX","534","","C00922:국민임대:51224:51.85:15","국민임대","51224","51.85","15","51.85","","","","https://www.data.go.kr/data/15050700/fileData.do","2025-09-18"
"lh:seongnam:f37865e04b53bcae","LH","SEONGNAM","중원구","CONSTRUCTION_RENTAL_COMPLEX","NATIONAL_RENTAL","성남도촌4(국임)","경기도 성남시 중원구 도촌남로 69","경기도 성남시 중원구 도촌남로 69|경기도 성남시 중원구 도촌남로 69(도촌동,휴먼시아섬마을4단지아파트)","","37.414639107976","127.155573443844","458","","C00924","성남도촌4(국임)","CONSTRUCTION_RENTAL_COMPLEX","458","","C00924:국민임대:36605:36.98:196","국민임대","36605","36.98","196","36.98","","","","https://www.data.go.kr/data/15050700/fileData.do","2025-09-18"
"lh:seongnam:f37865e04b53bcae","LH","SEONGNAM","중원구","CONSTRUCTION_RENTAL_COMPLEX","NATIONAL_RENTAL","성남도촌4(국임)","경기도 성남시 중원구 도촌남로 69","경기도 성남시 중원구 도촌남로 69|경기도 성남시 중원구 도촌남로 69(도촌동,휴먼시아섬마을4단지아파트)","","37.414639107976","127.155573443844","458","","C00924","성남도촌4(국임)","CONSTRUCTION_RENTAL_COMPLEX","458","","C00924:국민임대:36606:36.98:6","국민임대","36606","36.98","6","36.98","","","","https://www.data.go.kr/data/15050700/fileData.do","2025-09-18"
"lh:seongnam:f37865e04b53bcae","LH","SEONGNAM","중원구","CONSTRUCTION_RENTAL_COMPLEX","NATIONAL_RENTAL","성남도촌4(국임)","경기도 성남시 중원구 도촌남로 69","경기도 성남시 중원구 도촌남로 69|경기도 성남시 중원구 도촌남로 69(도촌동,휴먼시아섬마을4단지아파트)","","37.414639107976","127.155573443844","458","","C00924","성남도촌4(국임)","CONSTRUCTION_RENTAL_COMPLEX","458","","C00924:국민임대:46168:46.97:52","국민임대","46168","46.97","52","46.97","","","","https://www.data.go.kr/data/15050700/fileData.do","2025-09-18"
"lh:seongnam:f37865e04b53bcae","LH","SEONGNAM","중원구","CONSTRUCTION_RENTAL_COMPLEX","NATIONAL_RENTAL","성남도촌4(국임)","경기도 성남시 중원구 도촌남로 69","경기도 성남시 중원구 도촌남로 69|경기도 성남시 중원구 도촌남로 69(도촌동,휴먼시아섬마을4단지아파트)","","37.414639107976","127.155573443844","458","","C00924","성남도촌4(국임)","CONSTRUCTION_RENTAL_COMPLEX","458","","C00924:국민임대:46169:46.97:112","국민임대","46169","46.97","112","46.97","","","","https://www.data.go.kr/data/15050700/fileData.do","2025-09-18"
"lh:seongnam:f37865e04b53bcae","LH","SEONGNAM","중원구","CONSTRUCTION_RENTAL_COMPLEX","NATIONAL_RENTAL","성남도촌4(국임)","경기도 성남시 중원구 도촌남로 69","경기도 성남시 중원구 도촌남로 69|경기도 성남시 중원구 도촌남로 69(도촌동,휴먼시아섬마을4단지아파트)","","37.414639107976","127.155573443844","458","","C00924","성남도촌4(국임)","CONSTRUCTION_RENTAL_COMPLEX","458","","C00924:국민임대:46172:46.86:44","국민임대","46172","46.86","44","46.86","","","","https://www.data.go.kr/data/15050700/fileData.do","2025-09-18"
"lh:seongnam:f37865e04b53bcae","LH","SEONGNAM","중원구","CONSTRUCTION_RENTAL_COMPLEX","NATIONAL_RENTAL","성남도촌4(국임)","경기도 성남시 중원구 도촌남로 69","경기도 성남시 중원구 도촌남로 69|경기도 성남시 중원구 도촌남로 69(도촌동,휴먼시아섬마을4단지아파트)","","37.414639107976","127.155573443844","458","","C00924","성남도촌4(국임)","CONSTRUCTION_RENTAL_COMPLEX","458","","C00924:국민임대:51774:51.99:42","국민임대","51774","51.99","42","51.99","","","","https://www.data.go.kr/data/15050700/fileData.do","2025-09-18"
"lh:seongnam:f37865e04b53bcae","LH","SEONGNAM","중원구","CONSTRUCTION_RENTAL_COMPLEX","NATIONAL_RENTAL","성남도촌4(국임)","경기도 성남시 중원구 도촌남로 69","경기도 성남시 중원구 도촌남로 69|경기도 성남시 중원구 도촌남로 69(도촌동,휴먼시아섬마을4단지아파트)","","37.414639107976","127.155573443844","458","","C00924","성남도촌4(국임)","CONSTRUCTION_RENTAL_COMPLEX","458","","C00924:국민임대:51775:51.99:6","국민임대","51775","51.99","6","51.99","","","","https://www.data.go.kr/data/15050700/fileData.do","2025-09-18"
"lh:seongnam:622315463fa999b4","LH","SEONGNAM","중원구","PURCHASE_RENTAL_BUILDING","PURCHASE_RENTAL","매입다가구(경기성남시)","경기도 성남시 중원구 둔촌대로 156-8","경기도 성남시 중원구 둔촌대로 156-8|경기도 성남시 중원구 둔촌대로 156-8(하대원동)","","37.4285343267091","127.135992144594","40","2019-06-12","9690","매입다가구(경기성남시)","PURCHASE_RENTAL_BUILDING","40","2019-06-12","9690","기존주택매입임대","","258.66","40","258.66","","","","https://www.data.go.kr/data/15050701/fileData.do","2022-01-27"
"lh:seongnam:66cfbf126b29855c","LH","SEONGNAM","중원구","PURCHASE_RENTAL_BUILDING","PURCHASE_RENTAL","매입다가구(경기성남시)","경기도 성남시 중원구 둔촌대로413번길 43","경기도 성남시 중원구 둔촌대로413번길 43|경기도 성남시 중원구 둔촌대로413번길 43(상대원동)","","37.436961050564","127.162750047845","12","2017-07-04","9691","매입다가구(경기성남시)","PURCHASE_RENTAL_BUILDING","12","2017-07-04","9691","기존주택매입임대","","2283.68","12","2283.68","","","","https://www.data.go.kr/data/15050701/fileData.do","2022-01-27"
"lh:seongnam:5ad22beb813b983d","LH","SEONGNAM","중원구","CONSTRUCTION_RENTAL_COMPLEX","NATIONAL_RENTAL|PERMANENT_RENTAL","성남여수1","경기도 성남시 중원구 둔촌대로63번길 11","경기도 성남시 중원구 둔촌대로63번길 11|경기도 성남시 중원구 둔촌대로63번길 11(성남동)","","37.4323526881447","127.125194717025","658","2017-09-01","C02143","성남여수1","CONSTRUCTION_RENTAL_COMPLEX","658","2017-09-01","C02143:국민임대:26432:26.98:230","국민임대","26432","26.98","230","26.98","","","","https://www.data.go.kr/data/15050700/fileData.do","2025-09-18"
"lh:seongnam:5ad22beb813b983d","LH","SEONGNAM","중원구","CONSTRUCTION_RENTAL_COMPLEX","NATIONAL_RENTAL|PERMANENT_RENTAL","성남여수1","경기도 성남시 중원구 둔촌대로63번길 11","경기도 성남시 중원구 둔촌대로63번길 11|경기도 성남시 중원구 둔촌대로63번길 11(성남동)","","37.4323526881447","127.125194717025","658","2017-09-01","C02143","성남여수1","CONSTRUCTION_RENTAL_COMPLEX","658","2017-09-01","C02143:국민임대:26433:26.98:18","국민임대","26433","26.98","18","26.98","","","","https://www.data.go.kr/data/15050700/fileData.do","2025-09-18"
"lh:seongnam:5ad22beb813b983d","LH","SEONGNAM","중원구","CONSTRUCTION_RENTAL_COMPLEX","NATIONAL_RENTAL|PERMANENT_RENTAL","성남여수1","경기도 성남시 중원구 둔촌대로63번길 11","경기도 성남시 중원구 둔촌대로63번길 11|경기도 성남시 중원구 둔촌대로63번길 11(성남동)","","37.4323526881447","127.125194717025","658","2017-09-01","C02143","성남여수1","CONSTRUCTION_RENTAL_COMPLEX","658","2017-09-01","C02143:국민임대:37026:37.64:156","국민임대","37026","37.64","156","37.64","","","","https://www.data.go.kr/data/15050700/fileData.do","2025-09-18"
"lh:seongnam:5ad22beb813b983d","LH","SEONGNAM","중원구","CONSTRUCTION_RENTAL_COMPLEX","NATIONAL_RENTAL|PERMANENT_RENTAL","성남여수1","경기도 성남시 중원구 둔촌대로63번길 11","경기도 성남시 중원구 둔촌대로63번길 11|경기도 성남시 중원구 둔촌대로63번길 11(성남동)","","37.4323526881447","127.125194717025","658","2017-09-01","C02143","성남여수1","CONSTRUCTION_RENTAL_COMPLEX","658","2017-09-01","C02143:국민임대:45152:45.71:130","국민임대","45152","45.71","130","45.71","","","","https://www.data.go.kr/data/15050700/fileData.do","2025-09-18"
"lh:seongnam:5ad22beb813b983d","LH","SEONGNAM","중원구","CONSTRUCTION_RENTAL_COMPLEX","NATIONAL_RENTAL|PERMANENT_RENTAL","성남여수1","경기도 성남시 중원구 둔촌대로63번길 11","경기도 성남시 중원구 둔촌대로63번길 11|경기도 성남시 중원구 둔촌대로63번길 11(성남동)","","37.4323526881447","127.125194717025","658","2017-09-01","C02143","성남여수1","CONSTRUCTION_RENTAL_COMPLEX","658","2017-09-01","C02143:영구임대:240026:24.98:52","영구임대","240026","24.98","52","24.98","","","","https://www.data.go.kr/data/15050700/fileData.do","2025-09-18"
"lh:seongnam:5ad22beb813b983d","LH","SEONGNAM","중원구","CONSTRUCTION_RENTAL_COMPLEX","NATIONAL_RENTAL|PERMANENT_RENTAL","성남여수1","경기도 성남시 중원구 둔촌대로63번길 11","경기도 성남시 중원구 둔촌대로63번길 11|경기도 성남시 중원구 둔촌대로63번길 11(성남동)","","37.4323526881447","127.125194717025","658","2017-09-01","C02143","성남여수1","CONSTRUCTION_RENTAL_COMPLEX","658","2017-09-01","C02143:영구임대:24026:24.98:54","영구임대","24026","24.98","54","24.98","","","","https://www.data.go.kr/data/15050700/fileData.do","2025-09-18"
"lh:seongnam:5ad22beb813b983d","LH","SEONGNAM","중원구","CONSTRUCTION_RENTAL_COMPLEX","NATIONAL_RENTAL|PERMANENT_RENTAL","성남여수1","경기도 성남시 중원구 둔촌대로63번길 11","경기도 성남시 중원구 둔촌대로63번길 11|경기도 성남시 중원구 둔촌대로63번길 11(성남동)","","37.4323526881447","127.125194717025","658","2017-09-01","C02143","성남여수1","CONSTRUCTION_RENTAL_COMPLEX","658","2017-09-01","C02143:영구임대:24027:24.98:18","영구임대","24027","24.98","18","24.98","","","","https://www.data.go.kr/data/15050700/fileData.do","2025-09-18"
"lh:seongnam:42ab9d18f8f77c59","LH","SEONGNAM","중원구","PURCHASE_RENTAL_BUILDING","PURCHASE_RENTAL","매입다가구(경기성남시)","경기도 성남시 중원구 박석로15번길 27","경기도 성남시 중원구 박석로15번길 27|경기도 성남시 중원구 박석로15번길 27(상대원동)","","37.4341288742774","127.162957693012","8","2017-01-23","9695","매입다가구(경기성남시)","PURCHASE_RENTAL_BUILDING","8","2017-01-23","9695","기존주택매입임대","","523.88","8","523.88","","","","https://www.data.go.kr/data/15050701/fileData.do","2022-01-27"
"lh:seongnam:deeff77ff9b8d70c","LH","SEONGNAM","중원구","PURCHASE_RENTAL_BUILDING","PURCHASE_RENTAL","매입다가구(경기성남시)","경기도 성남시 중원구 박석로41번길 16-5","경기도 성남시 중원구 박석로41번길 16-5|경기도 성남시 중원구 박석로41번길 16-5(상대원동)","","37.4368793059934","127.164134730859","52","2017-12-11","9696","매입다가구(경기성남시)","PURCHASE_RENTAL_BUILDING","42","2017-12-11","9696","기존주택매입임대","","345.11","42","345.11","","","","https://www.data.go.kr/data/15050701/fileData.do","2022-01-27"
"lh:seongnam:deeff77ff9b8d70c","LH","SEONGNAM","중원구","PURCHASE_RENTAL_BUILDING","PURCHASE_RENTAL","매입다가구(경기성남시)","경기도 성남시 중원구 박석로41번길 16-5","경기도 성남시 중원구 박석로41번길 16-5|경기도 성남시 중원구 박석로41번길 16-5(상대원동)","","37.4368793059934","127.164134730859","52","2017-12-11","9697","매입다가구(경기성남시)","PURCHASE_RENTAL_BUILDING","10","2017-12-11","9697","기존주택매입임대","","860.855","10","860.855","","","","https://www.data.go.kr/data/15050701/fileData.do","2022-01-27"
"lh:seongnam:ecd84d98c8e55f82","LH","SEONGNAM","중원구","PURCHASE_RENTAL_BUILDING","PURCHASE_RENTAL","매입다가구(경기성남시)","경기도 성남시 중원구 산성대로 162","경기도 성남시 중원구 산성대로 162|경기도 성남시 중원구 산성대로 162(성남동)","","37.4349332101045","127.137275102301","29","2019-07-10","9698","매입다가구(경기성남시)","PURCHASE_RENTAL_BUILDING","10","2019-07-10","9698","기존주택매입임대","","540.165","10","540.165","","","","https://www.data.go.kr/data/15050701/fileData.do","2022-01-27"
"lh:seongnam:ecd84d98c8e55f82","LH","SEONGNAM","중원구","PURCHASE_RENTAL_BUILDING","PURCHASE_RENTAL","매입다가구(경기성남시)","경기도 성남시 중원구 산성대로 162","경기도 성남시 중원구 산성대로 162|경기도 성남시 중원구 산성대로 162(성남동)","","37.4349332101045","127.137275102301","29","2019-07-10","9699","매입다가구(경기성남시)","PURCHASE_RENTAL_BUILDING","19","2019-07-10","9699","기존주택매입임대","","829.45","19","829.45","","","","https://www.data.go.kr/data/15050701/fileData.do","2022-01-27"
"lh:seongnam:ec0bdc17823255f5","LH","SEONGNAM","중원구","PURCHASE_RENTAL_BUILDING","PURCHASE_RENTAL","매입다가구(경기성남시)","경기도 성남시 중원구 산성대로562번길","경기도 성남시 중원구 산성대로562번길","","37.4600099025905","127.167113296717","5","1990-05-18","9700","매입다가구(경기성남시)","PURCHASE_RENTAL_BUILDING","5","1990-05-18","9700","기존주택매입임대","","1584.16","5","1584.16","","","","https://www.data.go.kr/data/15050701/fileData.do","2022-01-27"
"lh:seongnam:d3a05e61c56b4142","LH","SEONGNAM","중원구","PURCHASE_RENTAL_BUILDING","PURCHASE_RENTAL","매입다가구(경기성남시)","경기도 성남시 중원구 성남대로997번길 11","경기도 성남시 중원구 성남대로997번길 11|경기도 성남시 중원구 성남대로997번길 11(여수동)","","37.4185567290672","127.12742295366","20","2019-09-02","9701","매입다가구(경기성남시)","PURCHASE_RENTAL_BUILDING","20","2019-09-02","9701","기존주택매입임대","","208.65","20","208.65","","","","https://www.data.go.kr/data/15050701/fileData.do","2022-01-27"
"lh:seongnam:7efae4c485a8aac0","LH","SEONGNAM","중원구","PURCHASE_RENTAL_BUILDING","PURCHASE_RENTAL","매입다가구(경기성남시)","경기도 성남시 중원구 순환로124번길","경기도 성남시 중원구 순환로124번길","","37.4354835279992","127.179872984977","7","1999-08-19","9702","매입다가구(경기성남시)","PURCHASE_RENTAL_BUILDING","7","1999-08-19","9702","기존주택매입임대","","904.56","7","904.56","","","","https://www.data.go.kr/data/15050701/fileData.do","2022-01-27"
"lh:seongnam:b1461483f16df64f","LH","SEONGNAM","중원구","CONSTRUCTION_RENTAL_COMPLEX","PUBLIC_RENTAL","성남여수C-1블럭","경기도 성남시 중원구 여수울로 50","경기도 성남시 중원구 여수울로|경기도 성남시 중원구 여수울로 50","","37.4183886570818","127.134922867699","10","2012-09-01","C01637","성남여수C-1블럭","CONSTRUCTION_RENTAL_COMPLEX","10","2012-09-01","C01637:공공임대(10년):101191:101.99:4","공공임대(10년)","101191","101.99","4","101.99","","","","https://www.data.go.kr/data/15050700/fileData.do","2025-09-18"
"lh:seongnam:b1461483f16df64f","LH","SEONGNAM","중원구","CONSTRUCTION_RENTAL_COMPLEX","PUBLIC_RENTAL","성남여수C-1블럭","경기도 성남시 중원구 여수울로 50","경기도 성남시 중원구 여수울로|경기도 성남시 중원구 여수울로 50","","37.4183886570818","127.134922867699","10","2012-09-01","C01637","성남여수C-1블럭","CONSTRUCTION_RENTAL_COMPLEX","10","2012-09-01","C01637:공공임대(10년):120027:120.97:5","공공임대(10년)","120027","120.97","5","120.97","","","","https://www.data.go.kr/data/15050700/fileData.do","2025-09-18"
"lh:seongnam:b1461483f16df64f","LH","SEONGNAM","중원구","CONSTRUCTION_RENTAL_COMPLEX","PUBLIC_RENTAL","성남여수C-1블럭","경기도 성남시 중원구 여수울로 50","경기도 성남시 중원구 여수울로|경기도 성남시 중원구 여수울로 50","","37.4183886570818","127.134922867699","10","2012-09-01","C01637","성남여수C-1블럭","CONSTRUCTION_RENTAL_COMPLEX","10","2012-09-01","C01637:공공임대(10년):120028:120.97:1","공공임대(10년)","120028","120.97","1","120.97","","","","https://www.data.go.kr/data/15050700/fileData.do","2025-09-18"
"lh:seongnam:9f1bff8296acb2fb","LH","SEONGNAM","중원구","CONSTRUCTION_RENTAL_COMPLEX","PUBLIC_RENTAL","성남여수(06) 2단지","경기도 성남시 중원구 여수울로 51","경기도 성남시 중원구 여수울로 51|경기도 성남시 중원구 여수울로 51(여수동,산들마을)","","37.4205766551326","127.136521703504","204","2015-09-03","C01782","성남여수(06) 2단지","CONSTRUCTION_RENTAL_COMPLEX","204","2015-09-03","C01782:공공임대(10년):059P52:59.94:13","공공임대(10년)","059P52","59.94","13","59.94","","","","https://www.data.go.kr/data/15050700/fileData.do","2025-09-18"
"lh:seongnam:9f1bff8296acb2fb","LH","SEONGNAM","중원구","CONSTRUCTION_RENTAL_COMPLEX","PUBLIC_RENTAL","성남여수(06) 2단지","경기도 성남시 중원구 여수울로 51","경기도 성남시 중원구 여수울로 51|경기도 성남시 중원구 여수울로 51(여수동,산들마을)","","37.4205766551326","127.136521703504","204","2015-09-03","C01782","성남여수(06) 2단지","CONSTRUCTION_RENTAL_COMPLEX","204","2015-09-03","C01782:공공임대(10년):059P53:59.98:14","공공임대(10년)","059P53","59.98","14","59.98","","","","https://www.data.go.kr/data/15050700/fileData.do","2025-09-18"
"lh:seongnam:9f1bff8296acb2fb","LH","SEONGNAM","중원구","CONSTRUCTION_RENTAL_COMPLEX","PUBLIC_RENTAL","성남여수(06) 2단지","경기도 성남시 중원구 여수울로 51","경기도 성남시 중원구 여수울로 51|경기도 성남시 중원구 여수울로 51(여수동,산들마을)","","37.4205766551326","127.136521703504","204","2015-09-03","C01782","성남여수(06) 2단지","CONSTRUCTION_RENTAL_COMPLEX","204","2015-09-03","C01782:공공임대(10년):5.10E+100:51.53:16","공공임대(10년)","5.10E+100","51.53","16","51.53","","","","https://www.data.go.kr/data/15050700/fileData.do","2025-09-18"
"lh:seongnam:9f1bff8296acb2fb","LH","SEONGNAM","중원구","CONSTRUCTION_RENTAL_COMPLEX","PUBLIC_RENTAL","성남여수(06) 2단지","경기도 성남시 중원구 여수울로 51","경기도 성남시 중원구 여수울로 51|경기도 성남시 중원구 여수울로 51(여수동,산들마을)","","37.4205766551326","127.136521703504","204","2015-09-03","C01782","성남여수(06) 2단지","CONSTRUCTION_RENTAL_COMPLEX","204","2015-09-03","C01782:공공임대(10년):5.10E+96:51.93:108","공공임대(10년)","5.10E+96","51.93","108","51.93","","","","https://www.data.go.kr/data/15050700/fileData.do","2025-09-18"
"lh:seongnam:9f1bff8296acb2fb","LH","SEONGNAM","중원구","CONSTRUCTION_RENTAL_COMPLEX","PUBLIC_RENTAL","성남여수(06) 2단지","경기도 성남시 중원구 여수울로 51","경기도 성남시 중원구 여수울로 51|경기도 성남시 중원구 여수울로 51(여수동,산들마을)","","37.4205766551326","127.136521703504","204","2015-09-03","C01782","성남여수(06) 2단지","CONSTRUCTION_RENTAL_COMPLEX","204","2015-09-03","C01782:공공임대(10년):5.10E+98:51.71:11","공공임대(10년)","5.10E+98","51.71","11","51.71","","","","https://www.data.go.kr/data/15050700/fileData.do","2025-09-18"
"lh:seongnam:9f1bff8296acb2fb","LH","SEONGNAM","중원구","CONSTRUCTION_RENTAL_COMPLEX","PUBLIC_RENTAL","성남여수(06) 2단지","경기도 성남시 중원구 여수울로 51","경기도 성남시 중원구 여수울로 51|경기도 성남시 중원구 여수울로 51(여수동,산들마을)","","37.4205766551326","127.136521703504","204","2015-09-03","C01782","성남여수(06) 2단지","CONSTRUCTION_RENTAL_COMPLEX","204","2015-09-03","C01782:공공임대(분납):051F00:51.53:5","공공임대(분납)","051F00","51.53","5","51.53","","","","https://www.data.go.kr/data/15050700/fileData.do","2025-09-18"
"lh:seongnam:9f1bff8296acb2fb","LH","SEONGNAM","중원구","CONSTRUCTION_RENTAL_COMPLEX","PUBLIC_RENTAL","성남여수(06) 2단지","경기도 성남시 중원구 여수울로 51","경기도 성남시 중원구 여수울로 51|경기도 성남시 중원구 여수울로 51(여수동,산들마을)","","37.4205766551326","127.136521703504","204","2015-09-03","C01782","성남여수(06) 2단지","CONSTRUCTION_RENTAL_COMPLEX","204","2015-09-03","C01782:공공임대(분납):059P54:59.98:3","공공임대(분납)","059P54","59.98","3","59.98","","","","https://www.data.go.kr/data/15050700/fileData.do","2025-09-18"
"lh:seongnam:9f1bff8296acb2fb","LH","SEONGNAM","중원구","CONSTRUCTION_RENTAL_COMPLEX","PUBLIC_RENTAL","성남여수(06) 2단지","경기도 성남시 중원구 여수울로 51","경기도 성남시 중원구 여수울로 51|경기도 성남시 중원구 여수울로 51(여수동,산들마을)","","37.4205766551326","127.136521703504","204","2015-09-03","C01782","성남여수(06) 2단지","CONSTRUCTION_RENTAL_COMPLEX","204","2015-09-03","C01782:공공임대(분납):5.10E+13:51.91:3","공공임대(분납)","5.10E+13","51.91","3","51.91","","","","https://www.data.go.kr/data/15050700/fileData.do","2025-09-18"
"lh:seongnam:9f1bff8296acb2fb","LH","SEONGNAM","중원구","CONSTRUCTION_RENTAL_COMPLEX","PUBLIC_RENTAL","성남여수(06) 2단지","경기도 성남시 중원구 여수울로 51","경기도 성남시 중원구 여수울로 51|경기도 성남시 중원구 여수울로 51(여수동,산들마을)","","37.4205766551326","127.136521703504","204","2015-09-03","C01782","성남여수(06) 2단지","CONSTRUCTION_RENTAL_COMPLEX","204","2015-09-03","C01782:공공임대(분납):5.10E+97:51.93:28","공공임대(분납)","5.10E+97","51.93","28","51.93","","","","https://www.data.go.kr/data/15050700/fileData.do","2025-09-18"
"lh:seongnam:9f1bff8296acb2fb","LH","SEONGNAM","중원구","CONSTRUCTION_RENTAL_COMPLEX","PUBLIC_RENTAL","성남여수(06) 2단지","경기도 성남시 중원구 여수울로 51","경기도 성남시 중원구 여수울로 51|경기도 성남시 중원구 여수울로 51(여수동,산들마을)","","37.4205766551326","127.136521703504","204","2015-09-03","C01782","성남여수(06) 2단지","CONSTRUCTION_RENTAL_COMPLEX","204","2015-09-03","C01782:공공임대(분납):5.10E+99:51.71:3","공공임대(분납)","5.10E+99","51.71","3","51.71","","","","https://www.data.go.kr/data/15050700/fileData.do","2025-09-18"
"lh:seongnam:4460066e137139e2","LH","SEONGNAM","중원구","PURCHASE_RENTAL_BUILDING","PURCHASE_RENTAL","매입다가구(경기성남시)","경기도 성남시 중원구 원터로 34","경기도 성남시 중원구 원터로 34|경기도 성남시 중원구 원터로 34(하대원동)","","37.4302988201994","127.144617981754","24","2019-09-09","9703","매입다가구(경기성남시)","PURCHASE_RENTAL_BUILDING","8","2019-09-09","9703","기존주택매입임대","","385.47","8","385.47","","","","https://www.data.go.kr/data/15050701/fileData.do","2022-01-27"
"lh:seongnam:4460066e137139e2","LH","SEONGNAM","중원구","PURCHASE_RENTAL_BUILDING","PURCHASE_RENTAL","매입다가구(경기성남시)","경기도 성남시 중원구 원터로 34","경기도 성남시 중원구 원터로 34|경기도 성남시 중원구 원터로 34(하대원동)","","37.4302988201994","127.144617981754","24","2019-09-09","9704","매입다가구(경기성남시)","PURCHASE_RENTAL_BUILDING","8","2019-09-09","9704","기존주택매입임대","","562.48","8","562.48","","","","https://www.data.go.kr/data/15050701/fileData.do","2022-01-27"
"lh:seongnam:4460066e137139e2","LH","SEONGNAM","중원구","PURCHASE_RENTAL_BUILDING","PURCHASE_RENTAL","매입다가구(경기성남시)","경기도 성남시 중원구 원터로 34","경기도 성남시 중원구 원터로 34|경기도 성남시 중원구 원터로 34(하대원동)","","37.4302988201994","127.144617981754","24","2019-09-09","9705","매입다가구(경기성남시)","PURCHASE_RENTAL_BUILDING","8","2019-09-09","9705","기존주택매입임대","","547.92","8","547.92","","","","https://www.data.go.kr/data/15050701/fileData.do","2022-01-27"
"lh:seongnam:3e0cc625babf6344","LH","SEONGNAM","중원구","PURCHASE_RENTAL_BUILDING","PURCHASE_RENTAL","매입다가구(경기성남시)","경기도 성남시 중원구 원터로105번길","경기도 성남시 중원구 원터로105번길","","37.4351337140021","127.140699573921","7","1998-01-09","9706","매입다가구(경기성남시)","PURCHASE_RENTAL_BUILDING","7","1998-01-09","9706","기존주택매입임대","","547.44","7","547.44","","","","https://www.data.go.kr/data/15050701/fileData.do","2022-01-27"
"lh:seongnam:42c94fd5cd320118","LH","SEONGNAM","중원구","PURCHASE_RENTAL_BUILDING","PURCHASE_RENTAL","매입다가구(경기성남시)","경기도 성남시 중원구 원터로75번길 11-16","경기도 성남시 중원구 원터로75번길 11-16|경기도 성남시 중원구 원터로75번길 11-16(성남동)","","37.4327634583281","127.141416228524","6","2019-01-07","9707","매입다가구(경기성남시)","PURCHASE_RENTAL_BUILDING","6","2019-01-07","9707","기존주택매입임대","","422.03","6","422.03","","","","https://www.data.go.kr/data/15050701/fileData.do","2022-01-27"
"lh:seongnam:44eeea6fd22404b9","LH","SEONGNAM","중원구","PURCHASE_RENTAL_BUILDING","PURCHASE_RENTAL","매입다가구(경기성남시)","경기도 성남시 중원구 원터로75번길 2","경기도 성남시 중원구 원터로75번길 2|경기도 성남시 중원구 원터로75번길 2(성남동)","","37.4337851917853","127.142481837054","7","2017-08-02","9708","매입다가구(경기성남시)","PURCHASE_RENTAL_BUILDING","7","2017-08-02","9708","기존주택매입임대","","442.68","7","442.68","","","","https://www.data.go.kr/data/15050701/fileData.do","2022-01-27"
"lh:seongnam:68c678858871db4e","LH","SEONGNAM","중원구","PURCHASE_RENTAL_BUILDING","PURCHASE_RENTAL","매입다가구(경기성남시)","경기도 성남시 중원구 원터로93번길","경기도 성남시 중원구 원터로93번길","","37.4343398986978","127.141471848067","7","2008-12-02","9709","매입다가구(경기성남시)","PURCHASE_RENTAL_BUILDING","7","2008-12-02","9709","기존주택매입임대","","382.095","7","382.095","","","","https://www.data.go.kr/data/15050701/fileData.do","2022-01-27"
"lh:seongnam:726638d5d636a102","LH","SEONGNAM","중원구","PURCHASE_RENTAL_BUILDING","PURCHASE_RENTAL","매입다가구(경기성남시)","경기도 성남시 중원구 은이로5번길","경기도 성남시 중원구 은이로5번길","","37.4586438203765","127.165554776606","15","1994-09-15","9710","매입다가구(경기성남시)","PURCHASE_RENTAL_BUILDING","7","1994-09-15","9710","기존주택매입임대","","392.21","7","392.21","","","","https://www.data.go.kr/data/15050701/fileData.do","2022-01-27"
"lh:seongnam:726638d5d636a102","LH","SEONGNAM","중원구","PURCHASE_RENTAL_BUILDING","PURCHASE_RENTAL","매입다가구(경기성남시)","경기도 성남시 중원구 은이로5번길","경기도 성남시 중원구 은이로5번길","","37.4586438203765","127.165554776606","15","1994-09-15","9711","매입다가구(경기성남시)","PURCHASE_RENTAL_BUILDING","8","1994-09-26","9711","기존주택매입임대","","432.875","8","432.875","","","","https://www.data.go.kr/data/15050701/fileData.do","2022-01-27"
"lh:seongnam:4f225b20c65170a3","LH","SEONGNAM","중원구","PURCHASE_RENTAL_BUILDING","PURCHASE_RENTAL","매입다가구(경기성남시)","경기도 성남시 중원구 자혜로44번길","경기도 성남시 중원구 자혜로44번길","","37.449824722948","127.164709772417","8","2009-10-26","9712","매입다가구(경기성남시)","PURCHASE_RENTAL_BUILDING","8","2009-10-26","9712","기존주택매입임대","","455.68","8","455.68","","","","https://www.data.go.kr/data/15050701/fileData.do","2022-01-27"
"lh:seongnam:e1590a2aad6ab411","LH","SEONGNAM","중원구","PURCHASE_RENTAL_BUILDING","PURCHASE_RENTAL","매입다가구(경기성남시)","경기도 성남시 중원구 제일로 15","경기도 성남시 중원구 제일로 15|경기도 성남시 중원구 제일로 15(하대원동)","","37.4284607617314","127.137353329671","66","2019-05-15","9713","매입다가구(경기성남시)","PURCHASE_RENTAL_BUILDING","66","2019-05-15","9713","기존주택매입임대","","276.8","66","276.8","","","","https://www.data.go.kr/data/15050701/fileData.do","2022-01-27"
"lh:seongnam:f3177db455bd72d2","LH","SEONGNAM","중원구","PURCHASE_RENTAL_BUILDING","PURCHASE_RENTAL","매입다가구(경기성남시)","경기도 성남시 중원구 제일로33번길","경기도 성남시 중원구 제일로33번길","","37.4298188806504","127.136248569008","6","1993-09-10","9714","매입다가구(경기성남시)","PURCHASE_RENTAL_BUILDING","6","1993-09-10","9714","기존주택매입임대","","2415.32","6","2415.32","","","","https://www.data.go.kr/data/15050701/fileData.do","2022-01-27"
"lh:seongnam:81ad1ef9d4db5540","LH","SEONGNAM","중원구","PURCHASE_RENTAL_BUILDING","PURCHASE_RENTAL","매입다가구(경기성남시)","경기도 성남시 중원구 제일로35번길","경기도 성남시 중원구 제일로35번길","","37.431133989781","127.133895197454","14","1991-07-27","9715","매입다가구(경기성남시)","PURCHASE_RENTAL_BUILDING","6","1994-05-27","9715","기존주택매입임대","","254.73","6","254.73","","","","https://www.data.go.kr/data/15050701/fileData.do","2022-01-27"
"lh:seongnam:81ad1ef9d4db5540","LH","SEONGNAM","중원구","PURCHASE_RENTAL_BUILDING","PURCHASE_RENTAL","매입다가구(경기성남시)","경기도 성남시 중원구 제일로35번길","경기도 성남시 중원구 제일로35번길","","37.431133989781","127.133895197454","14","1991-07-27","9716","매입다가구(경기성남시)","PURCHASE_RENTAL_BUILDING","8","1991-07-27","9716","기존주택매입임대","","171.49","8","171.49","","","","https://www.data.go.kr/data/15050701/fileData.do","2022-01-27"
"lh:seongnam:c787bd37e4f8f852","LH","SEONGNAM","중원구","CONSTRUCTION_RENTAL_COMPLEX","NATIONAL_RENTAL","성남중동3(C1 BL) 2단지","경기도 성남시 중원구 희망로 413","경기도 성남시 중원구 희망로 413|경기도 성남시 중원구 희망로 413(중앙동,휴먼시아아파트)","","37.4420489456465","127.159209406722","127","2012-07-20","D00226","성남중동3(C1 BL) 2단지","CONSTRUCTION_RENTAL_COMPLEX","127","2012-07-20","D00226:국민임대:059B90:59.15:32","국민임대","059B90","59.15","32","59.15","","","","https://www.data.go.kr/data/15050700/fileData.do","2025-09-18"
"lh:seongnam:c787bd37e4f8f852","LH","SEONGNAM","중원구","CONSTRUCTION_RENTAL_COMPLEX","NATIONAL_RENTAL","성남중동3(C1 BL) 2단지","경기도 성남시 중원구 희망로 413","경기도 성남시 중원구 희망로 413|경기도 성남시 중원구 희망로 413(중앙동,휴먼시아아파트)","","37.4420489456465","127.159209406722","127","2012-07-20","D00226","성남중동3(C1 BL) 2단지","CONSTRUCTION_RENTAL_COMPLEX","127","2012-07-20","D00226:국민임대:059B91:59.07:30","국민임대","059B91","59.07","30","59.07","","","","https://www.data.go.kr/data/15050700/fileData.do","2025-09-18"
"lh:seongnam:c787bd37e4f8f852","LH","SEONGNAM","중원구","CONSTRUCTION_RENTAL_COMPLEX","NATIONAL_RENTAL","성남중동3(C1 BL) 2단지","경기도 성남시 중원구 희망로 413","경기도 성남시 중원구 희망로 413|경기도 성남시 중원구 희망로 413(중앙동,휴먼시아아파트)","","37.4420489456465","127.159209406722","127","2012-07-20","D00226","성남중동3(C1 BL) 2단지","CONSTRUCTION_RENTAL_COMPLEX","127","2012-07-20","D00226:국민임대:39624:39.31:13","국민임대","39624","39.31","13","39.31","","","","https://www.data.go.kr/data/15050700/fileData.do","2025-09-18"
"lh:seongnam:c787bd37e4f8f852","LH","SEONGNAM","중원구","CONSTRUCTION_RENTAL_COMPLEX","NATIONAL_RENTAL","성남중동3(C1 BL) 2단지","경기도 성남시 중원구 희망로 413","경기도 성남시 중원구 희망로 413|경기도 성남시 중원구 희망로 413(중앙동,휴먼시아아파트)","","37.4420489456465","127.159209406722","127","2012-07-20","D00226","성남중동3(C1 BL) 2단지","CONSTRUCTION_RENTAL_COMPLEX","127","2012-07-20","D00226:국민임대:39625:39.31:39","국민임대","39625","39.31","39","39.31","","","","https://www.data.go.kr/data/15050700/fileData.do","2025-09-18"
"lh:seongnam:c787bd37e4f8f852","LH","SEONGNAM","중원구","CONSTRUCTION_RENTAL_COMPLEX","NATIONAL_RENTAL","성남중동3(C1 BL) 2단지","경기도 성남시 중원구 희망로 413","경기도 성남시 중원구 희망로 413|경기도 성남시 중원구 희망로 413(중앙동,휴먼시아아파트)","","37.4420489456465","127.159209406722","127","2012-07-20","D00226","성남중동3(C1 BL) 2단지","CONSTRUCTION_RENTAL_COMPLEX","127","2012-07-20","D00226:국민임대:39626:39.31:13","국민임대","39626","39.31","13","39.31","","","","https://www.data.go.kr/data/15050700/fileData.do","2025-09-18"
"lh:seongnam:61592a348f98f710","LH","SEONGNAM","중원구","PURCHASE_RENTAL_BUILDING","PURCHASE_RENTAL","매입다가구(경기성남시)","경기도 성남시 중원구 희망로392번길","경기도 성남시 중원구 희망로392번길","","37.4399589197505","127.160632496238","11","1992-07-04","9717","매입다가구(경기성남시)","PURCHASE_RENTAL_BUILDING","6","1992-07-04","9717","기존주택매입임대","","350.1","6","350.1","","","","https://www.data.go.kr/data/15050701/fileData.do","2022-01-27"
"lh:seongnam:61592a348f98f710","LH","SEONGNAM","중원구","PURCHASE_RENTAL_BUILDING","PURCHASE_RENTAL","매입다가구(경기성남시)","경기도 성남시 중원구 희망로392번길","경기도 성남시 중원구 희망로392번길","","37.4399589197505","127.160632496238","11","1992-07-04","9718","매입다가구(경기성남시)","PURCHASE_RENTAL_BUILDING","5","1993-09-17","9718","기존주택매입임대","","323.64","5","323.64","","","","https://www.data.go.kr/data/15050701/fileData.do","2022-01-27"
"lh:yongin:334fadc7e7f17bf1","LH","YONGIN","기흥구","PURCHASE_RENTAL_BUILDING","PURCHASE_RENTAL","매입다가구(경기용인시)","경기도 용인시 기흥구 갈곡로12번길 14","경기도 용인시 기흥구 갈곡로12번길 14","","37.2713609856763","127.130652367025","11","2008-05-06","11887","매입다가구(경기용인시)","PURCHASE_RENTAL_BUILDING","11","2008-05-06","11887","기존주택매입임대","","134.38","11","134.38","","","","https://www.data.go.kr/data/15050701/fileData.do","2022-01-27"
"lh:yongin:22636c7966525707","LH","YONGIN","기흥구","PURCHASE_RENTAL_BUILDING","PURCHASE_RENTAL","매입다가구(경기용인시)","경기도 용인시 기흥구 갈곡로8번길","경기도 용인시 기흥구 갈곡로8번길","","37.271438584953","127.129979628299","13","","11888","매입다가구(경기용인시)","PURCHASE_RENTAL_BUILDING","13","","11888","기존주택매입임대","","321.28","13","321.28","","","","https://www.data.go.kr/data/15050701/fileData.do","2022-01-27"
"lh:yongin:0b027dde534da0d0","LH","YONGIN","기흥구","PURCHASE_RENTAL_BUILDING","PURCHASE_RENTAL","매입다가구(경기용인시)","경기도 용인시 기흥구 갈곡로8번길 8","경기도 용인시 기흥구 갈곡로8번길 8|경기도 용인시 기흥구 갈곡로8번길 8(구갈동)","","37.2714166980212","127.129725572239","10","2013-05-20","11889","매입다가구(경기용인시)","PURCHASE_RENTAL_BUILDING","10","2013-05-20","11889","기존주택매입임대","","525.18","10","525.18","","","","https://www.data.go.kr/data/15050701/fileData.do","2022-01-27"
"lh:yongin:69e02f8aab0d2850","LH","YONGIN","기흥구","PURCHASE_RENTAL_BUILDING","PURCHASE_RENTAL","매입다가구(경기용인시)","경기도 용인시 기흥구 강남동로 128","경기도 용인시 기흥구 강남동로 128|경기도 용인시 기흥구 강남동로 128(상하동 강남마을 한라비발디)","","37.276432139191","127.137174942641","5","2004-05-25","11890","매입다가구(경기용인시)","PURCHASE_RENTAL_BUILDING","1","2004-05-25","11890","기존주택매입임대","","416.7","1","416.7","","","","https://www.data.go.kr/data/15050701/fileData.do","2022-01-27"
"lh:yongin:69e02f8aab0d2850","LH","YONGIN","기흥구","PURCHASE_RENTAL_BUILDING","PURCHASE_RENTAL","매입다가구(경기용인시)","경기도 용인시 기흥구 강남동로 128","경기도 용인시 기흥구 강남동로 128|경기도 용인시 기흥구 강남동로 128(상하동 강남마을 한라비발디)","","37.276432139191","127.137174942641","5","2004-05-25","11891","매입다가구(경기용인시)","PURCHASE_RENTAL_BUILDING","1","2004-05-25","11891","기존주택매입임대","","84.99","1","84.99","","","","https://www.data.go.kr/data/15050701/fileData.do","2022-01-27"
"lh:yongin:69e02f8aab0d2850","LH","YONGIN","기흥구","PURCHASE_RENTAL_BUILDING","PURCHASE_RENTAL","매입다가구(경기용인시)","경기도 용인시 기흥구 강남동로 128","경기도 용인시 기흥구 강남동로 128|경기도 용인시 기흥구 강남동로 128(상하동 강남마을 한라비발디)","","37.276432139191","127.137174942641","5","2004-05-25","11892","매입다가구(경기용인시)","PURCHASE_RENTAL_BUILDING","1","2004-05-25","11892","기존주택매입임대","","84.99","1","84.99","","","","https://www.data.go.kr/data/15050701/fileData.do","2022-01-27"
"lh:yongin:69e02f8aab0d2850","LH","YONGIN","기흥구","PURCHASE_RENTAL_BUILDING","PURCHASE_RENTAL","매입다가구(경기용인시)","경기도 용인시 기흥구 강남동로 128","경기도 용인시 기흥구 강남동로 128|경기도 용인시 기흥구 강남동로 128(상하동 강남마을 한라비발디)","","37.276432139191","127.137174942641","5","2004-05-25","11893","매입다가구(경기용인시)","PURCHASE_RENTAL_BUILDING","1","2004-05-25","11893","기존주택매입임대","","84.99","1","84.99","","","","https://www.data.go.kr/data/15050701/fileData.do","2022-01-27"
"lh:yongin:69e02f8aab0d2850","LH","YONGIN","기흥구","PURCHASE_RENTAL_BUILDING","PURCHASE_RENTAL","매입다가구(경기용인시)","경기도 용인시 기흥구 강남동로 128","경기도 용인시 기흥구 강남동로 128|경기도 용인시 기흥구 강남동로 128(상하동 강남마을 한라비발디)","","37.276432139191","127.137174942641","5","2004-05-25","11894","매입다가구(경기용인시)","PURCHASE_RENTAL_BUILDING","1","2004-05-25","11894","기존주택매입임대","","84.99","1","84.99","","","","https://www.data.go.kr/data/15050701/fileData.do","2022-01-27"
"lh:yongin:929aee7ccda56480","LH","YONGIN","기흥구","PURCHASE_RENTAL_BUILDING","PURCHASE_RENTAL","매입다가구(경기용인시)","경기도 용인시 기흥구 강남동로 20","경기도 용인시 기흥구 강남동로 20|경기도 용인시 기흥구 강남동로 20(구갈동 강남마을코오롱하늘채아파트)","","37.269755501324","127.127939220502","1","2004-09-24","11895","매입다가구(경기용인시)","PURCHASE_RENTAL_BUILDING","1","2004-09-24","11895","기존주택매입임대","","84.99","1","84.99","","","","https://www.data.go.kr/data/15050701/fileData.do","2022-01-27"
"lh:yongin:bd4e433c5d51249a","LH","YONGIN","기흥구","PURCHASE_RENTAL_BUILDING","PURCHASE_RENTAL","매입다가구(경기용인시)","경기도 용인시 기흥구 강남동로 54","경기도 용인시 기흥구 강남동로 54|경기도 용인시 기흥구 강남동로 54(구갈동 강남마을7단지계룡리슈빌아파트)","","37.2690085523411","127.133476351771","1","2004-06-25","11896","매입다가구(경기용인시)","PURCHASE_RENTAL_BUILDING","1","2004-06-25","11896","기존주택매입임대","","84.99","1","84.99","","","","https://www.data.go.kr/data/15050701/fileData.do","2022-01-27"
"lh:yongin:4709e7838fba1e52","LH","YONGIN","기흥구","CONSTRUCTION_RENTAL_COMPLEX","NATIONAL_RENTAL","용인구갈8","경기도 용인시 기흥구 강남동로 92","경기도 용인시 기흥구 강남동로 92|경기도 용인시 기흥구 강남동로 92(상하동,강남마을주공8단지아파트)","","37.2705240589733","127.135340228322","1176","2004-05-28","C00283","용인구갈8","CONSTRUCTION_RENTAL_COMPLEX","1176","2004-05-28","C00283:국민임대:111983:45.92:464","국민임대","111983","45.92","464","45.92","","","","https://www.data.go.kr/data/15050700/fileData.do","2025-09-18"
"lh:yongin:4709e7838fba1e52","LH","YONGIN","기흥구","CONSTRUCTION_RENTAL_COMPLEX","NATIONAL_RENTAL","용인구갈8","경기도 용인시 기흥구 강남동로 92","경기도 용인시 기흥구 강남동로 92|경기도 용인시 기흥구 강남동로 92(상하동,강남마을주공8단지아파트)","","37.2705240589733","127.135340228322","1176","2004-05-28","C00283","용인구갈8","CONSTRUCTION_RENTAL_COMPLEX","1176","2004-05-28","C00283:국민임대:894992:36.7:712","국민임대","894992","36.7","712","36.7","","","","https://www.data.go.kr/data/15050700/fileData.do","2025-09-18"
"lh:yongin:72b0c00f633d097e","LH","YONGIN","기흥구","PURCHASE_RENTAL_BUILDING","PURCHASE_RENTAL","매입다가구(경기용인시)","경기도 용인시 기흥구 강남동로114번길","경기도 용인시 기흥구 강남동로114번길","","37.2734696408768","127.137846855481","11","2010-04-22","11897","매입다가구(경기용인시)","PURCHASE_RENTAL_BUILDING","11","2010-04-22","11897","기존주택매입임대","","84.788","11","84.788","","","","https://www.data.go.kr/data/15050701/fileData.do","2022-01-27"
"lh:yongin:08452bcb52eb8bb9","LH","YONGIN","기흥구","PURCHASE_RENTAL_BUILDING","PURCHASE_RENTAL","매입다가구(경기용인시)","경기도 용인시 기흥구 강남동로114번길 12","경기도 용인시 기흥구 강남동로114번길 12|경기도 용인시 기흥구 강남동로114번길 12(상하동)","","37.2735866624373","127.13763476063","10","2010-02-02","11898","매입다가구(경기용인시)","PURCHASE_RENTAL_BUILDING","10","2010-02-02","11898","기존주택매입임대","","388.86","10","388.86","","","","https://www.data.go.kr/data/15050701/fileData.do","2022-01-27"
"lh:yongin:79a9f2fd065bf664","LH","YONGIN","기흥구","PURCHASE_RENTAL_BUILDING","PURCHASE_RENTAL","매입다가구(경기용인시)","경기도 용인시 기흥구 강남서로104번길 3-3","경기도 용인시 기흥구 강남서로104번길 3-3|경기도 용인시 기흥구 강남서로104번길 3-3(구갈동)","","37.2782522995668","127.128197718735","16","2010-01-28","11899","매입다가구(경기용인시)","PURCHASE_RENTAL_BUILDING","16","2010-01-28","11899","기존주택매입임대","","324.64","16","324.64","","","","https://www.data.go.kr/data/15050701/fileData.do","2022-01-27"
"lh:yongin:83dcc25e0c8f38f9","LH","YONGIN","기흥구","PURCHASE_RENTAL_BUILDING","PURCHASE_RENTAL","매입다가구(경기용인시)","경기도 용인시 기흥구 강남서로111번길 3","경기도 용인시 기흥구 강남서로111번길 3","","37.2776442191025","127.128335377427","8","2007-07-31","11900","매입다가구(경기용인시)","PURCHASE_RENTAL_BUILDING","8","2007-07-31","11900","기존주택매입임대","","429.49","8","429.49","","","","https://www.data.go.kr/data/15050701/fileData.do","2022-01-27"
"lh:yongin:52b1bf7378caa651","LH","YONGIN","기흥구","PURCHASE_RENTAL_BUILDING","PURCHASE_RENTAL","매입다가구(경기용인시)","경기도 용인시 기흥구 강남서로111번길 6","경기도 용인시 기흥구 강남서로111번길 6","","37.2773714233426","127.128299396278","10","2008-05-16","11901","매입다가구(경기용인시)","PURCHASE_RENTAL_BUILDING","10","2008-05-16","11901","기존주택매입임대","","429.89","10","429.89","","","","https://www.data.go.kr/data/15050701/fileData.do","2022-01-27"
"lh:yongin:8ebe563d18e893cb","LH","YONGIN","기흥구","PURCHASE_RENTAL_BUILDING","PURCHASE_RENTAL","매입다가구(경기용인시)","경기도 용인시 기흥구 강남서로112번길","경기도 용인시 기흥구 강남서로112번길","","37.2779481891002","127.127622934154","11","2007-10-26","11902","매입다가구(경기용인시)","PURCHASE_RENTAL_BUILDING","11","2007-10-26","11902","기존주택매입임대","","451.69","11","451.69","","","","https://www.data.go.kr/data/15050701/fileData.do","2022-01-27"
"lh:yongin:c31607da7f966b2a","LH","YONGIN","기흥구","PURCHASE_RENTAL_BUILDING","PURCHASE_RENTAL","매입다가구(경기용인시)","경기도 용인시 기흥구 강남서로112번길 7-5","경기도 용인시 기흥구 강남서로112번길 7-5","","37.2777431247416","127.12710909625","11","2008-06-23","11903","매입다가구(경기용인시)","PURCHASE_RENTAL_BUILDING","11","2008-06-23","11903","기존주택매입임대","","373.02","11","373.02","","","","https://www.data.go.kr/data/15050701/fileData.do","2022-01-27"
"lh:yongin:cfe62d2779f15000","LH","YONGIN","기흥구","PURCHASE_RENTAL_BUILDING","PURCHASE_RENTAL","매입다가구(경기용인시)","경기도 용인시 기흥구 강남서로115번길","경기도 용인시 기흥구 강남서로115번길","","37.2772467210241","127.127964977478","11","","11904","매입다가구(경기용인시)","PURCHASE_RENTAL_BUILDING","11","","11904","기존주택매입임대","","462.12","11","462.12","","","","https://www.data.go.kr/data/15050701/fileData.do","2022-01-27"
"lh:yongin:68461e793c50d9a9","LH","YONGIN","기흥구","PURCHASE_RENTAL_BUILDING","PURCHASE_RENTAL","매입다가구(경기용인시)","경기도 용인시 기흥구 강남서로115번길 4","경기도 용인시 기흥구 강남서로115번길 4|경기도 용인시 기흥구 강남서로115번길 4(구갈동)","","37.2771587086825","127.127863799727","17","2008-03-27","11905","매입다가구(경기용인시)","PURCHASE_RENTAL_BUILDING","17","2008-03-27","11905","기존주택매입임대","","513.69","17","513.69","","","","https://www.data.go.kr/data/15050701/fileData.do","2022-01-27"
"lh:yongin:c47026d0fca01a09","LH","YONGIN","기흥구","PURCHASE_RENTAL_BUILDING","PURCHASE_RENTAL","매입다가구(경기용인시)","경기도 용인시 기흥구 강남서로68번길","경기도 용인시 기흥구 강남서로68번길","","37.2766048845016","127.129809569284","9","2007-06-11","11906","매입다가구(경기용인시)","PURCHASE_RENTAL_BUILDING","9","2007-06-11","11906","기존주택매입임대","","384.21","9","384.21","","","","https://www.data.go.kr/data/15050701/fileData.do","2022-01-27"
"lh:yongin:524deba6e0ade1d1","LH","YONGIN","기흥구","PURCHASE_RENTAL_BUILDING","PURCHASE_RENTAL","매입다가구(경기용인시)","경기도 용인시 기흥구 강남서로68번길 3-6","경기도 용인시 기흥구 강남서로68번길 3-6","","37.2768637068634","127.130179962472","11","2007-12-11","11907","매입다가구(경기용인시)","PURCHASE_RENTAL_BUILDING","11","2007-12-11","11907","기존주택매입임대","","384.76","11","384.76","","","","https://www.data.go.kr/data/15050701/fileData.do","2022-01-27"
"lh:yongin:2c5ef82066d2d1ed","LH","YONGIN","기흥구","PURCHASE_RENTAL_BUILDING","PURCHASE_RENTAL","매입다가구(경기용인시)","경기도 용인시 기흥구 강남서로68번길 7-7","경기도 용인시 기흥구 강남서로68번길 7-7","","37.2768892861503","127.130434832627","8","2008-02-26","11908","매입다가구(경기용인시)","PURCHASE_RENTAL_BUILDING","8","2008-02-26","11908","기존주택매입임대","","437.19","8","437.19","","","","https://www.data.go.kr/data/15050701/fileData.do","2022-01-27"
"lh:yongin:89afa5c3a0ad3030","LH","YONGIN","기흥구","PURCHASE_RENTAL_BUILDING","PURCHASE_RENTAL","매입다가구(경기용인시)","경기도 용인시 기흥구 강남서로71번길","경기도 용인시 기흥구 강남서로71번길","","37.2774481798098","127.129221755828","11","","11909","매입다가구(경기용인시)","PURCHASE_RENTAL_BUILDING","11","","11909","기존주택매입임대","","385.65","11","385.65","","","","https://www.data.go.kr/data/15050701/fileData.do","2022-01-27"
"lh:yongin:a65c4f9b1f57bd19","LH","YONGIN","기흥구","PURCHASE_RENTAL_BUILDING","PURCHASE_RENTAL","매입다가구(경기용인시)","경기도 용인시 기흥구 강남서로75번길","경기도 용인시 기흥구 강남서로75번길","","37.2779036649802","127.129295375105","28","","11910","매입다가구(경기용인시)","PURCHASE_RENTAL_BUILDING","11","","11910","기존주택매입임대","","391.48","11","391.48","","","","https://www.data.go.kr/data/15050701/fileData.do","2022-01-27"
"lh:yongin:a65c4f9b1f57bd19","LH","YONGIN","기흥구","PURCHASE_RENTAL_BUILDING","PURCHASE_RENTAL","매입다가구(경기용인시)","경기도 용인시 기흥구 강남서로75번길","경기도 용인시 기흥구 강남서로75번길","","37.2779036649802","127.129295375105","28","","11911","매입다가구(경기용인시)","PURCHASE_RENTAL_BUILDING","17","","11911","기존주택매입임대","","380.895","17","380.895","","","","https://www.data.go.kr/data/15050701/fileData.do","2022-01-27"
"lh:yongin:2ea5f8a5296b178f","LH","YONGIN","기흥구","PURCHASE_RENTAL_BUILDING","PURCHASE_RENTAL","매입다가구(경기용인시)","경기도 용인시 기흥구 강남서로75번길 7","경기도 용인시 기흥구 강남서로75번길 7|경기도 용인시 기흥구 강남서로75번길 7(구갈동)","","37.2776980575775","127.129368878691","11","2007-06-07","11912","매입다가구(경기용인시)","PURCHASE_RENTAL_BUILDING","11","2007-06-07","11912","기존주택매입임대","","810.16","11","810.16","","","","https://www.data.go.kr/data/15050701/fileData.do","2022-01-27"
"lh:yongin:c4a0d7af2b2e4d3c","LH","YONGIN","기흥구","PURCHASE_RENTAL_BUILDING","PURCHASE_RENTAL","매입다가구(경기용인시)","경기도 용인시 기흥구 강남서로98번길 3-10","경기도 용인시 기흥구 강남서로98번길 3-10|경기도 용인시 기흥구 강남서로98번길 3-10(구갈동)","","37.2787024992531","127.128243585296","14","2007-08-30","11913","매입다가구(경기용인시)","PURCHASE_RENTAL_BUILDING","14","2007-08-30","11913","기존주택매입임대","","404.64","14","404.64","","","","https://www.data.go.kr/data/15050701/fileData.do","2022-01-27"
"lh:yongin:b0b0db5a16fd6760","LH","YONGIN","기흥구","PURCHASE_RENTAL_BUILDING","PURCHASE_RENTAL","매입다가구(경기용인시)","경기도 용인시 기흥구 고매로 16","경기도 용인시 기흥구 고매로 16|경기도 용인시 기흥구 고매로 16(고매동 기흥써니밸리아파트)","","37.2312068798664","127.110957845049","1","2009-12-31","11914","매입다가구(경기용인시)","PURCHASE_RENTAL_BUILDING","1","2009-12-31","11914","기존주택매입임대","","294.52","1","294.52","","","","https://www.data.go.kr/data/15050701/fileData.do","2022-01-27"
"lh:yongin:1bbe8d70eab00f94","LH","YONGIN","기흥구","PURCHASE_RENTAL_BUILDING","PURCHASE_RENTAL","매입다가구(경기용인시)","경기도 용인시 기흥구 관곡로77번길","경기도 용인시 기흥구 관곡로77번길","","37.2819603844468","127.114724492715","19","","11915","매입다가구(경기용인시)","PURCHASE_RENTAL_BUILDING","19","","11915","기존주택매입임대","","84.889","19","84.889","","","","https://www.data.go.kr/data/15050701/fileData.do","2022-01-27"
"lh:yongin:0c1e4285194cb704","LH","YONGIN","기흥구","CONSTRUCTION_RENTAL_COMPLEX","NATIONAL_RENTAL","용인구성1","경기도 용인시 기흥구 구성2로 52","경기도 용인시 기흥구 구성2로 52|경기도 용인시 기흥구 구성2로 52(청덕동,휴먼시아물푸레마을1단지아파트)","","37.2952364873062","127.147262943559","618","2008-07-16","C01173","용인구성1","CONSTRUCTION_RENTAL_COMPLEX","618","2008-07-16","C01173:국민임대:39335:39.63:58","국민임대","39335","39.63","58","39.63","","","","https://www.data.go.kr/data/15050700/fileData.do","2025-09-18"
"lh:yongin:0c1e4285194cb704","LH","YONGIN","기흥구","CONSTRUCTION_RENTAL_COMPLEX","NATIONAL_RENTAL","용인구성1","경기도 용인시 기흥구 구성2로 52","경기도 용인시 기흥구 구성2로 52|경기도 용인시 기흥구 구성2로 52(청덕동,휴먼시아물푸레마을1단지아파트)","","37.2952364873062","127.147262943559","618","2008-07-16","C01173","용인구성1","CONSTRUCTION_RENTAL_COMPLEX","618","2008-07-16","C01173:국민임대:39336:39.63:28","국민임대","39336","39.63","28","39.63","","","","https://www.data.go.kr/data/15050700/fileData.do","2025-09-18"
"lh:yongin:0c1e4285194cb704","LH","YONGIN","기흥구","CONSTRUCTION_RENTAL_COMPLEX","NATIONAL_RENTAL","용인구성1","경기도 용인시 기흥구 구성2로 52","경기도 용인시 기흥구 구성2로 52|경기도 용인시 기흥구 구성2로 52(청덕동,휴먼시아물푸레마을1단지아파트)","","37.2952364873062","127.147262943559","618","2008-07-16","C01173","용인구성1","CONSTRUCTION_RENTAL_COMPLEX","618","2008-07-16","C01173:국민임대:39360:39.54:90","국민임대","39360","39.54","90","39.54","","","","https://www.data.go.kr/data/15050700/fileData.do","2025-09-18"
"lh:yongin:0c1e4285194cb704","LH","YONGIN","기흥구","CONSTRUCTION_RENTAL_COMPLEX","NATIONAL_RENTAL","용인구성1","경기도 용인시 기흥구 구성2로 52","경기도 용인시 기흥구 구성2로 52|경기도 용인시 기흥구 구성2로 52(청덕동,휴먼시아물푸레마을1단지아파트)","","37.2952364873062","127.147262943559","618","2008-07-16","C01173","용인구성1","CONSTRUCTION_RENTAL_COMPLEX","618","2008-07-16","C01173:국민임대:39361:39.46:90","국민임대","39361","39.46","90","39.46","","","","https://www.data.go.kr/data/15050700/fileData.do","2025-09-18"
"lh:yongin:0c1e4285194cb704","LH","YONGIN","기흥구","CONSTRUCTION_RENTAL_COMPLEX","NATIONAL_RENTAL","용인구성1","경기도 용인시 기흥구 구성2로 52","경기도 용인시 기흥구 구성2로 52|경기도 용인시 기흥구 구성2로 52(청덕동,휴먼시아물푸레마을1단지아파트)","","37.2952364873062","127.147262943559","618","2008-07-16","C01173","용인구성1","CONSTRUCTION_RENTAL_COMPLEX","618","2008-07-16","C01173:국민임대:46479:46.79:90","국민임대","46479","46.79","90","46.79","","","","https://www.data.go.kr/data/15050700/fileData.do","2025-09-18"
"lh:yongin:0c1e4285194cb704","LH","YONGIN","기흥구","CONSTRUCTION_RENTAL_COMPLEX","NATIONAL_RENTAL","용인구성1","경기도 용인시 기흥구 구성2로 52","경기도 용인시 기흥구 구성2로 52|경기도 용인시 기흥구 구성2로 52(청덕동,휴먼시아물푸레마을1단지아파트)","","37.2952364873062","127.147262943559","618","2008-07-16","C01173","용인구성1","CONSTRUCTION_RENTAL_COMPLEX","618","2008-07-16","C01173:국민임대:46480:46.9:90","국민임대","46480","46.9","90","46.9","","","","https://www.data.go.kr/data/15050700/fileData.do","2025-09-18"
"lh:yongin:0c1e4285194cb704","LH","YONGIN","기흥구","CONSTRUCTION_RENTAL_COMPLEX","NATIONAL_RENTAL","용인구성1","경기도 용인시 기흥구 구성2로 52","경기도 용인시 기흥구 구성2로 52|경기도 용인시 기흥구 구성2로 52(청덕동,휴먼시아물푸레마을1단지아파트)","","37.2952364873062","127.147262943559","618","2008-07-16","C01173","용인구성1","CONSTRUCTION_RENTAL_COMPLEX","618","2008-07-16","C01173:국민임대:46877:46.9:58","국민임대","46877","46.9","58","46.9","","","","https://www.data.go.kr/data/15050700/fileData.do","2025-09-18"
"lh:yongin:0c1e4285194cb704","LH","YONGIN","기흥구","CONSTRUCTION_RENTAL_COMPLEX","NATIONAL_RENTAL","용인구성1","경기도 용인시 기흥구 구성2로 52","경기도 용인시 기흥구 구성2로 52|경기도 용인시 기흥구 구성2로 52(청덕동,휴먼시아물푸레마을1단지아파트)","","37.2952364873062","127.147262943559","618","2008-07-16","C01173","용인구성1","CONSTRUCTION_RENTAL_COMPLEX","618","2008-07-16","C01173:국민임대:46878:46.9:28","국민임대","46878","46.9","28","46.9","","","","https://www.data.go.kr/data/15050700/fileData.do","2025-09-18"
"lh:yongin:0c1e4285194cb704","LH","YONGIN","기흥구","CONSTRUCTION_RENTAL_COMPLEX","NATIONAL_RENTAL","용인구성1","경기도 용인시 기흥구 구성2로 52","경기도 용인시 기흥구 구성2로 52|경기도 용인시 기흥구 구성2로 52(청덕동,휴먼시아물푸레마을1단지아파트)","","37.2952364873062","127.147262943559","618","2008-07-16","C01173","용인구성1","CONSTRUCTION_RENTAL_COMPLEX","618","2008-07-16","C01173:국민임대:51429:51.93:15","국민임대","51429","51.93","15","51.93","","","","https://www.data.go.kr/data/15050700/fileData.do","2025-09-18"
"lh:yongin:0c1e4285194cb704","LH","YONGIN","기흥구","CONSTRUCTION_RENTAL_COMPLEX","NATIONAL_RENTAL","용인구성1","경기도 용인시 기흥구 구성2로 52","경기도 용인시 기흥구 구성2로 52|경기도 용인시 기흥구 구성2로 52(청덕동,휴먼시아물푸레마을1단지아파트)","","37.2952364873062","127.147262943559","618","2008-07-16","C01173","용인구성1","CONSTRUCTION_RENTAL_COMPLEX","618","2008-07-16","C01173:국민임대:51430:51.93:71","국민임대","51430","51.93","71","51.93","","","","https://www.data.go.kr/data/15050700/fileData.do","2025-09-18"
"lh:yongin:b740f277b8ba581d","LH","YONGIN","기흥구","CONSTRUCTION_RENTAL_COMPLEX","NATIONAL_RENTAL","용인구성2","경기도 용인시 기흥구 구성3로 37","경기도 용인시 기흥구 구성3로 37|경기도 용인시 기흥구 구성3로 37(청덕동,휴먼시아물푸레마을2단지아파트)","","37.295534418755","127.149523802711","389","2008-06-03","C01174","용인구성2","CONSTRUCTION_RENTAL_COMPLEX","389","2008-06-03","C01174:국민임대:46145:46.9:89","국민임대","46145","46.9","89","46.9","","","","https://www.data.go.kr/data/15050700/fileData.do","2025-09-18"
"lh:yongin:b740f277b8ba581d","LH","YONGIN","기흥구","CONSTRUCTION_RENTAL_COMPLEX","NATIONAL_RENTAL","용인구성2","경기도 용인시 기흥구 구성3로 37","경기도 용인시 기흥구 구성3로 37|경기도 용인시 기흥구 구성3로 37(청덕동,휴먼시아물푸레마을2단지아파트)","","37.295534418755","127.149523802711","389","2008-06-03","C01174","용인구성2","CONSTRUCTION_RENTAL_COMPLEX","389","2008-06-03","C01174:국민임대:46146:46.9:62","국민임대","46146","46.9","62","46.9","","","","https://www.data.go.kr/data/15050700/fileData.do","2025-09-18"
"lh:yongin:b740f277b8ba581d","LH","YONGIN","기흥구","CONSTRUCTION_RENTAL_COMPLEX","NATIONAL_RENTAL","용인구성2","경기도 용인시 기흥구 구성3로 37","경기도 용인시 기흥구 구성3로 37|경기도 용인시 기흥구 구성3로 37(청덕동,휴먼시아물푸레마을2단지아파트)","","37.295534418755","127.149523802711","389","2008-06-03","C01174","용인구성2","CONSTRUCTION_RENTAL_COMPLEX","389","2008-06-03","C01174:국민임대:46147:46.9:155","국민임대","46147","46.9","155","46.9","","","","https://www.data.go.kr/data/15050700/fileData.do","2025-09-18"
"lh:yongin:b740f277b8ba581d","LH","YONGIN","기흥구","CONSTRUCTION_RENTAL_COMPLEX","NATIONAL_RENTAL","용인구성2","경기도 용인시 기흥구 구성3로 37","경기도 용인시 기흥구 구성3로 37|경기도 용인시 기흥구 구성3로 37(청덕동,휴먼시아물푸레마을2단지아파트)","","37.295534418755","127.149523802711","389","2008-06-03","C01174","용인구성2","CONSTRUCTION_RENTAL_COMPLEX","389","2008-06-03","C01174:국민임대:46148:46.9:83","국민임대","46148","46.9","83","46.9","","","","https://www.data.go.kr/data/15050700/fileData.do","2025-09-18"
"lh:yongin:440fba021b73a6b9","LH","YONGIN","기흥구","CONSTRUCTION_RENTAL_COMPLEX","NATIONAL_RENTAL","용인구성5","경기도 용인시 기흥구 구성3로 38","경기도 용인시 기흥구 구성3로 38|경기도 용인시 기흥구 구성3로 38(청덕동,휴먼시아물푸레마을5단지아파트)","","37.2955017961538","127.151441268974","712","2008-06-03","C01175","용인구성5","CONSTRUCTION_RENTAL_COMPLEX","712","2008-06-03","C01175:국민임대:39186:39.59:129","국민임대","39186","39.59","129","39.59","","","","https://www.data.go.kr/data/15050700/fileData.do","2025-09-18"
"lh:yongin:440fba021b73a6b9","LH","YONGIN","기흥구","CONSTRUCTION_RENTAL_COMPLEX","NATIONAL_RENTAL","용인구성5","경기도 용인시 기흥구 구성3로 38","경기도 용인시 기흥구 구성3로 38|경기도 용인시 기흥구 구성3로 38(청덕동,휴먼시아물푸레마을5단지아파트)","","37.2955017961538","127.151441268974","712","2008-06-03","C01175","용인구성5","CONSTRUCTION_RENTAL_COMPLEX","712","2008-06-03","C01175:국민임대:39216:39.72:123","국민임대","39216","39.72","123","39.72","","","","https://www.data.go.kr/data/15050700/fileData.do","2025-09-18"
"lh:yongin:440fba021b73a6b9","LH","YONGIN","기흥구","CONSTRUCTION_RENTAL_COMPLEX","NATIONAL_RENTAL","용인구성5","경기도 용인시 기흥구 구성3로 38","경기도 용인시 기흥구 구성3로 38|경기도 용인시 기흥구 구성3로 38(청덕동,휴먼시아물푸레마을5단지아파트)","","37.2955017961538","127.151441268974","712","2008-06-03","C01175","용인구성5","CONSTRUCTION_RENTAL_COMPLEX","712","2008-06-03","C01175:국민임대:46145:46.9:179","국민임대","46145","46.9","179","46.9","","","","https://www.data.go.kr/data/15050700/fileData.do","2025-09-18"
"lh:yongin:440fba021b73a6b9","LH","YONGIN","기흥구","CONSTRUCTION_RENTAL_COMPLEX","NATIONAL_RENTAL","용인구성5","경기도 용인시 기흥구 구성3로 38","경기도 용인시 기흥구 구성3로 38|경기도 용인시 기흥구 구성3로 38(청덕동,휴먼시아물푸레마을5단지아파트)","","37.2955017961538","127.151441268974","712","2008-06-03","C01175","용인구성5","CONSTRUCTION_RENTAL_COMPLEX","712","2008-06-03","C01175:국민임대:46147:46.9:108","국민임대","46147","46.9","108","46.9","","","","https://www.data.go.kr/data/15050700/fileData.do","2025-09-18"
"lh:yongin:440fba021b73a6b9","LH","YONGIN","기흥구","CONSTRUCTION_RENTAL_COMPLEX","NATIONAL_RENTAL","용인구성5","경기도 용인시 기흥구 구성3로 38","경기도 용인시 기흥구 구성3로 38|경기도 용인시 기흥구 구성3로 38(청덕동,휴먼시아물푸레마을5단지아파트)","","37.2955017961538","127.151441268974","712","2008-06-03","C01175","용인구성5","CONSTRUCTION_RENTAL_COMPLEX","712","2008-06-03","C01175:국민임대:46148:46.9:31","국민임대","46148","46.9","31","46.9","","","","https://www.data.go.kr/data/15050700/fileData.do","2025-09-18"
"lh:yongin:440fba021b73a6b9","LH","YONGIN","기흥구","CONSTRUCTION_RENTAL_COMPLEX","NATIONAL_RENTAL","용인구성5","경기도 용인시 기흥구 구성3로 38","경기도 용인시 기흥구 구성3로 38|경기도 용인시 기흥구 구성3로 38(청덕동,휴먼시아물푸레마을5단지아파트)","","37.2955017961538","127.151441268974","712","2008-06-03","C01175","용인구성5","CONSTRUCTION_RENTAL_COMPLEX","712","2008-06-03","C01175:국민임대:59753:59.88:142","국민임대","59753","59.88","142","59.88","","","","https://www.data.go.kr/data/15050700/fileData.do","2025-09-18"
"lh:yongin:ad66251b526ee6e2","LH","YONGIN","기흥구","PURCHASE_RENTAL_BUILDING","PURCHASE_RENTAL","매입다가구(경기용인시)","경기도 용인시 기흥구 구성3로 65","경기도 용인시 기흥구 구성3로 65|경기도 용인시 기흥구 구성3로 65(청덕동 휴먼시아물푸레마을3단지아파트)","","37.2998817515135","127.149441951314","1","2008-10-01","11916","매입다가구(경기용인시)","PURCHASE_RENTAL_BUILDING","1","2008-10-01","11916","기존주택매입임대","","420.74","1","420.74","","","","https://www.data.go.kr/data/15050701/fileData.do","2022-01-27"
"lh:yongin:d32f5a3f0768b9bd","LH","YONGIN","기흥구","PURCHASE_RENTAL_BUILDING","PURCHASE_RENTAL","매입다가구(경기용인시)","경기도 용인시 기흥구 구성로 111-1","경기도 용인시 기흥구 구성로 111-1|경기도 용인시 기흥구 구성로 111-1(언남동 위드쉐르빌)","","37.2935989953791","127.121591736078","11","2017-10-25","11917","매입다가구(경기용인시)","PURCHASE_RENTAL_BUILDING","11","2017-10-25","11917","기존주택매입임대","","75.78","11","75.78","","","","https://www.data.go.kr/data/15050701/fileData.do","2022-01-27"
"lh:yongin:0b271be99bcede8f","LH","YONGIN","기흥구","PURCHASE_RENTAL_BUILDING","PURCHASE_RENTAL","매입다가구(경기용인시)","경기도 용인시 기흥구 구성로 111-2","경기도 용인시 기흥구 구성로 111-2|경기도 용인시 기흥구 구성로 111-2(언남동)","","37.2937220510047","127.121617084077","9","2017-10-25","11918","매입다가구(경기용인시)","PURCHASE_RENTAL_BUILDING","9","2017-10-25","11918","기존주택매입임대","","549.48","9","549.48","","","","https://www.data.go.kr/data/15050701/fileData.do","2022-01-27"
"lh:yongin:1b72f988f1527591","LH","YONGIN","기흥구","CONSTRUCTION_RENTAL_COMPLEX","NATIONAL_RENTAL","용인구성9","경기도 용인시 기흥구 구성로 392","경기도 용인시 기흥구 구성로 392|경기도 용인시 기흥구 구성로 392(청덕동,휴먼시아물푸레마을9단지아파트)","","37.291712336195","127.154485418769","948","2008-09-11","C01176","용인구성9","CONSTRUCTION_RENTAL_COMPLEX","948","2008-09-11","C01176:국민임대:39186:39.59:204","국민임대","39186","39.59","204","39.59","","","","https://www.data.go.kr/data/15050700/fileData.do","2025-09-18"
"lh:yongin:1b72f988f1527591","LH","YONGIN","기흥구","CONSTRUCTION_RENTAL_COMPLEX","NATIONAL_RENTAL","용인구성9","경기도 용인시 기흥구 구성로 392","경기도 용인시 기흥구 구성로 392|경기도 용인시 기흥구 구성로 392(청덕동,휴먼시아물푸레마을9단지아파트)","","37.291712336195","127.154485418769","948","2008-09-11","C01176","용인구성9","CONSTRUCTION_RENTAL_COMPLEX","948","2008-09-11","C01176:국민임대:39216:39.72:52","국민임대","39216","39.72","52","39.72","","","","https://www.data.go.kr/data/15050700/fileData.do","2025-09-18"
"lh:yongin:1b72f988f1527591","LH","YONGIN","기흥구","CONSTRUCTION_RENTAL_COMPLEX","NATIONAL_RENTAL","용인구성9","경기도 용인시 기흥구 구성로 392","경기도 용인시 기흥구 구성로 392|경기도 용인시 기흥구 구성로 392(청덕동,휴먼시아물푸레마을9단지아파트)","","37.291712336195","127.154485418769","948","2008-09-11","C01176","용인구성9","CONSTRUCTION_RENTAL_COMPLEX","948","2008-09-11","C01176:국민임대:39217:39.72:26","국민임대","39217","39.72","26","39.72","","","","https://www.data.go.kr/data/15050700/fileData.do","2025-09-18"
"lh:yongin:1b72f988f1527591","LH","YONGIN","기흥구","CONSTRUCTION_RENTAL_COMPLEX","NATIONAL_RENTAL","용인구성9","경기도 용인시 기흥구 구성로 392","경기도 용인시 기흥구 구성로 392|경기도 용인시 기흥구 구성로 392(청덕동,휴먼시아물푸레마을9단지아파트)","","37.291712336195","127.154485418769","948","2008-09-11","C01176","용인구성9","CONSTRUCTION_RENTAL_COMPLEX","948","2008-09-11","C01176:국민임대:46618:46.9:216","국민임대","46618","46.9","216","46.9","","","","https://www.data.go.kr/data/15050700/fileData.do","2025-09-18"
"lh:yongin:1b72f988f1527591","LH","YONGIN","기흥구","CONSTRUCTION_RENTAL_COMPLEX","NATIONAL_RENTAL","용인구성9","경기도 용인시 기흥구 구성로 392","경기도 용인시 기흥구 구성로 392|경기도 용인시 기흥구 구성로 392(청덕동,휴먼시아물푸레마을9단지아파트)","","37.291712336195","127.154485418769","948","2008-09-11","C01176","용인구성9","CONSTRUCTION_RENTAL_COMPLEX","948","2008-09-11","C01176:국민임대:51185:51.93:118","국민임대","51185","51.93","118","51.93","","","","https://www.data.go.kr/data/15050700/fileData.do","2025-09-18"
"lh:yongin:1b72f988f1527591","LH","YONGIN","기흥구","CONSTRUCTION_RENTAL_COMPLEX","NATIONAL_RENTAL","용인구성9","경기도 용인시 기흥구 구성로 392","경기도 용인시 기흥구 구성로 392|경기도 용인시 기흥구 구성로 392(청덕동,휴먼시아물푸레마을9단지아파트)","","37.291712336195","127.154485418769","948","2008-09-11","C01176","용인구성9","CONSTRUCTION_RENTAL_COMPLEX","948","2008-09-11","C01176:국민임대:51191:51.93:218","국민임대","51191","51.93","218","51.93","","","","https://www.data.go.kr/data/15050700/fileData.do","2025-09-18"
"lh:yongin:1b72f988f1527591","LH","YONGIN","기흥구","CONSTRUCTION_RENTAL_COMPLEX","NATIONAL_RENTAL","용인구성9","경기도 용인시 기흥구 구성로 392","경기도 용인시 기흥구 구성로 392|경기도 용인시 기흥구 구성로 392(청덕동,휴먼시아물푸레마을9단지아파트)","","37.291712336195","127.154485418769","948","2008-09-11","C01176","용인구성9","CONSTRUCTION_RENTAL_COMPLEX","948","2008-09-11","C01176:국민임대:59753:59.88:114","국민임대","59753","59.88","114","59.88","","","","https://www.data.go.kr/data/15050700/fileData.do","2025-09-18"
"lh:yongin:f3ed8d73a55c3c43","LH","YONGIN","기흥구","PURCHASE_RENTAL_BUILDING","PURCHASE_RENTAL","매입다가구(경기용인시)","경기도 용인시 기흥구 구성로 395","경기도 용인시 기흥구 구성로 395|경기도 용인시 기흥구 구성로 395(청덕동 휴먼시아물푸레마을7단지아파트)","","37.2931593253879","127.151617696712","2","2009-07-27","11919","매입다가구(경기용인시)","PURCHASE_RENTAL_BUILDING","1","2009-07-27","11919","기존주택매입임대","","459.77","1","459.77","","","","https://www.data.go.kr/data/15050701/fileData.do","2022-01-27"
"lh:yongin:f3ed8d73a55c3c43","LH","YONGIN","기흥구","PURCHASE_RENTAL_BUILDING","PURCHASE_RENTAL","매입다가구(경기용인시)","경기도 용인시 기흥구 구성로 395","경기도 용인시 기흥구 구성로 395|경기도 용인시 기흥구 구성로 395(청덕동 휴먼시아물푸레마을7단지아파트)","","37.2931593253879","127.151617696712","2","2009-07-27","11920","매입다가구(경기용인시)","PURCHASE_RENTAL_BUILDING","1","2009-07-27","11920","기존주택매입임대","","84.95","1","84.95","","","","https://www.data.go.kr/data/15050701/fileData.do","2022-01-27"
"lh:yongin:44d8c9864b7f31b2","LH","YONGIN","기흥구","PURCHASE_RENTAL_BUILDING","PURCHASE_RENTAL","매입다가구(경기용인시)","경기도 용인시 기흥구 구성로 475","경기도 용인시 기흥구 구성로 475|경기도 용인시 기흥구 구성로 475(청덕동 휴먼시아물푸레마을6단지아파트)","","37.2954772356295","127.153579691059","6","2009-07-27","11921","매입다가구(경기용인시)","PURCHASE_RENTAL_BUILDING","1","2009-07-27","11921","기존주택매입임대","","84.74","1","84.74","","","","https://www.data.go.kr/data/15050701/fileData.do","2022-01-27"
"lh:yongin:44d8c9864b7f31b2","LH","YONGIN","기흥구","PURCHASE_RENTAL_BUILDING","PURCHASE_RENTAL","매입다가구(경기용인시)","경기도 용인시 기흥구 구성로 475","경기도 용인시 기흥구 구성로 475|경기도 용인시 기흥구 구성로 475(청덕동 휴먼시아물푸레마을6단지아파트)","","37.2954772356295","127.153579691059","6","2009-07-27","11922","매입다가구(경기용인시)","PURCHASE_RENTAL_BUILDING","1","2009-07-27","11922","기존주택매입임대","","84.74","1","84.74","","","","https://www.data.go.kr/data/15050701/fileData.do","2022-01-27"
"lh:yongin:44d8c9864b7f31b2","LH","YONGIN","기흥구","PURCHASE_RENTAL_BUILDING","PURCHASE_RENTAL","매입다가구(경기용인시)","경기도 용인시 기흥구 구성로 475","경기도 용인시 기흥구 구성로 475|경기도 용인시 기흥구 구성로 475(청덕동 휴먼시아물푸레마을6단지아파트)","","37.2954772356295","127.153579691059","6","2009-07-27","11923","매입다가구(경기용인시)","PURCHASE_RENTAL_BUILDING","1","2009-07-27","11923","기존주택매입임대","","84.74","1","84.74","","","","https://www.data.go.kr/data/15050701/fileData.do","2022-01-27"
"lh:yongin:44d8c9864b7f31b2","LH","YONGIN","기흥구","PURCHASE_RENTAL_BUILDING","PURCHASE_RENTAL","매입다가구(경기용인시)","경기도 용인시 기흥구 구성로 475","경기도 용인시 기흥구 구성로 475|경기도 용인시 기흥구 구성로 475(청덕동 휴먼시아물푸레마을6단지아파트)","","37.2954772356295","127.153579691059","6","2009-07-27","11924","매입다가구(경기용인시)","PURCHASE_RENTAL_BUILDING","1","2009-07-27","11924","기존주택매입임대","","84.69","1","84.69","","","","https://www.data.go.kr/data/15050701/fileData.do","2022-01-27"
"lh:yongin:44d8c9864b7f31b2","LH","YONGIN","기흥구","PURCHASE_RENTAL_BUILDING","PURCHASE_RENTAL","매입다가구(경기용인시)","경기도 용인시 기흥구 구성로 475","경기도 용인시 기흥구 구성로 475|경기도 용인시 기흥구 구성로 475(청덕동 휴먼시아물푸레마을6단지아파트)","","37.2954772356295","127.153579691059","6","2009-07-27","11925","매입다가구(경기용인시)","PURCHASE_RENTAL_BUILDING","1","2009-07-27","11925","기존주택매입임대","","84.98","1","84.98","","","","https://www.data.go.kr/data/15050701/fileData.do","2022-01-27"
"lh:yongin:44d8c9864b7f31b2","LH","YONGIN","기흥구","PURCHASE_RENTAL_BUILDING","PURCHASE_RENTAL","매입다가구(경기용인시)","경기도 용인시 기흥구 구성로 475","경기도 용인시 기흥구 구성로 475|경기도 용인시 기흥구 구성로 475(청덕동 휴먼시아물푸레마을6단지아파트)","","37.2954772356295","127.153579691059","6","2009-07-27","11926","매입다가구(경기용인시)","PURCHASE_RENTAL_BUILDING","1","2009-07-27","11926","기존주택매입임대","","84.69","1","84.69","","","","https://www.data.go.kr/data/15050701/fileData.do","2022-01-27"
"lh:yongin:8370c7230f5a970e","LH","YONGIN","기흥구","PURCHASE_RENTAL_BUILDING","PURCHASE_RENTAL","매입다가구(경기용인시)","경기도 용인시 기흥구 구성로53번길 16","경기도 용인시 기흥구 구성로53번길 16|경기도 용인시 기흥구 구성로53번길 16(마북동 어반빌리지)","","37.2963238291013","127.115834329193","15","2018-09-03","11927","매입다가구(경기용인시)","PURCHASE_RENTAL_BUILDING","13","2018-09-03","11927","기존주택매입임대","","74.91","13","74.91","","","","https://www.data.go.kr/data/15050701/fileData.do","2022-01-27"
"lh:yongin:8370c7230f5a970e","LH","YONGIN","기흥구","PURCHASE_RENTAL_BUILDING","PURCHASE_RENTAL","매입다가구(경기용인시)","경기도 용인시 기흥구 구성로53번길 16","경기도 용인시 기흥구 구성로53번길 16|경기도 용인시 기흥구 구성로53번길 16(마북동 어반빌리지)","","37.2963238291013","127.115834329193","15","2018-09-03","11928","매입다가구(경기용인시)","PURCHASE_RENTAL_BUILDING","2","2018-09-03","11928","기존주택매입임대","","764.84","2","764.84","","","","https://www.data.go.kr/data/15050701/fileData.do","2022-01-27"
"lh:yongin:da95e528bcad62dd","LH","YONGIN","기흥구","PURCHASE_RENTAL_BUILDING","PURCHASE_RENTAL","매입다가구(경기용인시)","경기도 용인시 기흥구 구성로77번길 5-3","경기도 용인시 기흥구 구성로77번길 5-3|경기도 용인시 기흥구 구성로77번길 5-3(언남동)","","37.2952534167533","127.117913409164","30","2018-10-18","11929","매입다가구(경기용인시)","PURCHASE_RENTAL_BUILDING","30","2018-10-18","11929","기존주택매입임대","","153.5","30","153.5","","","","https://www.data.go.kr/data/15050701/fileData.do","2022-01-27"
"lh:yongin:fbb06ece053f790e","LH","YONGIN","기흥구","PURCHASE_RENTAL_BUILDING","PURCHASE_RENTAL","매입다가구(경기용인시)","경기도 용인시 기흥구 금화로105번길","경기도 용인시 기흥구 금화로105번길","","37.2650555472575","127.105791921378","57","2002-11-06","11930","매입다가구(경기용인시)","PURCHASE_RENTAL_BUILDING","19","2002-11-06","11930","기존주택매입임대","","1192.2075","19","1192.2075","","","","https://www.data.go.kr/data/15050701/fileData.do","2022-01-27"
"lh:yongin:fbb06ece053f790e","LH","YONGIN","기흥구","PURCHASE_RENTAL_BUILDING","PURCHASE_RENTAL","매입다가구(경기용인시)","경기도 용인시 기흥구 금화로105번길","경기도 용인시 기흥구 금화로105번길","","37.2650555472575","127.105791921378","57","2002-11-06","11931","매입다가구(경기용인시)","PURCHASE_RENTAL_BUILDING","16","","11931","기존주택매입임대","","403.92","16","403.92","","","","https://www.data.go.kr/data/15050701/fileData.do","2022-01-27"
"lh:yongin:fbb06ece053f790e","LH","YONGIN","기흥구","PURCHASE_RENTAL_BUILDING","PURCHASE_RENTAL","매입다가구(경기용인시)","경기도 용인시 기흥구 금화로105번길","경기도 용인시 기흥구 금화로105번길","","37.2650555472575","127.105791921378","57","2002-11-06","11932","매입다가구(경기용인시)","PURCHASE_RENTAL_BUILDING","16","","11932","기존주택매입임대","","437.03","16","437.03","","","","https://www.data.go.kr/data/15050701/fileData.do","2022-01-27"
"lh:yongin:fbb06ece053f790e","LH","YONGIN","기흥구","PURCHASE_RENTAL_BUILDING","PURCHASE_RENTAL","매입다가구(경기용인시)","경기도 용인시 기흥구 금화로105번길","경기도 용인시 기흥구 금화로105번길","","37.2650555472575","127.105791921378","57","2002-11-06","11933","매입다가구(경기용인시)","PURCHASE_RENTAL_BUILDING","6","","11933","기존주택매입임대","","437.03","6","437.03","","","","https://www.data.go.kr/data/15050701/fileData.do","2022-01-27"
"lh:yongin:641e19e8e71dc58e","LH","YONGIN","기흥구","CONSTRUCTION_RENTAL_COMPLEX","PUBLIC_RENTAL","용인상갈6단지","경기도 용인시 기흥구 금화로11번길","경기도 용인시 기흥구 금화로11번길","","37.2630082577709","127.106431417402","222","","C01189","용인상갈6단지","CONSTRUCTION_RENTAL_COMPLEX","222","","C01189:공공임대(5년):39063:39.7:137","공공임대(5년)","39063","39.7","137","39.7","","","","https://www.data.go.kr/data/15050700/fileData.do","2025-09-18"
"lh:yongin:641e19e8e71dc58e","LH","YONGIN","기흥구","CONSTRUCTION_RENTAL_COMPLEX","PUBLIC_RENTAL","용인상갈6단지","경기도 용인시 기흥구 금화로11번길","경기도 용인시 기흥구 금화로11번길","","37.2630082577709","127.106431417402","222","","C01189","용인상갈6단지","CONSTRUCTION_RENTAL_COMPLEX","222","","C01189:공공임대(5년):49115:49.83:85","공공임대(5년)","49115","49.83","85","49.83","","","","https://www.data.go.kr/data/15050700/fileData.do","2025-09-18"
"lh:yongin:d17daaafbd8c6ed0","LH","YONGIN","기흥구","PURCHASE_RENTAL_BUILDING","PURCHASE_RENTAL","매입다가구(경기용인시)","경기도 용인시 기흥구 금화로12번길","경기도 용인시 기흥구 금화로12번길","","37.2611160972159","127.104885799889","42","","11934","매입다가구(경기용인시)","PURCHASE_RENTAL_BUILDING","17","","11934","기존주택매입임대","","334.8","17","334.8","","","","https://www.data.go.kr/data/15050701/fileData.do","2022-01-27"
"lh:yongin:d17daaafbd8c6ed0","LH","YONGIN","기흥구","PURCHASE_RENTAL_BUILDING","PURCHASE_RENTAL","매입다가구(경기용인시)","경기도 용인시 기흥구 금화로12번길","경기도 용인시 기흥구 금화로12번길","","37.2611160972159","127.104885799889","42","","11935","매입다가구(경기용인시)","PURCHASE_RENTAL_BUILDING","13","","11935","기존주택매입임대","","441.9","13","441.9","","","","https://www.data.go.kr/data/15050701/fileData.do","2022-01-27"
"lh:yongin:d17daaafbd8c6ed0","LH","YONGIN","기흥구","PURCHASE_RENTAL_BUILDING","PURCHASE_RENTAL","매입다가구(경기용인시)","경기도 용인시 기흥구 금화로12번길","경기도 용인시 기흥구 금화로12번길","","37.2611160972159","127.104885799889","42","","11936","매입다가구(경기용인시)","PURCHASE_RENTAL_BUILDING","6","","11936","기존주택매입임대","","396.33","6","396.33","","","","https://www.data.go.kr/data/15050701/fileData.do","2022-01-27"
"lh:yongin:d17daaafbd8c6ed0","LH","YONGIN","기흥구","PURCHASE_RENTAL_BUILDING","PURCHASE_RENTAL","매입다가구(경기용인시)","경기도 용인시 기흥구 금화로12번길","경기도 용인시 기흥구 금화로12번길","","37.2611160972159","127.104885799889","42","","11937","매입다가구(경기용인시)","PURCHASE_RENTAL_BUILDING","6","","11937","기존주택매입임대","","322.18","6","322.18","","","","https://www.data.go.kr/data/15050701/fileData.do","2022-01-27"
"lh:yongin:bfa27466d94ec406","LH","YONGIN","기흥구","PURCHASE_RENTAL_BUILDING","PURCHASE_RENTAL","매입다가구(경기용인시)","경기도 용인시 기흥구 금화로12번길 20-1","경기도 용인시 기흥구 금화로12번길 20-1|경기도 용인시 기흥구 금화로12번길 20-1 (금영빌)","","37.2601614138586","127.104715042902","12","2003-11-29","11938","매입다가구(경기용인시)","PURCHASE_RENTAL_BUILDING","12","2003-11-29","11938","기존주택매입임대","","297.61","12","297.61","","","","https://www.data.go.kr/data/15050701/fileData.do","2022-01-27"
"lh:yongin:2851a076184433c2","LH","YONGIN","기흥구","PURCHASE_RENTAL_BUILDING","PURCHASE_RENTAL","매입다가구(경기용인시)","경기도 용인시 기흥구 금화로82번길","경기도 용인시 기흥구 금화로82번길","","37.2659266401415","127.111523304305","16","","11939","매입다가구(경기용인시)","PURCHASE_RENTAL_BUILDING","16","","11939","기존주택매입임대","","378.39","16","378.39","","","","https://www.data.go.kr/data/15050701/fileData.do","2022-01-27"
"lh:yongin:c052509bc8edbc02","LH","YONGIN","기흥구","PURCHASE_RENTAL_BUILDING","PURCHASE_RENTAL","매입다가구(경기용인시)","경기도 용인시 기흥구 기흥로30번길","경기도 용인시 기흥구 기흥로30번길","","37.2788105666207","127.116716539838","22","","11940","매입다가구(경기용인시)","PURCHASE_RENTAL_BUILDING","14","","11940","기존주택매입임대","","365.24","14","365.24","","","","https://www.data.go.kr/data/15050701/fileData.do","2022-01-27"
"lh:yongin:c052509bc8edbc02","LH","YONGIN","기흥구","PURCHASE_RENTAL_BUILDING","PURCHASE_RENTAL","매입다가구(경기용인시)","경기도 용인시 기흥구 기흥로30번길","경기도 용인시 기흥구 기흥로30번길","","37.2788105666207","127.116716539838","22","","11941","매입다가구(경기용인시)","PURCHASE_RENTAL_BUILDING","8","","11941","기존주택매입임대","","470.46","8","470.46","","","","https://www.data.go.kr/data/15050701/fileData.do","2022-01-27"
"lh:yongin:7d9e52cee6c88146","LH","YONGIN","기흥구","CONSTRUCTION_RENTAL_COMPLEX","NATIONAL_RENTAL","용인동백 백현7","경기도 용인시 기흥구 동백8로 103","경기도 용인시 기흥구 동백8로 103|경기도 용인시 기흥구 동백8로 103(동백동,백현마을주공7단지아파트)","","37.2850106257459","127.163846827571","561","2006-03-23","C01178","용인동백 백현7","CONSTRUCTION_RENTAL_COMPLEX","561","2006-03-23","C01178:국민임대:39139:39.48:153","국민임대","39139","39.48","153","39.48","","","","https://www.data.go.kr/data/15050700/fileData.do","2025-09-18"
"lh:yongin:7d9e52cee6c88146","LH","YONGIN","기흥구","CONSTRUCTION_RENTAL_COMPLEX","NATIONAL_RENTAL","용인동백 백현7","경기도 용인시 기흥구 동백8로 103","경기도 용인시 기흥구 동백8로 103|경기도 용인시 기흥구 동백8로 103(동백동,백현마을주공7단지아파트)","","37.2850106257459","127.163846827571","561","2006-03-23","C01178","용인동백 백현7","CONSTRUCTION_RENTAL_COMPLEX","561","2006-03-23","C01178:국민임대:46094:46.96:52","국민임대","46094","46.96","52","46.96","","","","https://www.data.go.kr/data/15050700/fileData.do","2025-09-18"
"lh:yongin:7d9e52cee6c88146","LH","YONGIN","기흥구","CONSTRUCTION_RENTAL_COMPLEX","NATIONAL_RENTAL","용인동백 백현7","경기도 용인시 기흥구 동백8로 103","경기도 용인시 기흥구 동백8로 103|경기도 용인시 기흥구 동백8로 103(동백동,백현마을주공7단지아파트)","","37.2850106257459","127.163846827571","561","2006-03-23","C01178","용인동백 백현7","CONSTRUCTION_RENTAL_COMPLEX","561","2006-03-23","C01178:국민임대:46095:46.96:104","국민임대","46095","46.96","104","46.96","","","","https://www.data.go.kr/data/15050700/fileData.do","2025-09-18"
"lh:yongin:7d9e52cee6c88146","LH","YONGIN","기흥구","CONSTRUCTION_RENTAL_COMPLEX","NATIONAL_RENTAL","용인동백 백현7","경기도 용인시 기흥구 동백8로 103","경기도 용인시 기흥구 동백8로 103|경기도 용인시 기흥구 동백8로 103(동백동,백현마을주공7단지아파트)","","37.2850106257459","127.163846827571","561","2006-03-23","C01178","용인동백 백현7","CONSTRUCTION_RENTAL_COMPLEX","561","2006-03-23","C01178:국민임대:51140:51.86:252","국민임대","51140","51.86","252","51.86","","","","https://www.data.go.kr/data/15050700/fileData.do","2025-09-18"
"lh:yongin:808d1ea9782b3ea4","LH","YONGIN","기흥구","PURCHASE_RENTAL_BUILDING","PURCHASE_RENTAL","매입다가구(경기용인시)","경기도 용인시 기흥구 동백8로 126","경기도 용인시 기흥구 동백8로 126|경기도 용인시 기흥구 동백8로 126(동백동 백현마을모아미래도2단지아파트)","","37.2822444950203","127.164066243807","18","2006-02-27","11942","매입다가구(경기용인시)","PURCHASE_RENTAL_BUILDING","1","2006-02-27","11942","기존주택매입임대","","393.59","1","393.59","","","","https://www.data.go.kr/data/15050701/fileData.do","2022-01-27"
"lh:yongin:808d1ea9782b3ea4","LH","YONGIN","기흥구","PURCHASE_RENTAL_BUILDING","PURCHASE_RENTAL","매입다가구(경기용인시)","경기도 용인시 기흥구 동백8로 126","경기도 용인시 기흥구 동백8로 126|경기도 용인시 기흥구 동백8로 126(동백동 백현마을모아미래도2단지아파트)","","37.2822444950203","127.164066243807","18","2006-02-27","11943","매입다가구(경기용인시)","PURCHASE_RENTAL_BUILDING","1","2006-02-27","11943","기존주택매입임대","","59.735","1","59.735","","","","https://www.data.go.kr/data/15050701/fileData.do","2022-01-27"
"lh:yongin:808d1ea9782b3ea4","LH","YONGIN","기흥구","PURCHASE_RENTAL_BUILDING","PURCHASE_RENTAL","매입다가구(경기용인시)","경기도 용인시 기흥구 동백8로 126","경기도 용인시 기흥구 동백8로 126|경기도 용인시 기흥구 동백8로 126(동백동 백현마을모아미래도2단지아파트)","","37.2822444950203","127.164066243807","18","2006-02-27","11944","매입다가구(경기용인시)","PURCHASE_RENTAL_BUILDING","1","2006-02-27","11944","기존주택매입임대","","59.735","1","59.735","","","","https://www.data.go.kr/data/15050701/fileData.do","2022-01-27"
"lh:yongin:808d1ea9782b3ea4","LH","YONGIN","기흥구","PURCHASE_RENTAL_BUILDING","PURCHASE_RENTAL","매입다가구(경기용인시)","경기도 용인시 기흥구 동백8로 126","경기도 용인시 기흥구 동백8로 126|경기도 용인시 기흥구 동백8로 126(동백동 백현마을모아미래도2단지아파트)","","37.2822444950203","127.164066243807","18","2006-02-27","11945","매입다가구(경기용인시)","PURCHASE_RENTAL_BUILDING","1","2006-02-27","11945","기존주택매입임대","","59.735","1","59.735","","","","https://www.data.go.kr/data/15050701/fileData.do","2022-01-27"
"lh:yongin:808d1ea9782b3ea4","LH","YONGIN","기흥구","PURCHASE_RENTAL_BUILDING","PURCHASE_RENTAL","매입다가구(경기용인시)","경기도 용인시 기흥구 동백8로 126","경기도 용인시 기흥구 동백8로 126|경기도 용인시 기흥구 동백8로 126(동백동 백현마을모아미래도2단지아파트)","","37.2822444950203","127.164066243807","18","2006-02-27","11946","매입다가구(경기용인시)","PURCHASE_RENTAL_BUILDING","1","2006-02-27","11946","기존주택매입임대","","59.735","1","59.735","","","","https://www.data.go.kr/data/15050701/fileData.do","2022-01-27"
"lh:yongin:808d1ea9782b3ea4","LH","YONGIN","기흥구","PURCHASE_RENTAL_BUILDING","PURCHASE_RENTAL","매입다가구(경기용인시)","경기도 용인시 기흥구 동백8로 126","경기도 용인시 기흥구 동백8로 126|경기도 용인시 기흥구 동백8로 126(동백동 백현마을모아미래도2단지아파트)","","37.2822444950203","127.164066243807","18","2006-02-27","11947","매입다가구(경기용인시)","PURCHASE_RENTAL_BUILDING","1","2006-02-27","11947","기존주택매입임대","","59.735","1","59.735","","","","https://www.data.go.kr/data/15050701/fileData.do","2022-01-27"
"lh:yongin:808d1ea9782b3ea4","LH","YONGIN","기흥구","PURCHASE_RENTAL_BUILDING","PURCHASE_RENTAL","매입다가구(경기용인시)","경기도 용인시 기흥구 동백8로 126","경기도 용인시 기흥구 동백8로 126|경기도 용인시 기흥구 동백8로 126(동백동 백현마을모아미래도2단지아파트)","","37.2822444950203","127.164066243807","18","2006-02-27","11948","매입다가구(경기용인시)","PURCHASE_RENTAL_BUILDING","1","2006-02-27","11948","기존주택매입임대","","59.735","1","59.735","","","","https://www.data.go.kr/data/15050701/fileData.do","2022-01-27"
"lh:yongin:808d1ea9782b3ea4","LH","YONGIN","기흥구","PURCHASE_RENTAL_BUILDING","PURCHASE_RENTAL","매입다가구(경기용인시)","경기도 용인시 기흥구 동백8로 126","경기도 용인시 기흥구 동백8로 126|경기도 용인시 기흥구 동백8로 126(동백동 백현마을모아미래도2단지아파트)","","37.2822444950203","127.164066243807","18","2006-02-27","11949","매입다가구(경기용인시)","PURCHASE_RENTAL_BUILDING","1","2006-02-27","11949","기존주택매입임대","","59.735","1","59.735","","","","https://www.data.go.kr/data/15050701/fileData.do","2022-01-27"
"lh:yongin:808d1ea9782b3ea4","LH","YONGIN","기흥구","PURCHASE_RENTAL_BUILDING","PURCHASE_RENTAL","매입다가구(경기용인시)","경기도 용인시 기흥구 동백8로 126","경기도 용인시 기흥구 동백8로 126|경기도 용인시 기흥구 동백8로 126(동백동 백현마을모아미래도2단지아파트)","","37.2822444950203","127.164066243807","18","2006-02-27","11950","매입다가구(경기용인시)","PURCHASE_RENTAL_BUILDING","1","2006-02-27","11950","기존주택매입임대","","59.735","1","59.735","","","","https://www.data.go.kr/data/15050701/fileData.do","2022-01-27"
"lh:yongin:808d1ea9782b3ea4","LH","YONGIN","기흥구","PURCHASE_RENTAL_BUILDING","PURCHASE_RENTAL","매입다가구(경기용인시)","경기도 용인시 기흥구 동백8로 126","경기도 용인시 기흥구 동백8로 126|경기도 용인시 기흥구 동백8로 126(동백동 백현마을모아미래도2단지아파트)","","37.2822444950203","127.164066243807","18","2006-02-27","11951","매입다가구(경기용인시)","PURCHASE_RENTAL_BUILDING","1","2006-02-27","11951","기존주택매입임대","","59.735","1","59.735","","","","https://www.data.go.kr/data/15050701/fileData.do","2022-01-27"
"lh:yongin:808d1ea9782b3ea4","LH","YONGIN","기흥구","PURCHASE_RENTAL_BUILDING","PURCHASE_RENTAL","매입다가구(경기용인시)","경기도 용인시 기흥구 동백8로 126","경기도 용인시 기흥구 동백8로 126|경기도 용인시 기흥구 동백8로 126(동백동 백현마을모아미래도2단지아파트)","","37.2822444950203","127.164066243807","18","2006-02-27","11952","매입다가구(경기용인시)","PURCHASE_RENTAL_BUILDING","1","2006-02-27","11952","기존주택매입임대","","59.735","1","59.735","","","","https://www.data.go.kr/data/15050701/fileData.do","2022-01-27"
"lh:yongin:808d1ea9782b3ea4","LH","YONGIN","기흥구","PURCHASE_RENTAL_BUILDING","PURCHASE_RENTAL","매입다가구(경기용인시)","경기도 용인시 기흥구 동백8로 126","경기도 용인시 기흥구 동백8로 126|경기도 용인시 기흥구 동백8로 126(동백동 백현마을모아미래도2단지아파트)","","37.2822444950203","127.164066243807","18","2006-02-27","11953","매입다가구(경기용인시)","PURCHASE_RENTAL_BUILDING","1","2006-02-27","11953","기존주택매입임대","","59.735","1","59.735","","","","https://www.data.go.kr/data/15050701/fileData.do","2022-01-27"
"lh:yongin:808d1ea9782b3ea4","LH","YONGIN","기흥구","PURCHASE_RENTAL_BUILDING","PURCHASE_RENTAL","매입다가구(경기용인시)","경기도 용인시 기흥구 동백8로 126","경기도 용인시 기흥구 동백8로 126|경기도 용인시 기흥구 동백8로 126(동백동 백현마을모아미래도2단지아파트)","","37.2822444950203","127.164066243807","18","2006-02-27","18114","청년신혼부부매입임대(경기용인시)","PURCHASE_RENTAL_BUILDING","1","2006-02-27","18114","청년신혼부부매입임대","","59.98","1","59.98","","","","https://www.data.go.kr/data/15050701/fileData.do","2022-01-27"
"lh:yongin:808d1ea9782b3ea4","LH","YONGIN","기흥구","PURCHASE_RENTAL_BUILDING","PURCHASE_RENTAL","매입다가구(경기용인시)","경기도 용인시 기흥구 동백8로 126","경기도 용인시 기흥구 동백8로 126|경기도 용인시 기흥구 동백8로 126(동백동 백현마을모아미래도2단지아파트)","","37.2822444950203","127.164066243807","18","2006-02-27","18115","청년신혼부부매입임대(경기용인시)","PURCHASE_RENTAL_BUILDING","1","2006-02-27","18115","청년신혼부부매입임대","","59.735","1","59.735","","","","https://www.data.go.kr/data/15050701/fileData.do","2022-01-27"
"lh:yongin:808d1ea9782b3ea4","LH","YONGIN","기흥구","PURCHASE_RENTAL_BUILDING","PURCHASE_RENTAL","매입다가구(경기용인시)","경기도 용인시 기흥구 동백8로 126","경기도 용인시 기흥구 동백8로 126|경기도 용인시 기흥구 동백8로 126(동백동 백현마을모아미래도2단지아파트)","","37.2822444950203","127.164066243807","18","2006-02-27","18116","청년신혼부부매입임대(경기용인시)","PURCHASE_RENTAL_BUILDING","1","2006-02-27","18116","청년신혼부부매입임대","","59.735","1","59.735","","","","https://www.data.go.kr/data/15050701/fileData.do","2022-01-27"
"lh:yongin:808d1ea9782b3ea4","LH","YONGIN","기흥구","PURCHASE_RENTAL_BUILDING","PURCHASE_RENTAL","매입다가구(경기용인시)","경기도 용인시 기흥구 동백8로 126","경기도 용인시 기흥구 동백8로 126|경기도 용인시 기흥구 동백8로 126(동백동 백현마을모아미래도2단지아파트)","","37.2822444950203","127.164066243807","18","2006-02-27","18117","청년신혼부부매입임대(경기용인시)","PURCHASE_RENTAL_BUILDING","1","2006-02-27","18117","청년신혼부부매입임대","","59.735","1","59.735","","","","https://www.data.go.kr/data/15050701/fileData.do","2022-01-27"
"lh:yongin:808d1ea9782b3ea4","LH","YONGIN","기흥구","PURCHASE_RENTAL_BUILDING","PURCHASE_RENTAL","매입다가구(경기용인시)","경기도 용인시 기흥구 동백8로 126","경기도 용인시 기흥구 동백8로 126|경기도 용인시 기흥구 동백8로 126(동백동 백현마을모아미래도2단지아파트)","","37.2822444950203","127.164066243807","18","2006-02-27","18118","청년신혼부부매입임대(경기용인시)","PURCHASE_RENTAL_BUILDING","1","2006-02-27","18118","청년신혼부부매입임대","","59.735","1","59.735","","","","https://www.data.go.kr/data/15050701/fileData.do","2022-01-27"
"lh:yongin:808d1ea9782b3ea4","LH","YONGIN","기흥구","PURCHASE_RENTAL_BUILDING","PURCHASE_RENTAL","매입다가구(경기용인시)","경기도 용인시 기흥구 동백8로 126","경기도 용인시 기흥구 동백8로 126|경기도 용인시 기흥구 동백8로 126(동백동 백현마을모아미래도2단지아파트)","","37.2822444950203","127.164066243807","18","2006-02-27","18119","청년신혼부부매입임대(경기용인시)","PURCHASE_RENTAL_BUILDING","1","2006-02-27","18119","청년신혼부부매입임대","","59.735","1","59.735","","","","https://www.data.go.kr/data/15050701/fileData.do","2022-01-27"
"lh:yongin:0ca9d7b811a76580","LH","YONGIN","기흥구","PURCHASE_RENTAL_BUILDING","PURCHASE_RENTAL","매입다가구(경기용인시)","경기도 용인시 기흥구 동백8로 27","경기도 용인시 기흥구 동백8로 27|경기도 용인시 기흥구 동백8로 27(동백동 호수마을휴먼시아)","","37.2861827077025","127.154248576494","1","2006-11-06","11954","매입다가구(경기용인시)","PURCHASE_RENTAL_BUILDING","1","2006-11-06","11954","기존주택매입임대","","59.735","1","59.735","","","","https://www.data.go.kr/data/15050701/fileData.do","2022-01-27"
"lh:yongin:1cb0af3269314f22","LH","YONGIN","기흥구","CONSTRUCTION_RENTAL_COMPLEX","NATIONAL_RENTAL","용인동백 호수3","경기도 용인시 기흥구 동백8로 64","경기도 용인시 기흥구 동백8로 64|경기도 용인시 기흥구 동백8로 64(동백동,호수마을주공3단지아파트)","","37.283449259189","127.157374021271","898","2006-05-30","C01181","용인동백 호수3","CONSTRUCTION_RENTAL_COMPLEX","898","2006-05-30","C01181:국민임대:39139:39.48:242","국민임대","39139","39.48","242","39.48","","","","https://www.data.go.kr/data/15050700/fileData.do","2025-09-18"
"lh:yongin:1cb0af3269314f22","LH","YONGIN","기흥구","CONSTRUCTION_RENTAL_COMPLEX","NATIONAL_RENTAL","용인동백 호수3","경기도 용인시 기흥구 동백8로 64","경기도 용인시 기흥구 동백8로 64|경기도 용인시 기흥구 동백8로 64(동백동,호수마을주공3단지아파트)","","37.283449259189","127.157374021271","898","2006-05-30","C01181","용인동백 호수3","CONSTRUCTION_RENTAL_COMPLEX","898","2006-05-30","C01181:국민임대:46094:46.96:82","국민임대","46094","46.96","82","46.96","","","","https://www.data.go.kr/data/15050700/fileData.do","2025-09-18"
"lh:yongin:1cb0af3269314f22","LH","YONGIN","기흥구","CONSTRUCTION_RENTAL_COMPLEX","NATIONAL_RENTAL","용인동백 호수3","경기도 용인시 기흥구 동백8로 64","경기도 용인시 기흥구 동백8로 64|경기도 용인시 기흥구 동백8로 64(동백동,호수마을주공3단지아파트)","","37.283449259189","127.157374021271","898","2006-05-30","C01181","용인동백 호수3","CONSTRUCTION_RENTAL_COMPLEX","898","2006-05-30","C01181:국민임대:46095:46.96:152","국민임대","46095","46.96","152","46.96","","","","https://www.data.go.kr/data/15050700/fileData.do","2025-09-18"
"lh:yongin:1cb0af3269314f22","LH","YONGIN","기흥구","CONSTRUCTION_RENTAL_COMPLEX","NATIONAL_RENTAL","용인동백 호수3","경기도 용인시 기흥구 동백8로 64","경기도 용인시 기흥구 동백8로 64|경기도 용인시 기흥구 동백8로 64(동백동,호수마을주공3단지아파트)","","37.283449259189","127.157374021271","898","2006-05-30","C01181","용인동백 호수3","CONSTRUCTION_RENTAL_COMPLEX","898","2006-05-30","C01181:국민임대:51140:51.86:302","국민임대","51140","51.86","302","51.86","","","","https://www.data.go.kr/data/15050700/fileData.do","2025-09-18"
"lh:yongin:1cb0af3269314f22","LH","YONGIN","기흥구","CONSTRUCTION_RENTAL_COMPLEX","NATIONAL_RENTAL","용인동백 호수3","경기도 용인시 기흥구 동백8로 64","경기도 용인시 기흥구 동백8로 64|경기도 용인시 기흥구 동백8로 64(동백동,호수마을주공3단지아파트)","","37.283449259189","127.157374021271","898","2006-05-30","C01181","용인동백 호수3","CONSTRUCTION_RENTAL_COMPLEX","898","2006-05-30","C01181:국민임대:59713:59.57:120","국민임대","59713","59.57","120","59.57","","","","https://www.data.go.kr/data/15050700/fileData.do","2025-09-18"
"lh:yongin:d9ca1a73e2b85b37","LH","YONGIN","기흥구","PURCHASE_RENTAL_BUILDING","PURCHASE_RENTAL","매입다가구(경기용인시)","경기도 용인시 기흥구 동백8로 89","경기도 용인시 기흥구 동백8로 89|경기도 용인시 기흥구 동백8로 89(동백동 백현마을서해그랑블아파트)","","37.2853796792812","127.161230518699","4","2006-04-20","11955","매입다가구(경기용인시)","PURCHASE_RENTAL_BUILDING","1","2006-04-20","11955","기존주택매입임대","","84.8","1","84.8","","","","https://www.data.go.kr/data/15050701/fileData.do","2022-01-27"
"lh:yongin:d9ca1a73e2b85b37","LH","YONGIN","기흥구","PURCHASE_RENTAL_BUILDING","PURCHASE_RENTAL","매입다가구(경기용인시)","경기도 용인시 기흥구 동백8로 89","경기도 용인시 기흥구 동백8로 89|경기도 용인시 기흥구 동백8로 89(동백동 백현마을서해그랑블아파트)","","37.2853796792812","127.161230518699","4","2006-04-20","11956","매입다가구(경기용인시)","PURCHASE_RENTAL_BUILDING","1","2006-04-20","11956","기존주택매입임대","","84.57","1","84.57","","","","https://www.data.go.kr/data/15050701/fileData.do","2022-01-27"
"lh:yongin:d9ca1a73e2b85b37","LH","YONGIN","기흥구","PURCHASE_RENTAL_BUILDING","PURCHASE_RENTAL","매입다가구(경기용인시)","경기도 용인시 기흥구 동백8로 89","경기도 용인시 기흥구 동백8로 89|경기도 용인시 기흥구 동백8로 89(동백동 백현마을서해그랑블아파트)","","37.2853796792812","127.161230518699","4","2006-04-20","11957","매입다가구(경기용인시)","PURCHASE_RENTAL_BUILDING","1","2006-04-20","11957","기존주택매입임대","","84.57","1","84.57","","","","https://www.data.go.kr/data/15050701/fileData.do","2022-01-27"
"lh:yongin:d9ca1a73e2b85b37","LH","YONGIN","기흥구","PURCHASE_RENTAL_BUILDING","PURCHASE_RENTAL","매입다가구(경기용인시)","경기도 용인시 기흥구 동백8로 89","경기도 용인시 기흥구 동백8로 89|경기도 용인시 기흥구 동백8로 89(동백동 백현마을서해그랑블아파트)","","37.2853796792812","127.161230518699","4","2006-04-20","11958","매입다가구(경기용인시)","PURCHASE_RENTAL_BUILDING","1","2006-04-20","11958","기존주택매입임대","","84.873","1","84.873","","","","https://www.data.go.kr/data/15050701/fileData.do","2022-01-27"
"lh:yongin:d609130ce69d3f38","LH","YONGIN","기흥구","PURCHASE_RENTAL_BUILDING","PURCHASE_RENTAL","매입다가구(경기용인시)","경기도 용인시 기흥구 동백8로 90","경기도 용인시 기흥구 동백8로 90|경기도 용인시 기흥구 동백8로 90(동백동 백현마을모아미래도1단지아파트)","","37.2842166067514","127.160111317632","30","2000-06-01","11959","매입다가구(경기용인시)","PURCHASE_RENTAL_BUILDING","1","2006-02-27","11959","기존주택매입임대","","84.57","1","84.57","","","","https://www.data.go.kr/data/15050701/fileData.do","2022-01-27"
"lh:yongin:d609130ce69d3f38","LH","YONGIN","기흥구","PURCHASE_RENTAL_BUILDING","PURCHASE_RENTAL","매입다가구(경기용인시)","경기도 용인시 기흥구 동백8로 90","경기도 용인시 기흥구 동백8로 90|경기도 용인시 기흥구 동백8로 90(동백동 백현마을모아미래도1단지아파트)","","37.2842166067514","127.160111317632","30","2000-06-01","11960","매입다가구(경기용인시)","PURCHASE_RENTAL_BUILDING","1","2006-02-27","11960","기존주택매입임대","","59.735","1","59.735","","","","https://www.data.go.kr/data/15050701/fileData.do","2022-01-27"
"lh:yongin:d609130ce69d3f38","LH","YONGIN","기흥구","PURCHASE_RENTAL_BUILDING","PURCHASE_RENTAL","매입다가구(경기용인시)","경기도 용인시 기흥구 동백8로 90","경기도 용인시 기흥구 동백8로 90|경기도 용인시 기흥구 동백8로 90(동백동 백현마을모아미래도1단지아파트)","","37.2842166067514","127.160111317632","30","2000-06-01","11961","매입다가구(경기용인시)","PURCHASE_RENTAL_BUILDING","1","2006-02-27","11961","기존주택매입임대","","59.735","1","59.735","","","","https://www.data.go.kr/data/15050701/fileData.do","2022-01-27"
"lh:yongin:d609130ce69d3f38","LH","YONGIN","기흥구","PURCHASE_RENTAL_BUILDING","PURCHASE_RENTAL","매입다가구(경기용인시)","경기도 용인시 기흥구 동백8로 90","경기도 용인시 기흥구 동백8로 90|경기도 용인시 기흥구 동백8로 90(동백동 백현마을모아미래도1단지아파트)","","37.2842166067514","127.160111317632","30","2000-06-01","11962","매입다가구(경기용인시)","PURCHASE_RENTAL_BUILDING","1","2006-02-27","11962","기존주택매입임대","","59.735","1","59.735","","","","https://www.data.go.kr/data/15050701/fileData.do","2022-01-27"
"lh:yongin:d609130ce69d3f38","LH","YONGIN","기흥구","PURCHASE_RENTAL_BUILDING","PURCHASE_RENTAL","매입다가구(경기용인시)","경기도 용인시 기흥구 동백8로 90","경기도 용인시 기흥구 동백8로 90|경기도 용인시 기흥구 동백8로 90(동백동 백현마을모아미래도1단지아파트)","","37.2842166067514","127.160111317632","30","2000-06-01","11963","매입다가구(경기용인시)","PURCHASE_RENTAL_BUILDING","1","2006-02-27","11963","기존주택매입임대","","59.735","1","59.735","","","","https://www.data.go.kr/data/15050701/fileData.do","2022-01-27"
"lh:yongin:d609130ce69d3f38","LH","YONGIN","기흥구","PURCHASE_RENTAL_BUILDING","PURCHASE_RENTAL","매입다가구(경기용인시)","경기도 용인시 기흥구 동백8로 90","경기도 용인시 기흥구 동백8로 90|경기도 용인시 기흥구 동백8로 90(동백동 백현마을모아미래도1단지아파트)","","37.2842166067514","127.160111317632","30","2000-06-01","11964","매입다가구(경기용인시)","PURCHASE_RENTAL_BUILDING","1","2006-02-27","11964","기존주택매입임대","","59.735","1","59.735","","","","https://www.data.go.kr/data/15050701/fileData.do","2022-01-27"
"lh:yongin:d609130ce69d3f38","LH","YONGIN","기흥구","PURCHASE_RENTAL_BUILDING","PURCHASE_RENTAL","매입다가구(경기용인시)","경기도 용인시 기흥구 동백8로 90","경기도 용인시 기흥구 동백8로 90|경기도 용인시 기흥구 동백8로 90(동백동 백현마을모아미래도1단지아파트)","","37.2842166067514","127.160111317632","30","2000-06-01","11965","매입다가구(경기용인시)","PURCHASE_RENTAL_BUILDING","1","2006-02-27","11965","기존주택매입임대","","59.735","1","59.735","","","","https://www.data.go.kr/data/15050701/fileData.do","2022-01-27"
"lh:yongin:d609130ce69d3f38","LH","YONGIN","기흥구","PURCHASE_RENTAL_BUILDING","PURCHASE_RENTAL","매입다가구(경기용인시)","경기도 용인시 기흥구 동백8로 90","경기도 용인시 기흥구 동백8로 90|경기도 용인시 기흥구 동백8로 90(동백동 백현마을모아미래도1단지아파트)","","37.2842166067514","127.160111317632","30","2000-06-01","11966","매입다가구(경기용인시)","PURCHASE_RENTAL_BUILDING","1","2006-02-27","11966","기존주택매입임대","","59.735","1","59.735","","","","https://www.data.go.kr/data/15050701/fileData.do","2022-01-27"
"lh:yongin:d609130ce69d3f38","LH","YONGIN","기흥구","PURCHASE_RENTAL_BUILDING","PURCHASE_RENTAL","매입다가구(경기용인시)","경기도 용인시 기흥구 동백8로 90","경기도 용인시 기흥구 동백8로 90|경기도 용인시 기흥구 동백8로 90(동백동 백현마을모아미래도1단지아파트)","","37.2842166067514","127.160111317632","30","2000-06-01","11967","매입다가구(경기용인시)","PURCHASE_RENTAL_BUILDING","1","2006-02-27","11967","기존주택매입임대","","59.735","1","59.735","","","","https://www.data.go.kr/data/15050701/fileData.do","2022-01-27"
"lh:yongin:d609130ce69d3f38","LH","YONGIN","기흥구","PURCHASE_RENTAL_BUILDING","PURCHASE_RENTAL","매입다가구(경기용인시)","경기도 용인시 기흥구 동백8로 90","경기도 용인시 기흥구 동백8로 90|경기도 용인시 기흥구 동백8로 90(동백동 백현마을모아미래도1단지아파트)","","37.2842166067514","127.160111317632","30","2000-06-01","11968","매입다가구(경기용인시)","PURCHASE_RENTAL_BUILDING","1","2006-02-27","11968","기존주택매입임대","","59.735","1","59.735","","","","https://www.data.go.kr/data/15050701/fileData.do","2022-01-27"
"lh:yongin:d609130ce69d3f38","LH","YONGIN","기흥구","PURCHASE_RENTAL_BUILDING","PURCHASE_RENTAL","매입다가구(경기용인시)","경기도 용인시 기흥구 동백8로 90","경기도 용인시 기흥구 동백8로 90|경기도 용인시 기흥구 동백8로 90(동백동 백현마을모아미래도1단지아파트)","","37.2842166067514","127.160111317632","30","2000-06-01","11969","매입다가구(경기용인시)","PURCHASE_RENTAL_BUILDING","1","2006-02-27","11969","기존주택매입임대","","59.735","1","59.735","","","","https://www.data.go.kr/data/15050701/fileData.do","2022-01-27"
"lh:yongin:d609130ce69d3f38","LH","YONGIN","기흥구","PURCHASE_RENTAL_BUILDING","PURCHASE_RENTAL","매입다가구(경기용인시)","경기도 용인시 기흥구 동백8로 90","경기도 용인시 기흥구 동백8로 90|경기도 용인시 기흥구 동백8로 90(동백동 백현마을모아미래도1단지아파트)","","37.2842166067514","127.160111317632","30","2000-06-01","11970","매입다가구(경기용인시)","PURCHASE_RENTAL_BUILDING","1","2006-02-27","11970","기존주택매입임대","","59.735","1","59.735","","","","https://www.data.go.kr/data/15050701/fileData.do","2022-01-27"
"lh:yongin:d609130ce69d3f38","LH","YONGIN","기흥구","PURCHASE_RENTAL_BUILDING","PURCHASE_RENTAL","매입다가구(경기용인시)","경기도 용인시 기흥구 동백8로 90","경기도 용인시 기흥구 동백8로 90|경기도 용인시 기흥구 동백8로 90(동백동 백현마을모아미래도1단지아파트)","","37.2842166067514","127.160111317632","30","2000-06-01","11971","매입다가구(경기용인시)","PURCHASE_RENTAL_BUILDING","1","2006-02-27","11971","기존주택매입임대","","59.735","1","59.735","","","","https://www.data.go.kr/data/15050701/fileData.do","2022-01-27"
"lh:yongin:d609130ce69d3f38","LH","YONGIN","기흥구","PURCHASE_RENTAL_BUILDING","PURCHASE_RENTAL","매입다가구(경기용인시)","경기도 용인시 기흥구 동백8로 90","경기도 용인시 기흥구 동백8로 90|경기도 용인시 기흥구 동백8로 90(동백동 백현마을모아미래도1단지아파트)","","37.2842166067514","127.160111317632","30","2000-06-01","11972","매입다가구(경기용인시)","PURCHASE_RENTAL_BUILDING","1","2006-02-27","11972","기존주택매입임대","","59.735","1","59.735","","","","https://www.data.go.kr/data/15050701/fileData.do","2022-01-27"
"lh:yongin:d609130ce69d3f38","LH","YONGIN","기흥구","PURCHASE_RENTAL_BUILDING","PURCHASE_RENTAL","매입다가구(경기용인시)","경기도 용인시 기흥구 동백8로 90","경기도 용인시 기흥구 동백8로 90|경기도 용인시 기흥구 동백8로 90(동백동 백현마을모아미래도1단지아파트)","","37.2842166067514","127.160111317632","30","2000-06-01","11973","매입다가구(경기용인시)","PURCHASE_RENTAL_BUILDING","1","2006-02-27","11973","기존주택매입임대","","59.735","1","59.735","","","","https://www.data.go.kr/data/15050701/fileData.do","2022-01-27"
"lh:yongin:d609130ce69d3f38","LH","YONGIN","기흥구","PURCHASE_RENTAL_BUILDING","PURCHASE_RENTAL","매입다가구(경기용인시)","경기도 용인시 기흥구 동백8로 90","경기도 용인시 기흥구 동백8로 90|경기도 용인시 기흥구 동백8로 90(동백동 백현마을모아미래도1단지아파트)","","37.2842166067514","127.160111317632","30","2000-06-01","11974","매입다가구(경기용인시)","PURCHASE_RENTAL_BUILDING","1","2006-02-27","11974","기존주택매입임대","","59.735","1","59.735","","","","https://www.data.go.kr/data/15050701/fileData.do","2022-01-27"
"lh:yongin:d609130ce69d3f38","LH","YONGIN","기흥구","PURCHASE_RENTAL_BUILDING","PURCHASE_RENTAL","매입다가구(경기용인시)","경기도 용인시 기흥구 동백8로 90","경기도 용인시 기흥구 동백8로 90|경기도 용인시 기흥구 동백8로 90(동백동 백현마을모아미래도1단지아파트)","","37.2842166067514","127.160111317632","30","2000-06-01","11975","매입다가구(경기용인시)","PURCHASE_RENTAL_BUILDING","1","2006-02-27","11975","기존주택매입임대","","59.735","1","59.735","","","","https://www.data.go.kr/data/15050701/fileData.do","2022-01-27"
"lh:yongin:d609130ce69d3f38","LH","YONGIN","기흥구","PURCHASE_RENTAL_BUILDING","PURCHASE_RENTAL","매입다가구(경기용인시)","경기도 용인시 기흥구 동백8로 90","경기도 용인시 기흥구 동백8로 90|경기도 용인시 기흥구 동백8로 90(동백동 백현마을모아미래도1단지아파트)","","37.2842166067514","127.160111317632","30","2000-06-01","11976","매입다가구(경기용인시)","PURCHASE_RENTAL_BUILDING","1","2006-02-27","11976","기존주택매입임대","","59.735","1","59.735","","","","https://www.data.go.kr/data/15050701/fileData.do","2022-01-27"
"lh:yongin:d609130ce69d3f38","LH","YONGIN","기흥구","PURCHASE_RENTAL_BUILDING","PURCHASE_RENTAL","매입다가구(경기용인시)","경기도 용인시 기흥구 동백8로 90","경기도 용인시 기흥구 동백8로 90|경기도 용인시 기흥구 동백8로 90(동백동 백현마을모아미래도1단지아파트)","","37.2842166067514","127.160111317632","30","2000-06-01","11977","매입다가구(경기용인시)","PURCHASE_RENTAL_BUILDING","1","2006-02-27","11977","기존주택매입임대","","59.735","1","59.735","","","","https://www.data.go.kr/data/15050701/fileData.do","2022-01-27"
"lh:yongin:d609130ce69d3f38","LH","YONGIN","기흥구","PURCHASE_RENTAL_BUILDING","PURCHASE_RENTAL","매입다가구(경기용인시)","경기도 용인시 기흥구 동백8로 90","경기도 용인시 기흥구 동백8로 90|경기도 용인시 기흥구 동백8로 90(동백동 백현마을모아미래도1단지아파트)","","37.2842166067514","127.160111317632","30","2000-06-01","18120","청년신혼부부매입임대(경기용인시)","PURCHASE_RENTAL_BUILDING","1","2000-06-01","18120","청년신혼부부매입임대","","59.735","1","59.735","","","","https://www.data.go.kr/data/15050701/fileData.do","2022-01-27"
"lh:yongin:d609130ce69d3f38","LH","YONGIN","기흥구","PURCHASE_RENTAL_BUILDING","PURCHASE_RENTAL","매입다가구(경기용인시)","경기도 용인시 기흥구 동백8로 90","경기도 용인시 기흥구 동백8로 90|경기도 용인시 기흥구 동백8로 90(동백동 백현마을모아미래도1단지아파트)","","37.2842166067514","127.160111317632","30","2000-06-01","18121","청년신혼부부매입임대(경기용인시)","PURCHASE_RENTAL_BUILDING","1","2006-02-27","18121","청년신혼부부매입임대","","59.735","1","59.735","","","","https://www.data.go.kr/data/15050701/fileData.do","2022-01-27"
"lh:yongin:d609130ce69d3f38","LH","YONGIN","기흥구","PURCHASE_RENTAL_BUILDING","PURCHASE_RENTAL","매입다가구(경기용인시)","경기도 용인시 기흥구 동백8로 90","경기도 용인시 기흥구 동백8로 90|경기도 용인시 기흥구 동백8로 90(동백동 백현마을모아미래도1단지아파트)","","37.2842166067514","127.160111317632","30","2000-06-01","18122","청년신혼부부매입임대(경기용인시)","PURCHASE_RENTAL_BUILDING","1","2006-02-27","18122","청년신혼부부매입임대","","59.735","1","59.735","","","","https://www.data.go.kr/data/15050701/fileData.do","2022-01-27"
"lh:yongin:d609130ce69d3f38","LH","YONGIN","기흥구","PURCHASE_RENTAL_BUILDING","PURCHASE_RENTAL","매입다가구(경기용인시)","경기도 용인시 기흥구 동백8로 90","경기도 용인시 기흥구 동백8로 90|경기도 용인시 기흥구 동백8로 90(동백동 백현마을모아미래도1단지아파트)","","37.2842166067514","127.160111317632","30","2000-06-01","18123","청년신혼부부매입임대(경기용인시)","PURCHASE_RENTAL_BUILDING","1","2006-02-27","18123","청년신혼부부매입임대","","59.735","1","59.735","","","","https://www.data.go.kr/data/15050701/fileData.do","2022-01-27"
"lh:yongin:d609130ce69d3f38","LH","YONGIN","기흥구","PURCHASE_RENTAL_BUILDING","PURCHASE_RENTAL","매입다가구(경기용인시)","경기도 용인시 기흥구 동백8로 90","경기도 용인시 기흥구 동백8로 90|경기도 용인시 기흥구 동백8로 90(동백동 백현마을모아미래도1단지아파트)","","37.2842166067514","127.160111317632","30","2000-06-01","18124","청년신혼부부매입임대(경기용인시)","PURCHASE_RENTAL_BUILDING","1","2006-02-27","18124","청년신혼부부매입임대","","59.735","1","59.735","","","","https://www.data.go.kr/data/15050701/fileData.do","2022-01-27"
"lh:yongin:d609130ce69d3f38","LH","YONGIN","기흥구","PURCHASE_RENTAL_BUILDING","PURCHASE_RENTAL","매입다가구(경기용인시)","경기도 용인시 기흥구 동백8로 90","경기도 용인시 기흥구 동백8로 90|경기도 용인시 기흥구 동백8로 90(동백동 백현마을모아미래도1단지아파트)","","37.2842166067514","127.160111317632","30","2000-06-01","18125","청년신혼부부매입임대(경기용인시)","PURCHASE_RENTAL_BUILDING","1","2006-02-27","18125","청년신혼부부매입임대","","59.735","1","59.735","","","","https://www.data.go.kr/data/15050701/fileData.do","2022-01-27"
"lh:yongin:d609130ce69d3f38","LH","YONGIN","기흥구","PURCHASE_RENTAL_BUILDING","PURCHASE_RENTAL","매입다가구(경기용인시)","경기도 용인시 기흥구 동백8로 90","경기도 용인시 기흥구 동백8로 90|경기도 용인시 기흥구 동백8로 90(동백동 백현마을모아미래도1단지아파트)","","37.2842166067514","127.160111317632","30","2000-06-01","18126","청년신혼부부매입임대(경기용인시)","PURCHASE_RENTAL_BUILDING","1","2006-02-27","18126","청년신혼부부매입임대","","59.735","1","59.735","","","","https://www.data.go.kr/data/15050701/fileData.do","2022-01-27"
"lh:yongin:d609130ce69d3f38","LH","YONGIN","기흥구","PURCHASE_RENTAL_BUILDING","PURCHASE_RENTAL","매입다가구(경기용인시)","경기도 용인시 기흥구 동백8로 90","경기도 용인시 기흥구 동백8로 90|경기도 용인시 기흥구 동백8로 90(동백동 백현마을모아미래도1단지아파트)","","37.2842166067514","127.160111317632","30","2000-06-01","18127","청년신혼부부매입임대(경기용인시)","PURCHASE_RENTAL_BUILDING","1","2006-02-27","18127","청년신혼부부매입임대","","59.735","1","59.735","","","","https://www.data.go.kr/data/15050701/fileData.do","2022-01-27"
"lh:yongin:d609130ce69d3f38","LH","YONGIN","기흥구","PURCHASE_RENTAL_BUILDING","PURCHASE_RENTAL","매입다가구(경기용인시)","경기도 용인시 기흥구 동백8로 90","경기도 용인시 기흥구 동백8로 90|경기도 용인시 기흥구 동백8로 90(동백동 백현마을모아미래도1단지아파트)","","37.2842166067514","127.160111317632","30","2000-06-01","18128","청년신혼부부매입임대(경기용인시)","PURCHASE_RENTAL_BUILDING","1","2006-02-27","18128","청년신혼부부매입임대","","59.735","1","59.735","","","","https://www.data.go.kr/data/15050701/fileData.do","2022-01-27"
"lh:yongin:d609130ce69d3f38","LH","YONGIN","기흥구","PURCHASE_RENTAL_BUILDING","PURCHASE_RENTAL","매입다가구(경기용인시)","경기도 용인시 기흥구 동백8로 90","경기도 용인시 기흥구 동백8로 90|경기도 용인시 기흥구 동백8로 90(동백동 백현마을모아미래도1단지아파트)","","37.2842166067514","127.160111317632","30","2000-06-01","18129","청년신혼부부매입임대(경기용인시)","PURCHASE_RENTAL_BUILDING","1","2006-02-27","18129","청년신혼부부매입임대","","59.735","1","59.735","","","","https://www.data.go.kr/data/15050701/fileData.do","2022-01-27"
"lh:yongin:d609130ce69d3f38","LH","YONGIN","기흥구","PURCHASE_RENTAL_BUILDING","PURCHASE_RENTAL","매입다가구(경기용인시)","경기도 용인시 기흥구 동백8로 90","경기도 용인시 기흥구 동백8로 90|경기도 용인시 기흥구 동백8로 90(동백동 백현마을모아미래도1단지아파트)","","37.2842166067514","127.160111317632","30","2000-06-01","18130","청년신혼부부매입임대(경기용인시)","PURCHASE_RENTAL_BUILDING","1","2006-02-27","18130","청년신혼부부매입임대","","59.735","1","59.735","","","","https://www.data.go.kr/data/15050701/fileData.do","2022-01-27"
"lh:yongin:f608622af31053fd","LH","YONGIN","기흥구","CONSTRUCTION_RENTAL_COMPLEX","NATIONAL_RENTAL","용인동백 백현9","경기도 용인시 기흥구 동백8로131번길 20","경기도 용인시 기흥구 동백8로131번길 20|경기도 용인시 기흥구 동백8로131번길 20(동백동,백현마을주공9단지아파트)","","37.2833618682198","127.16652141053","981","2006-05-17","C01179","용인동백 백현9","CONSTRUCTION_RENTAL_COMPLEX","981","2006-05-17","C01179:국민임대:39139:39.48:177","국민임대","39139","39.48","177","39.48","","","","https://www.data.go.kr/data/15050700/fileData.do","2025-09-18"
"lh:yongin:f608622af31053fd","LH","YONGIN","기흥구","CONSTRUCTION_RENTAL_COMPLEX","NATIONAL_RENTAL","용인동백 백현9","경기도 용인시 기흥구 동백8로131번길 20","경기도 용인시 기흥구 동백8로131번길 20|경기도 용인시 기흥구 동백8로131번길 20(동백동,백현마을주공9단지아파트)","","37.2833618682198","127.16652141053","981","2006-05-17","C01179","용인동백 백현9","CONSTRUCTION_RENTAL_COMPLEX","981","2006-05-17","C01179:국민임대:46094:46.96:60","국민임대","46094","46.96","60","46.96","","","","https://www.data.go.kr/data/15050700/fileData.do","2025-09-18"
"lh:yongin:f608622af31053fd","LH","YONGIN","기흥구","CONSTRUCTION_RENTAL_COMPLEX","NATIONAL_RENTAL","용인동백 백현9","경기도 용인시 기흥구 동백8로131번길 20","경기도 용인시 기흥구 동백8로131번길 20|경기도 용인시 기흥구 동백8로131번길 20(동백동,백현마을주공9단지아파트)","","37.2833618682198","127.16652141053","981","2006-05-17","C01179","용인동백 백현9","CONSTRUCTION_RENTAL_COMPLEX","981","2006-05-17","C01179:국민임대:46095:46.96:120","국민임대","46095","46.96","120","46.96","","","","https://www.data.go.kr/data/15050700/fileData.do","2025-09-18"
"lh:yongin:f608622af31053fd","LH","YONGIN","기흥구","CONSTRUCTION_RENTAL_COMPLEX","NATIONAL_RENTAL","용인동백 백현9","경기도 용인시 기흥구 동백8로131번길 20","경기도 용인시 기흥구 동백8로131번길 20|경기도 용인시 기흥구 동백8로131번길 20(동백동,백현마을주공9단지아파트)","","37.2833618682198","127.16652141053","981","2006-05-17","C01179","용인동백 백현9","CONSTRUCTION_RENTAL_COMPLEX","981","2006-05-17","C01179:국민임대:51140:51.86:376","국민임대","51140","51.86","376","51.86","","","","https://www.data.go.kr/data/15050700/fileData.do","2025-09-18"
"lh:yongin:f608622af31053fd","LH","YONGIN","기흥구","CONSTRUCTION_RENTAL_COMPLEX","NATIONAL_RENTAL","용인동백 백현9","경기도 용인시 기흥구 동백8로131번길 20","경기도 용인시 기흥구 동백8로131번길 20|경기도 용인시 기흥구 동백8로131번길 20(동백동,백현마을주공9단지아파트)","","37.2833618682198","127.16652141053","981","2006-05-17","C01179","용인동백 백현9","CONSTRUCTION_RENTAL_COMPLEX","981","2006-05-17","C01179:국민임대:59675:59.57:144","국민임대","59675","59.57","144","59.57","","","","https://www.data.go.kr/data/15050700/fileData.do","2025-09-18"
"lh:yongin:f608622af31053fd","LH","YONGIN","기흥구","CONSTRUCTION_RENTAL_COMPLEX","NATIONAL_RENTAL","용인동백 백현9","경기도 용인시 기흥구 동백8로131번길 20","경기도 용인시 기흥구 동백8로131번길 20|경기도 용인시 기흥구 동백8로131번길 20(동백동,백현마을주공9단지아파트)","","37.2833618682198","127.16652141053","981","2006-05-17","C01179","용인동백 백현9","CONSTRUCTION_RENTAL_COMPLEX","981","2006-05-17","C01179:국민임대:59713:59.57:104","국민임대","59713","59.57","104","59.57","","","","https://www.data.go.kr/data/15050700/fileData.do","2025-09-18"
"lh:yongin:00f22a9005fd684b","LH","YONGIN","기흥구","PURCHASE_RENTAL_BUILDING","PURCHASE_RENTAL","매입다가구(경기용인시)","경기도 용인시 기흥구 동백8로131번길 5","경기도 용인시 기흥구 동백8로131번길 5|경기도 용인시 기흥구 동백8로131번길 5(동백동)","","37.2828088496058","127.164949281014","1","2006-11-06","11978","매입다가구(경기용인시)","PURCHASE_RENTAL_BUILDING","1","2006-11-06","11978","기존주택매입임대","","59.735","1","59.735","","","","https://www.data.go.kr/data/15050701/fileData.do","2022-01-27"
"lh:yongin:641ed6e3d791e2f3","LH","YONGIN","기흥구","PURCHASE_RENTAL_BUILDING","PURCHASE_RENTAL","매입다가구(경기용인시)","경기도 용인시 기흥구 동백8로131번길 9","경기도 용인시 기흥구 동백8로131번길 9|경기도 용인시 기흥구 동백8로131번길 9(동백동 백현마을휴먼시아)","","37.2828580305422","127.164442515197","7","2006-11-06","11979","매입다가구(경기용인시)","PURCHASE_RENTAL_BUILDING","1","2006-11-06","11979","기존주택매입임대","","84.98","1","84.98","","","","https://www.data.go.kr/data/15050701/fileData.do","2022-01-27"
"lh:yongin:641ed6e3d791e2f3","LH","YONGIN","기흥구","PURCHASE_RENTAL_BUILDING","PURCHASE_RENTAL","매입다가구(경기용인시)","경기도 용인시 기흥구 동백8로131번길 9","경기도 용인시 기흥구 동백8로131번길 9|경기도 용인시 기흥구 동백8로131번길 9(동백동 백현마을휴먼시아)","","37.2828580305422","127.164442515197","7","2006-11-06","11980","매입다가구(경기용인시)","PURCHASE_RENTAL_BUILDING","1","2006-11-06","11980","기존주택매입임대","","84.98","1","84.98","","","","https://www.data.go.kr/data/15050701/fileData.do","2022-01-27"
"lh:yongin:641ed6e3d791e2f3","LH","YONGIN","기흥구","PURCHASE_RENTAL_BUILDING","PURCHASE_RENTAL","매입다가구(경기용인시)","경기도 용인시 기흥구 동백8로131번길 9","경기도 용인시 기흥구 동백8로131번길 9|경기도 용인시 기흥구 동백8로131번길 9(동백동 백현마을휴먼시아)","","37.2828580305422","127.164442515197","7","2006-11-06","11981","매입다가구(경기용인시)","PURCHASE_RENTAL_BUILDING","1","2006-11-06","11981","기존주택매입임대","","84.98","1","84.98","","","","https://www.data.go.kr/data/15050701/fileData.do","2022-01-27"
"lh:yongin:641ed6e3d791e2f3","LH","YONGIN","기흥구","PURCHASE_RENTAL_BUILDING","PURCHASE_RENTAL","매입다가구(경기용인시)","경기도 용인시 기흥구 동백8로131번길 9","경기도 용인시 기흥구 동백8로131번길 9|경기도 용인시 기흥구 동백8로131번길 9(동백동 백현마을휴먼시아)","","37.2828580305422","127.164442515197","7","2006-11-06","11982","매입다가구(경기용인시)","PURCHASE_RENTAL_BUILDING","1","2006-11-06","11982","기존주택매입임대","","84.98","1","84.98","","","","https://www.data.go.kr/data/15050701/fileData.do","2022-01-27"
"lh:yongin:641ed6e3d791e2f3","LH","YONGIN","기흥구","PURCHASE_RENTAL_BUILDING","PURCHASE_RENTAL","매입다가구(경기용인시)","경기도 용인시 기흥구 동백8로131번길 9","경기도 용인시 기흥구 동백8로131번길 9|경기도 용인시 기흥구 동백8로131번길 9(동백동 백현마을휴먼시아)","","37.2828580305422","127.164442515197","7","2006-11-06","11983","매입다가구(경기용인시)","PURCHASE_RENTAL_BUILDING","1","2006-11-06","11983","기존주택매입임대","","84.98","1","84.98","","","","https://www.data.go.kr/data/15050701/fileData.do","2022-01-27"
"lh:yongin:641ed6e3d791e2f3","LH","YONGIN","기흥구","PURCHASE_RENTAL_BUILDING","PURCHASE_RENTAL","매입다가구(경기용인시)","경기도 용인시 기흥구 동백8로131번길 9","경기도 용인시 기흥구 동백8로131번길 9|경기도 용인시 기흥구 동백8로131번길 9(동백동 백현마을휴먼시아)","","37.2828580305422","127.164442515197","7","2006-11-06","11984","매입다가구(경기용인시)","PURCHASE_RENTAL_BUILDING","1","2006-11-06","11984","기존주택매입임대","","84.98","1","84.98","","","","https://www.data.go.kr/data/15050701/fileData.do","2022-01-27"
"lh:yongin:641ed6e3d791e2f3","LH","YONGIN","기흥구","PURCHASE_RENTAL_BUILDING","PURCHASE_RENTAL","매입다가구(경기용인시)","경기도 용인시 기흥구 동백8로131번길 9","경기도 용인시 기흥구 동백8로131번길 9|경기도 용인시 기흥구 동백8로131번길 9(동백동 백현마을휴먼시아)","","37.2828580305422","127.164442515197","7","2006-11-06","11985","매입다가구(경기용인시)","PURCHASE_RENTAL_BUILDING","1","2006-11-06","11985","기존주택매입임대","","84.98","1","84.98","","","","https://www.data.go.kr/data/15050701/fileData.do","2022-01-27"
"lh:yongin:21caa5875fda25e2","LH","YONGIN","기흥구","PURCHASE_RENTAL_BUILDING","PURCHASE_RENTAL","매입다가구(경기용인시)","경기도 용인시 기흥구 동백죽전대로527번길 100-15","경기도 용인시 기흥구 동백죽전대로527번길 100-15|경기도 용인시 기흥구 동백죽전대로527번길 100-15(중동)","","37.2816743261569","127.142787150881","17","2018-10-30","11986","매입다가구(경기용인시)","PURCHASE_RENTAL_BUILDING","17","2018-10-30","11986","기존주택매입임대","","84.92","17","84.92","","","","https://www.data.go.kr/data/15050701/fileData.do","2022-01-27"
"lh:yongin:1665e801ee4fdbbf","LH","YONGIN","기흥구","PURCHASE_RENTAL_BUILDING","PURCHASE_RENTAL","매입다가구(경기용인시)","경기도 용인시 기흥구 동백죽전대로527번길 34","경기도 용인시 기흥구 동백죽전대로527번길 34|경기도 용인시 기흥구 동백죽전대로527번길 34(중동 하우스디동백카바나아파트)|경기도 용인시 기흥구 동백죽전대로527번길 34(중동)","","37.2852183858318","127.147124111918","5","2019-02-21","11987","매입다가구(경기용인시)","PURCHASE_RENTAL_BUILDING","1","2019-02-21","11987","기존주택매입임대","","1146.51","1","1146.51","","","","https://www.data.go.kr/data/15050701/fileData.do","2022-01-27"
"lh:yongin:1665e801ee4fdbbf","LH","YONGIN","기흥구","PURCHASE_RENTAL_BUILDING","PURCHASE_RENTAL","매입다가구(경기용인시)","경기도 용인시 기흥구 동백죽전대로527번길 34","경기도 용인시 기흥구 동백죽전대로527번길 34|경기도 용인시 기흥구 동백죽전대로527번길 34(중동 하우스디동백카바나아파트)|경기도 용인시 기흥구 동백죽전대로527번길 34(중동)","","37.2852183858318","127.147124111918","5","2019-02-21","11988","매입다가구(경기용인시)","PURCHASE_RENTAL_BUILDING","1","2019-02-21","11988","기존주택매입임대","","68.4033","1","68.4033","","","","https://www.data.go.kr/data/15050701/fileData.do","2022-01-27"
"lh:yongin:1665e801ee4fdbbf","LH","YONGIN","기흥구","PURCHASE_RENTAL_BUILDING","PURCHASE_RENTAL","매입다가구(경기용인시)","경기도 용인시 기흥구 동백죽전대로527번길 34","경기도 용인시 기흥구 동백죽전대로527번길 34|경기도 용인시 기흥구 동백죽전대로527번길 34(중동 하우스디동백카바나아파트)|경기도 용인시 기흥구 동백죽전대로527번길 34(중동)","","37.2852183858318","127.147124111918","5","2019-02-21","11989","매입다가구(경기용인시)","PURCHASE_RENTAL_BUILDING","1","2019-02-21","11989","기존주택매입임대","","68.4033","1","68.4033","","","","https://www.data.go.kr/data/15050701/fileData.do","2022-01-27"
"lh:yongin:1665e801ee4fdbbf","LH","YONGIN","기흥구","PURCHASE_RENTAL_BUILDING","PURCHASE_RENTAL","매입다가구(경기용인시)","경기도 용인시 기흥구 동백죽전대로527번길 34","경기도 용인시 기흥구 동백죽전대로527번길 34|경기도 용인시 기흥구 동백죽전대로527번길 34(중동 하우스디동백카바나아파트)|경기도 용인시 기흥구 동백죽전대로527번길 34(중동)","","37.2852183858318","127.147124111918","5","2019-02-21","11990","매입다가구(경기용인시)","PURCHASE_RENTAL_BUILDING","1","2019-02-21","11990","기존주택매입임대","","68.4033","1","68.4033","","","","https://www.data.go.kr/data/15050701/fileData.do","2022-01-27"
"lh:yongin:1665e801ee4fdbbf","LH","YONGIN","기흥구","PURCHASE_RENTAL_BUILDING","PURCHASE_RENTAL","매입다가구(경기용인시)","경기도 용인시 기흥구 동백죽전대로527번길 34","경기도 용인시 기흥구 동백죽전대로527번길 34|경기도 용인시 기흥구 동백죽전대로527번길 34(중동 하우스디동백카바나아파트)|경기도 용인시 기흥구 동백죽전대로527번길 34(중동)","","37.2852183858318","127.147124111918","5","2019-02-21","11991","매입다가구(경기용인시)","PURCHASE_RENTAL_BUILDING","1","2019-02-21","11991","기존주택매입임대","","68.4033","1","68.4033","","","","https://www.data.go.kr/data/15050701/fileData.do","2022-01-27"
"lh:yongin:2d448e538ad117ff","LH","YONGIN","기흥구","PURCHASE_RENTAL_BUILDING","PURCHASE_RENTAL","매입다가구(경기용인시)","경기도 용인시 기흥구 동백죽전대로527번길 98-13","경기도 용인시 기흥구 동백죽전대로527번길 98-13|경기도 용인시 기흥구 동백죽전대로527번길 98-13(중동)","","37.2818451092248","127.143427963332","15","2018-02-01","11992","매입다가구(경기용인시)","PURCHASE_RENTAL_BUILDING","15","2018-02-01","11992","기존주택매입임대","","68.4033","15","68.4033","","","","https://www.data.go.kr/data/15050701/fileData.do","2022-01-27"
"lh:yongin:ec4a6f1cdc387bdf","LH","YONGIN","기흥구","CONSTRUCTION_RENTAL_COMPLEX","NATIONAL_RENTAL","용인동백 초당3","경기도 용인시 기흥구 동백중앙로 41","경기도 용인시 기흥구 동백중앙로 41|경기도 용인시 기흥구 동백중앙로 41(중동,초당마을주공아파트)","","37.2599992429272","127.162705131776","816","2006-04-27","C01180","용인동백 초당3","CONSTRUCTION_RENTAL_COMPLEX","816","2006-04-27","C01180:국민임대:39139:39.48:279","국민임대","39139","39.48","279","39.48","","","","https://www.data.go.kr/data/15050700/fileData.do","2025-09-18"
"lh:yongin:ec4a6f1cdc387bdf","LH","YONGIN","기흥구","CONSTRUCTION_RENTAL_COMPLEX","NATIONAL_RENTAL","용인동백 초당3","경기도 용인시 기흥구 동백중앙로 41","경기도 용인시 기흥구 동백중앙로 41|경기도 용인시 기흥구 동백중앙로 41(중동,초당마을주공아파트)","","37.2599992429272","127.162705131776","816","2006-04-27","C01180","용인동백 초당3","CONSTRUCTION_RENTAL_COMPLEX","816","2006-04-27","C01180:국민임대:46094:46.96:94","국민임대","46094","46.96","94","46.96","","","","https://www.data.go.kr/data/15050700/fileData.do","2025-09-18"
"lh:yongin:ec4a6f1cdc387bdf","LH","YONGIN","기흥구","CONSTRUCTION_RENTAL_COMPLEX","NATIONAL_RENTAL","용인동백 초당3","경기도 용인시 기흥구 동백중앙로 41","경기도 용인시 기흥구 동백중앙로 41|경기도 용인시 기흥구 동백중앙로 41(중동,초당마을주공아파트)","","37.2599992429272","127.162705131776","816","2006-04-27","C01180","용인동백 초당3","CONSTRUCTION_RENTAL_COMPLEX","816","2006-04-27","C01180:국민임대:46095:46.96:180","국민임대","46095","46.96","180","46.96","","","","https://www.data.go.kr/data/15050700/fileData.do","2025-09-18"
"lh:yongin:ec4a6f1cdc387bdf","LH","YONGIN","기흥구","CONSTRUCTION_RENTAL_COMPLEX","NATIONAL_RENTAL","용인동백 초당3","경기도 용인시 기흥구 동백중앙로 41","경기도 용인시 기흥구 동백중앙로 41|경기도 용인시 기흥구 동백중앙로 41(중동,초당마을주공아파트)","","37.2599992429272","127.162705131776","816","2006-04-27","C01180","용인동백 초당3","CONSTRUCTION_RENTAL_COMPLEX","816","2006-04-27","C01180:국민임대:51140:51.86:263","국민임대","51140","51.86","263","51.86","","","","https://www.data.go.kr/data/15050700/fileData.do","2025-09-18"
"lh:yongin:0e8a192c25883cab","LH","YONGIN","기흥구","PURCHASE_RENTAL_BUILDING","PURCHASE_RENTAL","매입다가구(경기용인시)","경기도 용인시 기흥구 동백평촌로 15","경기도 용인시 기흥구 동백평촌로 15|경기도 용인시 기흥구 동백평촌로 15(동백동 호수마을계룡리슈빌)","","37.2848275447757","127.155420952554","1","2006-03-02","11993","매입다가구(경기용인시)","PURCHASE_RENTAL_BUILDING","1","2006-03-02","11993","기존주택매입임대","","982.49","1","982.49","","","","https://www.data.go.kr/data/15050701/fileData.do","2022-01-27"
"lh:yongin:667bc68f35b4e845","LH","YONGIN","기흥구","PURCHASE_RENTAL_BUILDING","PURCHASE_RENTAL","매입다가구(경기용인시)","경기도 용인시 기흥구 마북로 100","경기도 용인시 기흥구 마북로 100|경기도 용인시 기흥구 마북로 100(마북동)","","37.2995706631323","127.119955985818","29","2017-12-19","11994","매입다가구(경기용인시)","PURCHASE_RENTAL_BUILDING","29","2017-12-19","11994","기존주택매입임대","","84.7683","29","84.7683","","","","https://www.data.go.kr/data/15050701/fileData.do","2022-01-27"
"lh:yongin:e141d83002a57800","LH","YONGIN","기흥구","PURCHASE_RENTAL_BUILDING","PURCHASE_RENTAL","매입다가구(경기용인시)","경기도 용인시 기흥구 마북로247번길 3","경기도 용인시 기흥구 마북로247번길 3|경기도 용인시 기흥구 마북로247번길 3(마북동 용인 마북 신원아침도시 아파트)","","37.3092277880156","127.130507821299","1","2006-02-27","11995","매입다가구(경기용인시)","PURCHASE_RENTAL_BUILDING","1","2006-02-27","11995","기존주택매입임대","","1944.33","1","1944.33","","","","https://www.data.go.kr/data/15050701/fileData.do","2022-01-27"
"lh:yongin:c9963679beee91f8","LH","YONGIN","기흥구","PURCHASE_RENTAL_BUILDING","PURCHASE_RENTAL","매입다가구(경기용인시)","경기도 용인시 기흥구 마북로247번길 7","경기도 용인시 기흥구 마북로247번길 7|경기도 용인시 기흥구 마북로247번길 7(마북동)","","37.3103259909993","127.130569506072","48","2019-10-24","11996","매입다가구(경기용인시)","PURCHASE_RENTAL_BUILDING","48","2019-10-24","11996","기존주택매입임대","","63.9991","48","63.9991","","","","https://www.data.go.kr/data/15050701/fileData.do","2022-01-27"
"lh:yongin:9d7dae975e12e128","LH","YONGIN","기흥구","PURCHASE_RENTAL_BUILDING","PURCHASE_RENTAL","매입다가구(경기용인시)","경기도 용인시 기흥구 민속촌로11번길 35-1","경기도 용인시 기흥구 민속촌로11번길 35-1|경기도 용인시 기흥구 민속촌로11번길 35-1(보라동)","","37.2554522057043","127.109689414831","11","2016-09-05","11997","매입다가구(경기용인시)","PURCHASE_RENTAL_BUILDING","11","2016-09-05","11997","기존주택매입임대","","2194.03","11","2194.03","","","","https://www.data.go.kr/data/15050701/fileData.do","2022-01-27"
"lh:yongin:a5323a5429a493cf","LH","YONGIN","기흥구","PURCHASE_RENTAL_BUILDING","PURCHASE_RENTAL","매입다가구(경기용인시)","경기도 용인시 기흥구 민속촌로55번길","경기도 용인시 기흥구 민속촌로55번길","","37.2567044077462","127.110633497401","11","2014-03-10","11998","매입다가구(경기용인시)","PURCHASE_RENTAL_BUILDING","11","2014-03-10","11998","기존주택매입임대","","440.85","11","440.85","","","","https://www.data.go.kr/data/15050701/fileData.do","2022-01-27"
"lh:yongin:22854cf9c88ec434","LH","YONGIN","기흥구","PURCHASE_RENTAL_BUILDING","PURCHASE_RENTAL","매입다가구(경기용인시)","경기도 용인시 기흥구 민속촌로55번길 5-11","경기도 용인시 기흥구 민속촌로55번길 5-11|경기도 용인시 기흥구 민속촌로55번길 5-11(보라동)","","37.255529909858","127.109943943518","15","2018-06-15","11999","매입다가구(경기용인시)","PURCHASE_RENTAL_BUILDING","15","2018-06-15","11999","기존주택매입임대","","568.97","15","568.97","","","","https://www.data.go.kr/data/15050701/fileData.do","2022-01-27"
"lh:yongin:19dccb3fb4343320","LH","YONGIN","기흥구","PURCHASE_RENTAL_BUILDING","PURCHASE_RENTAL","매입다가구(경기용인시)","경기도 용인시 기흥구 민속촌로55번길 5-9","경기도 용인시 기흥구 민속촌로55번길 5-9|경기도 용인시 기흥구 민속촌로55번길 5-9(보라동)","","37.2556731178121","127.110103204223","5","2018-06-12","12000","매입다가구(경기용인시)","PURCHASE_RENTAL_BUILDING","5","2018-06-12","12000","기존주택매입임대","","512.12","5","512.12","","","","https://www.data.go.kr/data/15050701/fileData.do","2022-01-27"
"lh:yongin:c3f238cea55570fb","LH","YONGIN","기흥구","PURCHASE_RENTAL_BUILDING","PURCHASE_RENTAL","매입다가구(경기용인시)","경기도 용인시 기흥구 민속촌로55번길 8","경기도 용인시 기흥구 민속촌로55번길 8","","37.2561678568876","127.110900883251","22","2011-12-27","12001","매입다가구(경기용인시)","PURCHASE_RENTAL_BUILDING","22","2011-12-27","12001","기존주택매입임대","","196.31","22","196.31","","","","https://www.data.go.kr/data/15050701/fileData.do","2022-01-27"
"lh:yongin:49af2327a57fed0f","LH","YONGIN","기흥구","CONSTRUCTION_RENTAL_COMPLEX","PUBLIC_RENTAL","용인상갈6","경기도 용인시 기흥구 상갈동 480번지","경기도 용인시 기흥구 상갈동 480번지|경기도 용인시 기흥구 상갈동 금화마을주공아파트 480번지","","37.2626553884509","127.105144290928","1","2001-09-07","C00286","용인상갈6","CONSTRUCTION_RENTAL_COMPLEX","1","2001-09-07","C00286:공공임대(5년):128062:39.7:1","공공임대(5년)","128062","39.7","1","39.7","","","","https://www.data.go.kr/data/15050700/fileData.do","2025-09-18"
"lh:yongin:22193f2420d1b442","LH","YONGIN","기흥구","PURCHASE_RENTAL_BUILDING","PURCHASE_RENTAL","매입다가구(경기용인시)","경기도 용인시 기흥구 상갈로31번길 5","경기도 용인시 기흥구 상갈로31번길 5|경기도 용인시 기흥구 상갈로31번길 5(상갈동)","","37.2693223198102","127.107809801096","20","2019-07-19","12002","매입다가구(경기용인시)","PURCHASE_RENTAL_BUILDING","20","2019-07-19","12002","기존주택매입임대","","457.52","20","457.52","","","","https://www.data.go.kr/data/15050701/fileData.do","2022-01-27"
"lh:yongin:ff583c428dc009d0","LH","YONGIN","기흥구","CONSTRUCTION_RENTAL_COMPLEX","NATIONAL_RENTAL","용인신갈3","경기도 용인시 기흥구 새천년로16번길 16","경기도 용인시 기흥구 새천년로16번길 16|경기도 용인시 기흥구 새천년로16번길 16(신갈동,녹원마을새천년그린빌3단지아파트)","","37.2892514676663","127.109815597556","693","2006-03-20","C01194","용인신갈3","CONSTRUCTION_RENTAL_COMPLEX","693","2006-03-20","C01194:국민임대:36049:36.57:347","국민임대","36049","36.57","347","36.57","","","","https://www.data.go.kr/data/15050700/fileData.do","2025-09-18"
"lh:yongin:ff583c428dc009d0","LH","YONGIN","기흥구","CONSTRUCTION_RENTAL_COMPLEX","NATIONAL_RENTAL","용인신갈3","경기도 용인시 기흥구 새천년로16번길 16","경기도 용인시 기흥구 새천년로16번길 16|경기도 용인시 기흥구 새천년로16번길 16(신갈동,녹원마을새천년그린빌3단지아파트)","","37.2892514676663","127.109815597556","693","2006-03-20","C01194","용인신갈3","CONSTRUCTION_RENTAL_COMPLEX","693","2006-03-20","C01194:국민임대:36050:36.78:108","국민임대","36050","36.78","108","36.78","","","","https://www.data.go.kr/data/15050700/fileData.do","2025-09-18"
"lh:yongin:ff583c428dc009d0","LH","YONGIN","기흥구","CONSTRUCTION_RENTAL_COMPLEX","NATIONAL_RENTAL","용인신갈3","경기도 용인시 기흥구 새천년로16번길 16","경기도 용인시 기흥구 새천년로16번길 16|경기도 용인시 기흥구 새천년로16번길 16(신갈동,녹원마을새천년그린빌3단지아파트)","","37.2892514676663","127.109815597556","693","2006-03-20","C01194","용인신갈3","CONSTRUCTION_RENTAL_COMPLEX","693","2006-03-20","C01194:국민임대:45030:45.53:238","국민임대","45030","45.53","238","45.53","","","","https://www.data.go.kr/data/15050700/fileData.do","2025-09-18"
"lh:yongin:5b98eb9d5d7286e9","LH","YONGIN","기흥구","PURCHASE_RENTAL_BUILDING","PURCHASE_RENTAL","매입다가구(경기용인시)","경기도 용인시 기흥구 서그내로16번길","경기도 용인시 기흥구 서그내로16번길","","37.2451675942737","127.071400896232","16","","12003","매입다가구(경기용인시)","PURCHASE_RENTAL_BUILDING","16","","12003","기존주택매입임대","","1258.566","16","1258.566","","","","https://www.data.go.kr/data/15050701/fileData.do","2022-01-27"
"lh:yongin:e92ae084c8bb9b8a","LH","YONGIN","기흥구","PURCHASE_RENTAL_BUILDING","PURCHASE_RENTAL","매입다가구(경기용인시)","경기도 용인시 기흥구 서그내로16번길 30","경기도 용인시 기흥구 서그내로16번길 30|경기도 용인시 기흥구 서그내로16번길 30(서천동 영통로 효성해링턴플레이스)","","37.2454907178065","127.070332164053","1","2017-06-29","12004","매입다가구(경기용인시)","PURCHASE_RENTAL_BUILDING","1","2017-06-29","12004","기존주택매입임대","","373.48","1","373.48","","","","https://www.data.go.kr/data/15050701/fileData.do","2022-01-27"
"lh:yongin:b366c3b97d468581","LH","YONGIN","기흥구","PURCHASE_RENTAL_BUILDING","PURCHASE_RENTAL","매입다가구(경기용인시)","경기도 용인시 기흥구 서그내로62번길 35","경기도 용인시 기흥구 서그내로62번길 35|경기도 용인시 기흥구 서그내로62번길 35(서천동)","","37.2424955089196","127.06825337836","16","2019-01-11","12005","매입다가구(경기용인시)","PURCHASE_RENTAL_BUILDING","16","2019-01-11","12005","기존주택매입임대","","59.8828","16","59.8828","","","","https://www.data.go.kr/data/15050701/fileData.do","2022-01-27"
"lh:yongin:588b1174d227556d","LH","YONGIN","기흥구","PURCHASE_RENTAL_BUILDING","PURCHASE_RENTAL","매입다가구(경기용인시)","경기도 용인시 기흥구 서천동로21번길 11-22","경기도 용인시 기흥구 서천동로21번길 11-22|경기도 용인시 기흥구 서천동로21번길 11-22(서천동 서천2차 아이파크)","","37.2403507955839","127.076856579866","6","2016-02-26","12006","매입다가구(경기용인시)","PURCHASE_RENTAL_BUILDING","1","2016-02-26","12006","기존주택매입임대","","575.32","1","575.32","","","","https://www.data.go.kr/data/15050701/fileData.do","2022-01-27"
"lh:yongin:588b1174d227556d","LH","YONGIN","기흥구","PURCHASE_RENTAL_BUILDING","PURCHASE_RENTAL","매입다가구(경기용인시)","경기도 용인시 기흥구 서천동로21번길 11-22","경기도 용인시 기흥구 서천동로21번길 11-22|경기도 용인시 기흥구 서천동로21번길 11-22(서천동 서천2차 아이파크)","","37.2403507955839","127.076856579866","6","2016-02-26","12007","매입다가구(경기용인시)","PURCHASE_RENTAL_BUILDING","1","2016-02-26","12007","기존주택매입임대","","75.26","1","75.26","","","","https://www.data.go.kr/data/15050701/fileData.do","2022-01-27"
"lh:yongin:588b1174d227556d","LH","YONGIN","기흥구","PURCHASE_RENTAL_BUILDING","PURCHASE_RENTAL","매입다가구(경기용인시)","경기도 용인시 기흥구 서천동로21번길 11-22","경기도 용인시 기흥구 서천동로21번길 11-22|경기도 용인시 기흥구 서천동로21번길 11-22(서천동 서천2차 아이파크)","","37.2403507955839","127.076856579866","6","2016-02-26","12008","매입다가구(경기용인시)","PURCHASE_RENTAL_BUILDING","1","2019-02-26","12008","기존주택매입임대","","75.26","1","75.26","","","","https://www.data.go.kr/data/15050701/fileData.do","2022-01-27"
"lh:yongin:588b1174d227556d","LH","YONGIN","기흥구","PURCHASE_RENTAL_BUILDING","PURCHASE_RENTAL","매입다가구(경기용인시)","경기도 용인시 기흥구 서천동로21번길 11-22","경기도 용인시 기흥구 서천동로21번길 11-22|경기도 용인시 기흥구 서천동로21번길 11-22(서천동 서천2차 아이파크)","","37.2403507955839","127.076856579866","6","2016-02-26","12009","매입다가구(경기용인시)","PURCHASE_RENTAL_BUILDING","1","2019-02-26","12009","기존주택매입임대","","75.45","1","75.45","","","","https://www.data.go.kr/data/15050701/fileData.do","2022-01-27"
"lh:yongin:588b1174d227556d","LH","YONGIN","기흥구","PURCHASE_RENTAL_BUILDING","PURCHASE_RENTAL","매입다가구(경기용인시)","경기도 용인시 기흥구 서천동로21번길 11-22","경기도 용인시 기흥구 서천동로21번길 11-22|경기도 용인시 기흥구 서천동로21번길 11-22(서천동 서천2차 아이파크)","","37.2403507955839","127.076856579866","6","2016-02-26","12010","매입다가구(경기용인시)","PURCHASE_RENTAL_BUILDING","1","2016-02-26","12010","기존주택매입임대","","75.26","1","75.26","","","","https://www.data.go.kr/data/15050701/fileData.do","2022-01-27"
"lh:yongin:588b1174d227556d","LH","YONGIN","기흥구","PURCHASE_RENTAL_BUILDING","PURCHASE_RENTAL","매입다가구(경기용인시)","경기도 용인시 기흥구 서천동로21번길 11-22","경기도 용인시 기흥구 서천동로21번길 11-22|경기도 용인시 기흥구 서천동로21번길 11-22(서천동 서천2차 아이파크)","","37.2403507955839","127.076856579866","6","2016-02-26","12011","매입다가구(경기용인시)","PURCHASE_RENTAL_BUILDING","1","2016-02-26","12011","기존주택매입임대","","75.26","1","75.26","","","","https://www.data.go.kr/data/15050701/fileData.do","2022-01-27"
"lh:yongin:be59d65762642cb5","LH","YONGIN","기흥구","PURCHASE_RENTAL_BUILDING","PURCHASE_RENTAL","매입다가구(경기용인시)","경기도 용인시 기흥구 서천동로43번길 5-4","경기도 용인시 기흥구 서천동로43번길 5-4|경기도 용인시 기흥구 서천동로43번길 5-4(서천동)","","37.2365531909622","127.077358949719","8","2014-03-04","12012","매입다가구(경기용인시)","PURCHASE_RENTAL_BUILDING","8","2014-03-04","12012","기존주택매입임대","","75.45","8","75.45","","","","https://www.data.go.kr/data/15050701/fileData.do","2022-01-27"
"lh:yongin:9c6f1ccbbdde2931","LH","YONGIN","기흥구","CONSTRUCTION_RENTAL_COMPLEX","NATIONAL_RENTAL","용인서천2","경기도 용인시 기흥구 서천로128번길 12","경기도 용인시 기흥구 서천로128번길 12|경기도 용인시 기흥구 서천로128번길 12(서천동,서천마을2단지)","","37.2373096857849","127.071519027676","663","2011-06-14","C00435","용인서천2","CONSTRUCTION_RENTAL_COMPLEX","663","2011-06-14","C00435:국민임대:39300:39.46:155","국민임대","39300","39.46","155","39.46","","","","https://www.data.go.kr/data/15050700/fileData.do","2025-09-18"
"lh:yongin:9c6f1ccbbdde2931","LH","YONGIN","기흥구","CONSTRUCTION_RENTAL_COMPLEX","NATIONAL_RENTAL","용인서천2","경기도 용인시 기흥구 서천로128번길 12","경기도 용인시 기흥구 서천로128번길 12|경기도 용인시 기흥구 서천로128번길 12(서천동,서천마을2단지)","","37.2373096857849","127.071519027676","663","2011-06-14","C00435","용인서천2","CONSTRUCTION_RENTAL_COMPLEX","663","2011-06-14","C00435:국민임대:46359:46.9:146","국민임대","46359","46.9","146","46.9","","","","https://www.data.go.kr/data/15050700/fileData.do","2025-09-18"
"lh:yongin:9c6f1ccbbdde2931","LH","YONGIN","기흥구","CONSTRUCTION_RENTAL_COMPLEX","NATIONAL_RENTAL","용인서천2","경기도 용인시 기흥구 서천로128번길 12","경기도 용인시 기흥구 서천로128번길 12|경기도 용인시 기흥구 서천로128번길 12(서천동,서천마을2단지)","","37.2373096857849","127.071519027676","663","2011-06-14","C00435","용인서천2","CONSTRUCTION_RENTAL_COMPLEX","663","2011-06-14","C00435:국민임대:46360:46.9:84","국민임대","46360","46.9","84","46.9","","","","https://www.data.go.kr/data/15050700/fileData.do","2025-09-18"
"lh:yongin:9c6f1ccbbdde2931","LH","YONGIN","기흥구","CONSTRUCTION_RENTAL_COMPLEX","NATIONAL_RENTAL","용인서천2","경기도 용인시 기흥구 서천로128번길 12","경기도 용인시 기흥구 서천로128번길 12|경기도 용인시 기흥구 서천로128번길 12(서천동,서천마을2단지)","","37.2373096857849","127.071519027676","663","2011-06-14","C00435","용인서천2","CONSTRUCTION_RENTAL_COMPLEX","663","2011-06-14","C00435:국민임대:46361:46.9:159","국민임대","46361","46.9","159","46.9","","","","https://www.data.go.kr/data/15050700/fileData.do","2025-09-18"
"lh:yongin:9c6f1ccbbdde2931","LH","YONGIN","기흥구","CONSTRUCTION_RENTAL_COMPLEX","NATIONAL_RENTAL","용인서천2","경기도 용인시 기흥구 서천로128번길 12","경기도 용인시 기흥구 서천로128번길 12|경기도 용인시 기흥구 서천로128번길 12(서천동,서천마을2단지)","","37.2373096857849","127.071519027676","663","2011-06-14","C00435","용인서천2","CONSTRUCTION_RENTAL_COMPLEX","663","2011-06-14","C00435:국민임대:51362:51.93:68","국민임대","51362","51.93","68","51.93","","","","https://www.data.go.kr/data/15050700/fileData.do","2025-09-18"
"lh:yongin:9c6f1ccbbdde2931","LH","YONGIN","기흥구","CONSTRUCTION_RENTAL_COMPLEX","NATIONAL_RENTAL","용인서천2","경기도 용인시 기흥구 서천로128번길 12","경기도 용인시 기흥구 서천로128번길 12|경기도 용인시 기흥구 서천로128번길 12(서천동,서천마을2단지)","","37.2373096857849","127.071519027676","663","2011-06-14","C00435","용인서천2","CONSTRUCTION_RENTAL_COMPLEX","663","2011-06-14","C00435:국민임대:51363:51.93:51","국민임대","51363","51.93","51","51.93","","","","https://www.data.go.kr/data/15050700/fileData.do","2025-09-18"
"lh:yongin:76cec515e9201633","LH","YONGIN","기흥구","CONSTRUCTION_RENTAL_COMPLEX","NATIONAL_RENTAL","용인서천3","경기도 용인시 기흥구 서천서로 125","경기도 용인시 기흥구 서천서로 125|경기도 용인시 기흥구 서천서로 125(농서동,서천마을휴먼시아 3단지)","","37.2354638499494","127.070235398311","980","2011-05-17","C00436","용인서천3","CONSTRUCTION_RENTAL_COMPLEX","980","2011-05-17","C00436:국민임대:36207:36.65:139","국민임대","36207","36.65","139","36.65","","","","https://www.data.go.kr/data/15050700/fileData.do","2025-09-18"
"lh:yongin:76cec515e9201633","LH","YONGIN","기흥구","CONSTRUCTION_RENTAL_COMPLEX","NATIONAL_RENTAL","용인서천3","경기도 용인시 기흥구 서천서로 125","경기도 용인시 기흥구 서천서로 125|경기도 용인시 기흥구 서천서로 125(농서동,서천마을휴먼시아 3단지)","","37.2354638499494","127.070235398311","980","2011-05-17","C00436","용인서천3","CONSTRUCTION_RENTAL_COMPLEX","980","2011-05-17","C00436:국민임대:36208:36.65:51","국민임대","36208","36.65","51","36.65","","","","https://www.data.go.kr/data/15050700/fileData.do","2025-09-18"
"lh:yongin:76cec515e9201633","LH","YONGIN","기흥구","CONSTRUCTION_RENTAL_COMPLEX","NATIONAL_RENTAL","용인서천3","경기도 용인시 기흥구 서천서로 125","경기도 용인시 기흥구 서천서로 125|경기도 용인시 기흥구 서천서로 125(농서동,서천마을휴먼시아 3단지)","","37.2354638499494","127.070235398311","980","2011-05-17","C00436","용인서천3","CONSTRUCTION_RENTAL_COMPLEX","980","2011-05-17","C00436:국민임대:39300:39.46:237","국민임대","39300","39.46","237","39.46","","","","https://www.data.go.kr/data/15050700/fileData.do","2025-09-18"
"lh:yongin:76cec515e9201633","LH","YONGIN","기흥구","CONSTRUCTION_RENTAL_COMPLEX","NATIONAL_RENTAL","용인서천3","경기도 용인시 기흥구 서천서로 125","경기도 용인시 기흥구 서천서로 125|경기도 용인시 기흥구 서천서로 125(농서동,서천마을휴먼시아 3단지)","","37.2354638499494","127.070235398311","980","2011-05-17","C00436","용인서천3","CONSTRUCTION_RENTAL_COMPLEX","980","2011-05-17","C00436:국민임대:46359:46.9:118","국민임대","46359","46.9","118","46.9","","","","https://www.data.go.kr/data/15050700/fileData.do","2025-09-18"
"lh:yongin:76cec515e9201633","LH","YONGIN","기흥구","CONSTRUCTION_RENTAL_COMPLEX","NATIONAL_RENTAL","용인서천3","경기도 용인시 기흥구 서천서로 125","경기도 용인시 기흥구 서천서로 125|경기도 용인시 기흥구 서천서로 125(농서동,서천마을휴먼시아 3단지)","","37.2354638499494","127.070235398311","980","2011-05-17","C00436","용인서천3","CONSTRUCTION_RENTAL_COMPLEX","980","2011-05-17","C00436:국민임대:46360:46.9:54","국민임대","46360","46.9","54","46.9","","","","https://www.data.go.kr/data/15050700/fileData.do","2025-09-18"
"lh:yongin:76cec515e9201633","LH","YONGIN","기흥구","CONSTRUCTION_RENTAL_COMPLEX","NATIONAL_RENTAL","용인서천3","경기도 용인시 기흥구 서천서로 125","경기도 용인시 기흥구 서천서로 125|경기도 용인시 기흥구 서천서로 125(농서동,서천마을휴먼시아 3단지)","","37.2354638499494","127.070235398311","980","2011-05-17","C00436","용인서천3","CONSTRUCTION_RENTAL_COMPLEX","980","2011-05-17","C00436:국민임대:46361:46.9:239","국민임대","46361","46.9","239","46.9","","","","https://www.data.go.kr/data/15050700/fileData.do","2025-09-18"
"lh:yongin:76cec515e9201633","LH","YONGIN","기흥구","CONSTRUCTION_RENTAL_COMPLEX","NATIONAL_RENTAL","용인서천3","경기도 용인시 기흥구 서천서로 125","경기도 용인시 기흥구 서천서로 125|경기도 용인시 기흥구 서천서로 125(농서동,서천마을휴먼시아 3단지)","","37.2354638499494","127.070235398311","980","2011-05-17","C00436","용인서천3","CONSTRUCTION_RENTAL_COMPLEX","980","2011-05-17","C00436:국민임대:51362:51.93:88","국민임대","51362","51.93","88","51.93","","","","https://www.data.go.kr/data/15050700/fileData.do","2025-09-18"
"lh:yongin:76cec515e9201633","LH","YONGIN","기흥구","CONSTRUCTION_RENTAL_COMPLEX","NATIONAL_RENTAL","용인서천3","경기도 용인시 기흥구 서천서로 125","경기도 용인시 기흥구 서천서로 125|경기도 용인시 기흥구 서천서로 125(농서동,서천마을휴먼시아 3단지)","","37.2354638499494","127.070235398311","980","2011-05-17","C00436","용인서천3","CONSTRUCTION_RENTAL_COMPLEX","980","2011-05-17","C00436:국민임대:51363:51.93:54","국민임대","51363","51.93","54","51.93","","","","https://www.data.go.kr/data/15050700/fileData.do","2025-09-18"
"lh:yongin:3c993893add08b1c","LH","YONGIN","기흥구","PURCHASE_RENTAL_BUILDING","PURCHASE_RENTAL","매입다가구(경기용인시)","경기도 용인시 기흥구 서천서로 27","경기도 용인시 기흥구 서천서로 27|경기도 용인시 기흥구 서천서로 27(서천동 서천마을 1단지)","","37.2400643062814","127.071314487412","5","2012-12-17","12013","매입다가구(경기용인시)","PURCHASE_RENTAL_BUILDING","1","2012-12-17","12013","기존주택매입임대","","257.76","1","257.76","","","","https://www.data.go.kr/data/15050701/fileData.do","2022-01-27"
"lh:yongin:3c993893add08b1c","LH","YONGIN","기흥구","PURCHASE_RENTAL_BUILDING","PURCHASE_RENTAL","매입다가구(경기용인시)","경기도 용인시 기흥구 서천서로 27","경기도 용인시 기흥구 서천서로 27|경기도 용인시 기흥구 서천서로 27(서천동 서천마을 1단지)","","37.2400643062814","127.071314487412","5","2012-12-17","12014","매입다가구(경기용인시)","PURCHASE_RENTAL_BUILDING","1","2012-12-17","12014","기존주택매입임대","","84.78","1","84.78","","","","https://www.data.go.kr/data/15050701/fileData.do","2022-01-27"
"lh:yongin:3c993893add08b1c","LH","YONGIN","기흥구","PURCHASE_RENTAL_BUILDING","PURCHASE_RENTAL","매입다가구(경기용인시)","경기도 용인시 기흥구 서천서로 27","경기도 용인시 기흥구 서천서로 27|경기도 용인시 기흥구 서천서로 27(서천동 서천마을 1단지)","","37.2400643062814","127.071314487412","5","2012-12-17","12015","매입다가구(경기용인시)","PURCHASE_RENTAL_BUILDING","1","2012-12-17","12015","기존주택매입임대","","84.9","1","84.9","","","","https://www.data.go.kr/data/15050701/fileData.do","2022-01-27"
"lh:yongin:3c993893add08b1c","LH","YONGIN","기흥구","PURCHASE_RENTAL_BUILDING","PURCHASE_RENTAL","매입다가구(경기용인시)","경기도 용인시 기흥구 서천서로 27","경기도 용인시 기흥구 서천서로 27|경기도 용인시 기흥구 서천서로 27(서천동 서천마을 1단지)","","37.2400643062814","127.071314487412","5","2012-12-17","12016","매입다가구(경기용인시)","PURCHASE_RENTAL_BUILDING","1","2012-12-17","12016","기존주택매입임대","","84.9","1","84.9","","","","https://www.data.go.kr/data/15050701/fileData.do","2022-01-27"
"lh:yongin:3c993893add08b1c","LH","YONGIN","기흥구","PURCHASE_RENTAL_BUILDING","PURCHASE_RENTAL","매입다가구(경기용인시)","경기도 용인시 기흥구 서천서로 27","경기도 용인시 기흥구 서천서로 27|경기도 용인시 기흥구 서천서로 27(서천동 서천마을 1단지)","","37.2400643062814","127.071314487412","5","2012-12-17","12017","매입다가구(경기용인시)","PURCHASE_RENTAL_BUILDING","1","2012-12-17","12017","기존주택매입임대","","84.78","1","84.78","","","","https://www.data.go.kr/data/15050701/fileData.do","2022-01-27"
"lh:yongin:ada75fbd19f0d5f9","LH","YONGIN","기흥구","PURCHASE_RENTAL_BUILDING","PURCHASE_RENTAL","매입다가구(경기용인시)","경기도 용인시 기흥구 신갈로 127","경기도 용인시 기흥구 신갈로 127|경기도 용인시 기흥구 신갈로 127(신갈동)","","37.2780847858819","127.105577423266","12","2018-05-09","12018","매입다가구(경기용인시)","PURCHASE_RENTAL_BUILDING","12","2018-05-09","12018","기존주택매입임대","","84.9","12","84.9","","","","https://www.data.go.kr/data/15050701/fileData.do","2022-01-27"
"lh:yongin:e34afbcda2ef14ed","LH","YONGIN","기흥구","PURCHASE_RENTAL_BUILDING","PURCHASE_RENTAL","매입다가구(경기용인시)","경기도 용인시 기흥구 신갈로 93-3","경기도 용인시 기흥구 신갈로 93-3|경기도 용인시 기흥구 신갈로 93-3(신갈동)","","37.2750702529061","127.105086912913","14","2011-12-16","12019","매입다가구(경기용인시)","PURCHASE_RENTAL_BUILDING","14","2011-12-16","12019","기존주택매입임대","","825.72","14","825.72","","","","https://www.data.go.kr/data/15050701/fileData.do","2022-01-27"
"lh:yongin:ecb10b5d73e6b4a2","LH","YONGIN","기흥구","PURCHASE_RENTAL_BUILDING","PURCHASE_RENTAL","매입다가구(경기용인시)","경기도 용인시 기흥구 신갈로103번길","경기도 용인시 기흥구 신갈로103번길","","37.2761430741277","127.105342664088","13","","12020","매입다가구(경기용인시)","PURCHASE_RENTAL_BUILDING","13","","12020","기존주택매입임대","","482.68","13","482.68","","","","https://www.data.go.kr/data/15050701/fileData.do","2022-01-27"
"lh:yongin:8107ca2f20f4b356","LH","YONGIN","기흥구","PURCHASE_RENTAL_BUILDING","PURCHASE_RENTAL","매입다가구(경기용인시)","경기도 용인시 기흥구 신갈로113번길","경기도 용인시 기흥구 신갈로113번길","","37.276931281938","127.105367215491","13","2014-08-04","12021","매입다가구(경기용인시)","PURCHASE_RENTAL_BUILDING","5","","12021","기존주택매입임대","","300.22","5","300.22","","","","https://www.data.go.kr/data/15050701/fileData.do","2022-01-27"
"lh:yongin:8107ca2f20f4b356","LH","YONGIN","기흥구","PURCHASE_RENTAL_BUILDING","PURCHASE_RENTAL","매입다가구(경기용인시)","경기도 용인시 기흥구 신갈로113번길","경기도 용인시 기흥구 신갈로113번길","","37.276931281938","127.105367215491","13","2014-08-04","12022","매입다가구(경기용인시)","PURCHASE_RENTAL_BUILDING","8","2014-08-04","12022","기존주택매입임대","","207.72","8","207.72","","","","https://www.data.go.kr/data/15050701/fileData.do","2022-01-27"
"lh:yongin:84942e10ce717df9","LH","YONGIN","기흥구","PURCHASE_RENTAL_BUILDING","PURCHASE_RENTAL","매입다가구(경기용인시)","경기도 용인시 기흥구 신갈로124번길","경기도 용인시 기흥구 신갈로124번길","","37.2777873409369","127.107691075327","17","","12023","매입다가구(경기용인시)","PURCHASE_RENTAL_BUILDING","8","","12023","기존주택매입임대","","397.48","8","397.48","","","","https://www.data.go.kr/data/15050701/fileData.do","2022-01-27"
"lh:yongin:84942e10ce717df9","LH","YONGIN","기흥구","PURCHASE_RENTAL_BUILDING","PURCHASE_RENTAL","매입다가구(경기용인시)","경기도 용인시 기흥구 신갈로124번길","경기도 용인시 기흥구 신갈로124번길","","37.2777873409369","127.107691075327","17","","12024","매입다가구(경기용인시)","PURCHASE_RENTAL_BUILDING","9","","12024","기존주택매입임대","","286.2","9","286.2","","","","https://www.data.go.kr/data/15050701/fileData.do","2022-01-27"
"lh:yongin:78d2981d8e94933f","LH","YONGIN","기흥구","PURCHASE_RENTAL_BUILDING","PURCHASE_RENTAL","매입다가구(경기용인시)","경기도 용인시 기흥구 신갈로84번길","경기도 용인시 기흥구 신갈로84번길","","37.2740739753088","127.107591864329","66","2013-08-19","12025","매입다가구(경기용인시)","PURCHASE_RENTAL_BUILDING","5","","12025","기존주택매입임대","","285.316","5","285.316","","","","https://www.data.go.kr/data/15050701/fileData.do","2022-01-27"
"lh:yongin:78d2981d8e94933f","LH","YONGIN","기흥구","PURCHASE_RENTAL_BUILDING","PURCHASE_RENTAL","매입다가구(경기용인시)","경기도 용인시 기흥구 신갈로84번길","경기도 용인시 기흥구 신갈로84번길","","37.2740739753088","127.107591864329","66","2013-08-19","12026","매입다가구(경기용인시)","PURCHASE_RENTAL_BUILDING","10","","12026","기존주택매입임대","","248.4","10","248.4","","","","https://www.data.go.kr/data/15050701/fileData.do","2022-01-27"
"lh:yongin:78d2981d8e94933f","LH","YONGIN","기흥구","PURCHASE_RENTAL_BUILDING","PURCHASE_RENTAL","매입다가구(경기용인시)","경기도 용인시 기흥구 신갈로84번길","경기도 용인시 기흥구 신갈로84번길","","37.2740739753088","127.107591864329","66","2013-08-19","12027","매입다가구(경기용인시)","PURCHASE_RENTAL_BUILDING","9","","12027","기존주택매입임대","","338.49","9","338.49","","","","https://www.data.go.kr/data/15050701/fileData.do","2022-01-27"
"lh:yongin:78d2981d8e94933f","LH","YONGIN","기흥구","PURCHASE_RENTAL_BUILDING","PURCHASE_RENTAL","매입다가구(경기용인시)","경기도 용인시 기흥구 신갈로84번길","경기도 용인시 기흥구 신갈로84번길","","37.2740739753088","127.107591864329","66","2013-08-19","12028","매입다가구(경기용인시)","PURCHASE_RENTAL_BUILDING","11","","12028","기존주택매입임대","","427.29","11","427.29","","","","https://www.data.go.kr/data/15050701/fileData.do","2022-01-27"
"lh:yongin:78d2981d8e94933f","LH","YONGIN","기흥구","PURCHASE_RENTAL_BUILDING","PURCHASE_RENTAL","매입다가구(경기용인시)","경기도 용인시 기흥구 신갈로84번길","경기도 용인시 기흥구 신갈로84번길","","37.2740739753088","127.107591864329","66","2013-08-19","12029","매입다가구(경기용인시)","PURCHASE_RENTAL_BUILDING","5","","12029","기존주택매입임대","","493.92","5","493.92","","","","https://www.data.go.kr/data/15050701/fileData.do","2022-01-27"
"lh:yongin:78d2981d8e94933f","LH","YONGIN","기흥구","PURCHASE_RENTAL_BUILDING","PURCHASE_RENTAL","매입다가구(경기용인시)","경기도 용인시 기흥구 신갈로84번길","경기도 용인시 기흥구 신갈로84번길","","37.2740739753088","127.107591864329","66","2013-08-19","12030","매입다가구(경기용인시)","PURCHASE_RENTAL_BUILDING","11","2013-08-19","12030","기존주택매입임대","","244.62","11","244.62","","","","https://www.data.go.kr/data/15050701/fileData.do","2022-01-27"
"lh:yongin:78d2981d8e94933f","LH","YONGIN","기흥구","PURCHASE_RENTAL_BUILDING","PURCHASE_RENTAL","매입다가구(경기용인시)","경기도 용인시 기흥구 신갈로84번길","경기도 용인시 기흥구 신갈로84번길","","37.2740739753088","127.107591864329","66","2013-08-19","12031","매입다가구(경기용인시)","PURCHASE_RENTAL_BUILDING","15","2013-12-30","12031","기존주택매입임대","","444.84","15","444.84","","","","https://www.data.go.kr/data/15050701/fileData.do","2022-01-27"
"lh:yongin:298a449b83d58c00","LH","YONGIN","기흥구","PURCHASE_RENTAL_BUILDING","PURCHASE_RENTAL","매입다가구(경기용인시)","경기도 용인시 기흥구 신갈로84번길 16-1","경기도 용인시 기흥구 신갈로84번길 16-1|경기도 용인시 기흥구 신갈로84번길 16-1 (블루힐)","","37.2739111011552","127.107554537629","5","2001-07-22","12032","매입다가구(경기용인시)","PURCHASE_RENTAL_BUILDING","5","2001-07-22","12032","기존주택매입임대","","466.74","5","466.74","","","","https://www.data.go.kr/data/15050701/fileData.do","2022-01-27"
"lh:yongin:14c5477cf1e73295","LH","YONGIN","기흥구","PURCHASE_RENTAL_BUILDING","PURCHASE_RENTAL","매입다가구(경기용인시)","경기도 용인시 기흥구 신갈로89번길","경기도 용인시 기흥구 신갈로89번길","","37.2761656435599","127.104887846457","7","","12033","매입다가구(경기용인시)","PURCHASE_RENTAL_BUILDING","7","","12033","기존주택매입임대","","369","7","369","","","","https://www.data.go.kr/data/15050701/fileData.do","2022-01-27"
"lh:yongin:7b4a4070e7a96c12","LH","YONGIN","기흥구","PURCHASE_RENTAL_BUILDING","PURCHASE_RENTAL","매입다가구(경기용인시)","경기도 용인시 기흥구 신갈로96번길","경기도 용인시 기흥구 신갈로96번길","","37.2751999861673","127.107612747476","10","","12034","매입다가구(경기용인시)","PURCHASE_RENTAL_BUILDING","10","","12034","기존주택매입임대","","426.09","10","426.09","","","","https://www.data.go.kr/data/15050701/fileData.do","2022-01-27"
"lh:yongin:e5ace71f1d6ccffd","LH","YONGIN","기흥구","PURCHASE_RENTAL_BUILDING","PURCHASE_RENTAL","매입다가구(경기용인시)","경기도 용인시 기흥구 신갈로96번길 15","경기도 용인시 기흥구 신갈로96번길 15|경기도 용인시 기흥구 신갈로96번길 15(신갈동)","","37.2753245177352","127.107405685452","10","2019-01-22","12035","매입다가구(경기용인시)","PURCHASE_RENTAL_BUILDING","10","2019-01-22","12035","기존주택매입임대","","357.54","10","357.54","","","","https://www.data.go.kr/data/15050701/fileData.do","2022-01-27"
"lh:yongin:1a2f6fb7c83f7c16","LH","YONGIN","기흥구","PURCHASE_RENTAL_BUILDING","PURCHASE_RENTAL","매입다가구(경기용인시)","경기도 용인시 기흥구 신구로43번길","경기도 용인시 기흥구 신구로43번길","","37.2759817931797","127.108332100697","7","2014-11-11","12036","매입다가구(경기용인시)","PURCHASE_RENTAL_BUILDING","7","2014-11-11","12036","기존주택매입임대","","636.58","7","636.58","","","","https://www.data.go.kr/data/15050701/fileData.do","2022-01-27"
"lh:yongin:2556a2b586d2afab","LH","YONGIN","기흥구","PURCHASE_RENTAL_BUILDING","PURCHASE_RENTAL","매입다가구(경기용인시)","경기도 용인시 기흥구 신구로53번길","경기도 용인시 기흥구 신구로53번길","","37.2768900229152","127.108352232295","15","","12037","매입다가구(경기용인시)","PURCHASE_RENTAL_BUILDING","15","","12037","기존주택매입임대","","312.55","15","312.55","","","","https://www.data.go.kr/data/15050701/fileData.do","2022-01-27"
"lh:yongin:b4d98eca78aef8e0","LH","YONGIN","기흥구","PURCHASE_RENTAL_BUILDING","PURCHASE_RENTAL","매입다가구(경기용인시)","경기도 용인시 기흥구 어정로 171","경기도 용인시 기흥구 어정로 171|경기도 용인시 기흥구 어정로 171(중동)","","37.2765447296681","127.148268712595","15","2018-05-04","12038","매입다가구(경기용인시)","PURCHASE_RENTAL_BUILDING","15","2018-05-04","12038","기존주택매입임대","","424.03","15","424.03","","","","https://www.data.go.kr/data/15050701/fileData.do","2022-01-27"
"lh:yongin:394cc4fa6b6b32db","LH","YONGIN","기흥구","PURCHASE_RENTAL_BUILDING","PURCHASE_RENTAL","매입다가구(경기용인시)","경기도 용인시 기흥구 용구대로2152번길","경기도 용인시 기흥구 용구대로2152번길","","37.2796296649919","127.108514811282","34","2010-05-31","12039","매입다가구(경기용인시)","PURCHASE_RENTAL_BUILDING","17","2010-05-31","12039","기존주택매입임대","","788.7","17","788.7","","","","https://www.data.go.kr/data/15050701/fileData.do","2022-01-27"
"lh:yongin:394cc4fa6b6b32db","LH","YONGIN","기흥구","PURCHASE_RENTAL_BUILDING","PURCHASE_RENTAL","매입다가구(경기용인시)","경기도 용인시 기흥구 용구대로2152번길","경기도 용인시 기흥구 용구대로2152번길","","37.2796296649919","127.108514811282","34","2010-05-31","12040","매입다가구(경기용인시)","PURCHASE_RENTAL_BUILDING","17","2010-07-12","12040","기존주택매입임대","","518.935","17","518.935","","","","https://www.data.go.kr/data/15050701/fileData.do","2022-01-27"
"lh:yongin:a4a16b9a85c45460","LH","YONGIN","기흥구","PURCHASE_RENTAL_BUILDING","PURCHASE_RENTAL","매입다가구(경기용인시)","경기도 용인시 기흥구 중부대로 559","경기도 용인시 기흥구 중부대로 559|경기도 용인시 기흥구 중부대로 559(구갈동)","","37.2716427644912","127.125381138123","82","2017-11-23","12041","매입다가구(경기용인시)","PURCHASE_RENTAL_BUILDING","30","2017-11-23","12041","기존주택매입임대","","518.93","30","518.93","","","","https://www.data.go.kr/data/15050701/fileData.do","2022-01-27"
"lh:yongin:a4a16b9a85c45460","LH","YONGIN","기흥구","PURCHASE_RENTAL_BUILDING","PURCHASE_RENTAL","매입다가구(경기용인시)","경기도 용인시 기흥구 중부대로 559","경기도 용인시 기흥구 중부대로 559|경기도 용인시 기흥구 중부대로 559(구갈동)","","37.2716427644912","127.125381138123","82","2017-11-23","12042","매입다가구(경기용인시)","PURCHASE_RENTAL_BUILDING","52","2017-11-23","12042","기존주택매입임대","","1453.6182","52","1453.6182","","","","https://www.data.go.kr/data/15050701/fileData.do","2022-01-27"
"lh:yongin:9110946cc332abd0","LH","YONGIN","기흥구","PURCHASE_RENTAL_BUILDING","PURCHASE_RENTAL","매입다가구(경기용인시)","경기도 용인시 기흥구 중부대로 808-2","경기도 용인시 기흥구 중부대로 808-2|경기도 용인시 기흥구 중부대로 808-2(상하동)","","37.2572225799432","127.142884710706","15","2017-12-20","12043","매입다가구(경기용인시)","PURCHASE_RENTAL_BUILDING","15","2017-12-20","12043","기존주택매입임대","","1197.6921","15","1197.6921","","","","https://www.data.go.kr/data/15050701/fileData.do","2022-01-27"
"lh:yongin:5e1bb37f8500618b","LH","YONGIN","기흥구","PURCHASE_RENTAL_BUILDING","PURCHASE_RENTAL","매입다가구(경기용인시)","경기도 용인시 기흥구 중부대로 808-4","경기도 용인시 기흥구 중부대로 808-4|경기도 용인시 기흥구 중부대로 808-4(상하동)","","37.257184299257","127.142724004534","10","2017-12-20","12044","매입다가구(경기용인시)","PURCHASE_RENTAL_BUILDING","10","2017-12-20","12044","기존주택매입임대","","517.87","10","517.87","","","","https://www.data.go.kr/data/15050701/fileData.do","2022-01-27"
"lh:yongin:3f85e47cf0416bf2","LH","YONGIN","기흥구","PURCHASE_RENTAL_BUILDING","PURCHASE_RENTAL","매입다가구(경기용인시)","경기도 용인시 기흥구 중부대로 808-6","경기도 용인시 기흥구 중부대로 808-6|경기도 용인시 기흥구 중부대로 808-6(상하동)","","37.2569745852645","127.142833065058","24","2017-12-21","12045","매입다가구(경기용인시)","PURCHASE_RENTAL_BUILDING","16","2017-12-21","12045","기존주택매입임대","","530.48","16","530.48","","","","https://www.data.go.kr/data/15050701/fileData.do","2022-01-27"
"lh:yongin:3f85e47cf0416bf2","LH","YONGIN","기흥구","PURCHASE_RENTAL_BUILDING","PURCHASE_RENTAL","매입다가구(경기용인시)","경기도 용인시 기흥구 중부대로 808-6","경기도 용인시 기흥구 중부대로 808-6|경기도 용인시 기흥구 중부대로 808-6(상하동)","","37.2569745852645","127.142833065058","24","2017-12-21","12046","매입다가구(경기용인시)","PURCHASE_RENTAL_BUILDING","8","2017-12-21","12046","기존주택매입임대","","514.56","8","514.56","","","","https://www.data.go.kr/data/15050701/fileData.do","2022-01-27"
"lh:yongin:00246b9d348b37a7","LH","YONGIN","기흥구","PURCHASE_RENTAL_BUILDING","PURCHASE_RENTAL","매입다가구(경기용인시)","경기도 용인시 기흥구 중부대로788번길 15","경기도 용인시 기흥구 중부대로788번길 15|경기도 용인시 기흥구 중부대로788번길 15(상하동 수원동마을쌍용스윗닷홈)","","37.2561440980568","127.141252685109","1","2004-11-01","12047","매입다가구(경기용인시)","PURCHASE_RENTAL_BUILDING","1","2004-11-01","12047","기존주택매입임대","","467.36","1","467.36","","","","https://www.data.go.kr/data/15050701/fileData.do","2022-01-27"
"lh:yongin:c25c691982f97f4c","LH","YONGIN","기흥구","PURCHASE_RENTAL_BUILDING","PURCHASE_RENTAL","매입다가구(경기용인시)","경기도 용인시 기흥구 평촌1로","경기도 용인시 기흥구 평촌1로","","37.2842088847675","127.152726720132","6","2010-12-15","12048","매입다가구(경기용인시)","PURCHASE_RENTAL_BUILDING","6","2010-12-15","12048","기존주택매입임대","","84.87","6","84.87","","","","https://www.data.go.kr/data/15050701/fileData.do","2022-01-27"
"lh:yongin:03b4f2cccc27784e","LH","YONGIN","기흥구","PURCHASE_RENTAL_BUILDING","PURCHASE_RENTAL","매입다가구(경기용인시)","경기도 용인시 기흥구 평촌1로1번길 13","경기도 용인시 기흥구 평촌1로1번길 13","","37.2833824795154","127.152775568651","6","2010-02-09","12049","매입다가구(경기용인시)","PURCHASE_RENTAL_BUILDING","6","2010-02-09","12049","기존주택매입임대","","322.01","6","322.01","","","","https://www.data.go.kr/data/15050701/fileData.do","2022-01-27"
"lh:yongin:d78db2787929d373","LH","YONGIN","기흥구","PURCHASE_RENTAL_BUILDING","PURCHASE_RENTAL","매입다가구(경기용인시)","경기도 용인시 기흥구 평촌1로8번길","경기도 용인시 기흥구 평촌1로8번길","","37.2849166412064","127.152943084066","6","2010-01-29","12050","매입다가구(경기용인시)","PURCHASE_RENTAL_BUILDING","6","2010-01-29","12050","기존주택매입임대","","240.03","6","240.03","","","","https://www.data.go.kr/data/15050701/fileData.do","2022-01-27"
"lh:yongin:e2680addc87ccde3","LH","YONGIN","기흥구","PURCHASE_RENTAL_BUILDING","PURCHASE_RENTAL","매입다가구(경기용인시)","경기도 용인시 기흥구 평촌2로2번길","경기도 용인시 기흥구 평촌2로2번길","","37.2823340434315","127.153323620067","5","","12051","매입다가구(경기용인시)","PURCHASE_RENTAL_BUILDING","5","","12051","기존주택매입임대","","340.62","5","340.62","","","","https://www.data.go.kr/data/15050701/fileData.do","2022-01-27"
"lh:yongin:1b98afcaa4a9dd7f","LH","YONGIN","기흥구","PURCHASE_RENTAL_BUILDING","PURCHASE_RENTAL","매입다가구(경기용인시)","경기도 용인시 기흥구 한보라1로 144-7","경기도 용인시 기흥구 한보라1로 144-7","","37.2433125144451","127.105643971417","6","2008-11-18","12052","매입다가구(경기용인시)","PURCHASE_RENTAL_BUILDING","6","2008-11-18","12052","기존주택매입임대","","304.8","6","304.8","","","","https://www.data.go.kr/data/15050701/fileData.do","2022-01-27"
"lh:yongin:abf1e9c9e03cedd8","LH","YONGIN","기흥구","PURCHASE_RENTAL_BUILDING","PURCHASE_RENTAL","매입다가구(경기용인시)","경기도 용인시 기흥구 한보라1로 148-2","경기도 용인시 기흥구 한보라1로 148-2","","37.2431419296695","127.105965505085","6","2007-10-11","12053","매입다가구(경기용인시)","PURCHASE_RENTAL_BUILDING","6","2007-10-11","12053","기존주택매입임대","","340.92","6","340.92","","","","https://www.data.go.kr/data/15050701/fileData.do","2022-01-27"
"lh:yongin:503956805dc7839b","LH","YONGIN","기흥구","PURCHASE_RENTAL_BUILDING","PURCHASE_RENTAL","매입다가구(경기용인시)","경기도 용인시 기흥구 한보라1로 148-3","경기도 용인시 기흥구 한보라1로 148-3","","37.2428827449045","127.105813442287","6","2008-01-31","12054","매입다가구(경기용인시)","PURCHASE_RENTAL_BUILDING","6","2008-01-31","12054","기존주택매입임대","","283.52","6","283.52","","","","https://www.data.go.kr/data/15050701/fileData.do","2022-01-27"
"lh:yongin:a63cdf97f9b3fc25","LH","YONGIN","기흥구","PURCHASE_RENTAL_BUILDING","PURCHASE_RENTAL","매입다가구(경기용인시)","경기도 용인시 기흥구 한보라1로 91","경기도 용인시 기흥구 한보라1로 91|경기도 용인시 기흥구 한보라1로 91(보라동 한보라마을휴먼시아6단지아파트)","","37.2479667393952","127.106282330996","8","2008-04-17","12055","매입다가구(경기용인시)","PURCHASE_RENTAL_BUILDING","1","2008-04-17","12055","기존주택매입임대","","340.16","1","340.16","","","","https://www.data.go.kr/data/15050701/fileData.do","2022-01-27"
"lh:yongin:a63cdf97f9b3fc25","LH","YONGIN","기흥구","PURCHASE_RENTAL_BUILDING","PURCHASE_RENTAL","매입다가구(경기용인시)","경기도 용인시 기흥구 한보라1로 91","경기도 용인시 기흥구 한보라1로 91|경기도 용인시 기흥구 한보라1로 91(보라동 한보라마을휴먼시아6단지아파트)","","37.2479667393952","127.106282330996","8","2008-04-17","12056","매입다가구(경기용인시)","PURCHASE_RENTAL_BUILDING","1","2008-04-17","12056","기존주택매입임대","","75.93","1","75.93","","","","https://www.data.go.kr/data/15050701/fileData.do","2022-01-27"
"lh:yongin:a63cdf97f9b3fc25","LH","YONGIN","기흥구","PURCHASE_RENTAL_BUILDING","PURCHASE_RENTAL","매입다가구(경기용인시)","경기도 용인시 기흥구 한보라1로 91","경기도 용인시 기흥구 한보라1로 91|경기도 용인시 기흥구 한보라1로 91(보라동 한보라마을휴먼시아6단지아파트)","","37.2479667393952","127.106282330996","8","2008-04-17","12057","매입다가구(경기용인시)","PURCHASE_RENTAL_BUILDING","1","2008-04-17","12057","기존주택매입임대","","84.96","1","84.96","","","","https://www.data.go.kr/data/15050701/fileData.do","2022-01-27"
"lh:yongin:a63cdf97f9b3fc25","LH","YONGIN","기흥구","PURCHASE_RENTAL_BUILDING","PURCHASE_RENTAL","매입다가구(경기용인시)","경기도 용인시 기흥구 한보라1로 91","경기도 용인시 기흥구 한보라1로 91|경기도 용인시 기흥구 한보라1로 91(보라동 한보라마을휴먼시아6단지아파트)","","37.2479667393952","127.106282330996","8","2008-04-17","12058","매입다가구(경기용인시)","PURCHASE_RENTAL_BUILDING","1","2008-04-17","12058","기존주택매입임대","","84.96","1","84.96","","","","https://www.data.go.kr/data/15050701/fileData.do","2022-01-27"
"lh:yongin:a63cdf97f9b3fc25","LH","YONGIN","기흥구","PURCHASE_RENTAL_BUILDING","PURCHASE_RENTAL","매입다가구(경기용인시)","경기도 용인시 기흥구 한보라1로 91","경기도 용인시 기흥구 한보라1로 91|경기도 용인시 기흥구 한보라1로 91(보라동 한보라마을휴먼시아6단지아파트)","","37.2479667393952","127.106282330996","8","2008-04-17","12059","매입다가구(경기용인시)","PURCHASE_RENTAL_BUILDING","1","2008-04-17","12059","기존주택매입임대","","84.98","1","84.98","","","","https://www.data.go.kr/data/15050701/fileData.do","2022-01-27"
"lh:yongin:a63cdf97f9b3fc25","LH","YONGIN","기흥구","PURCHASE_RENTAL_BUILDING","PURCHASE_RENTAL","매입다가구(경기용인시)","경기도 용인시 기흥구 한보라1로 91","경기도 용인시 기흥구 한보라1로 91|경기도 용인시 기흥구 한보라1로 91(보라동 한보라마을휴먼시아6단지아파트)","","37.2479667393952","127.106282330996","8","2008-04-17","12060","매입다가구(경기용인시)","PURCHASE_RENTAL_BUILDING","1","2008-04-17","12060","기존주택매입임대","","84.95","1","84.95","","","","https://www.data.go.kr/data/15050701/fileData.do","2022-01-27"
"lh:yongin:a63cdf97f9b3fc25","LH","YONGIN","기흥구","PURCHASE_RENTAL_BUILDING","PURCHASE_RENTAL","매입다가구(경기용인시)","경기도 용인시 기흥구 한보라1로 91","경기도 용인시 기흥구 한보라1로 91|경기도 용인시 기흥구 한보라1로 91(보라동 한보라마을휴먼시아6단지아파트)","","37.2479667393952","127.106282330996","8","2008-04-17","12061","매입다가구(경기용인시)","PURCHASE_RENTAL_BUILDING","1","2008-04-17","12061","기존주택매입임대","","84.95","1","84.95","","","","https://www.data.go.kr/data/15050701/fileData.do","2022-01-27"
"lh:yongin:a63cdf97f9b3fc25","LH","YONGIN","기흥구","PURCHASE_RENTAL_BUILDING","PURCHASE_RENTAL","매입다가구(경기용인시)","경기도 용인시 기흥구 한보라1로 91","경기도 용인시 기흥구 한보라1로 91|경기도 용인시 기흥구 한보라1로 91(보라동 한보라마을휴먼시아6단지아파트)","","37.2479667393952","127.106282330996","8","2008-04-17","12062","매입다가구(경기용인시)","PURCHASE_RENTAL_BUILDING","1","2008-04-17","12062","기존주택매입임대","","84.95","1","84.95","","","","https://www.data.go.kr/data/15050701/fileData.do","2022-01-27"
"lh:yongin:8e99adfaaae4f542","LH","YONGIN","기흥구","CONSTRUCTION_RENTAL_COMPLEX","NATIONAL_RENTAL","용인보라4","경기도 용인시 기흥구 한보라1로43번길 23","경기도 용인시 기흥구 한보라1로43번길 23|경기도 용인시 기흥구 한보라1로43번길 23(보라동,한보라마을휴먼시아4단지아파트)","","37.2502657928233","127.110761595554","581","2006-10-18","C01184","용인보라4","CONSTRUCTION_RENTAL_COMPLEX","581","2006-10-18","C01184:국민임대:36114:36.91:238","국민임대","36114","36.91","238","36.91","","","","https://www.data.go.kr/data/15050700/fileData.do","2025-09-18"
"lh:yongin:8e99adfaaae4f542","LH","YONGIN","기흥구","CONSTRUCTION_RENTAL_COMPLEX","NATIONAL_RENTAL","용인보라4","경기도 용인시 기흥구 한보라1로43번길 23","경기도 용인시 기흥구 한보라1로43번길 23|경기도 용인시 기흥구 한보라1로43번길 23(보라동,한보라마을휴먼시아4단지아파트)","","37.2502657928233","127.110761595554","581","2006-10-18","C01184","용인보라4","CONSTRUCTION_RENTAL_COMPLEX","581","2006-10-18","C01184:국민임대:46097:46.83:88","국민임대","46097","46.83","88","46.83","","","","https://www.data.go.kr/data/15050700/fileData.do","2025-09-18"
"lh:yongin:8e99adfaaae4f542","LH","YONGIN","기흥구","CONSTRUCTION_RENTAL_COMPLEX","NATIONAL_RENTAL","용인보라4","경기도 용인시 기흥구 한보라1로43번길 23","경기도 용인시 기흥구 한보라1로43번길 23|경기도 용인시 기흥구 한보라1로43번길 23(보라동,한보라마을휴먼시아4단지아파트)","","37.2502657928233","127.110761595554","581","2006-10-18","C01184","용인보라4","CONSTRUCTION_RENTAL_COMPLEX","581","2006-10-18","C01184:국민임대:46098:46.83:130","국민임대","46098","46.83","130","46.83","","","","https://www.data.go.kr/data/15050700/fileData.do","2025-09-18"
"lh:yongin:8e99adfaaae4f542","LH","YONGIN","기흥구","CONSTRUCTION_RENTAL_COMPLEX","NATIONAL_RENTAL","용인보라4","경기도 용인시 기흥구 한보라1로43번길 23","경기도 용인시 기흥구 한보라1로43번길 23|경기도 용인시 기흥구 한보라1로43번길 23(보라동,한보라마을휴먼시아4단지아파트)","","37.2502657928233","127.110761595554","581","2006-10-18","C01184","용인보라4","CONSTRUCTION_RENTAL_COMPLEX","581","2006-10-18","C01184:국민임대:46099:46.83:125","국민임대","46099","46.83","125","46.83","","","","https://www.data.go.kr/data/15050700/fileData.do","2025-09-18"
"lh:yongin:7f14620aa40bebba","LH","YONGIN","기흥구","PURCHASE_RENTAL_BUILDING","PURCHASE_RENTAL","매입다가구(경기용인시)","경기도 용인시 기흥구 한보라2로 167","경기도 용인시 기흥구 한보라2로 167|경기도 용인시 기흥구 한보라2로 167(공세동 한보라마을휴먼시아9단지아파트)","","37.2423725664651","127.10791769234","8","2006-10-13","12063","매입다가구(경기용인시)","PURCHASE_RENTAL_BUILDING","1","2006-10-13","12063","기존주택매입임대","","75.93","1","75.93","","","","https://www.data.go.kr/data/15050701/fileData.do","2022-01-27"
"lh:yongin:7f14620aa40bebba","LH","YONGIN","기흥구","PURCHASE_RENTAL_BUILDING","PURCHASE_RENTAL","매입다가구(경기용인시)","경기도 용인시 기흥구 한보라2로 167","경기도 용인시 기흥구 한보라2로 167|경기도 용인시 기흥구 한보라2로 167(공세동 한보라마을휴먼시아9단지아파트)","","37.2423725664651","127.10791769234","8","2006-10-13","12064","매입다가구(경기용인시)","PURCHASE_RENTAL_BUILDING","1","2006-10-13","12064","기존주택매입임대","","59.89","1","59.89","","","","https://www.data.go.kr/data/15050701/fileData.do","2022-01-27"
"lh:yongin:7f14620aa40bebba","LH","YONGIN","기흥구","PURCHASE_RENTAL_BUILDING","PURCHASE_RENTAL","매입다가구(경기용인시)","경기도 용인시 기흥구 한보라2로 167","경기도 용인시 기흥구 한보라2로 167|경기도 용인시 기흥구 한보라2로 167(공세동 한보라마을휴먼시아9단지아파트)","","37.2423725664651","127.10791769234","8","2006-10-13","12065","매입다가구(경기용인시)","PURCHASE_RENTAL_BUILDING","1","2006-10-13","12065","기존주택매입임대","","59.95","1","59.95","","","","https://www.data.go.kr/data/15050701/fileData.do","2022-01-27"
"lh:yongin:7f14620aa40bebba","LH","YONGIN","기흥구","PURCHASE_RENTAL_BUILDING","PURCHASE_RENTAL","매입다가구(경기용인시)","경기도 용인시 기흥구 한보라2로 167","경기도 용인시 기흥구 한보라2로 167|경기도 용인시 기흥구 한보라2로 167(공세동 한보라마을휴먼시아9단지아파트)","","37.2423725664651","127.10791769234","8","2006-10-13","12066","매입다가구(경기용인시)","PURCHASE_RENTAL_BUILDING","1","2006-10-13","12066","기존주택매입임대","","59.95","1","59.95","","","","https://www.data.go.kr/data/15050701/fileData.do","2022-01-27"
"lh:yongin:7f14620aa40bebba","LH","YONGIN","기흥구","PURCHASE_RENTAL_BUILDING","PURCHASE_RENTAL","매입다가구(경기용인시)","경기도 용인시 기흥구 한보라2로 167","경기도 용인시 기흥구 한보라2로 167|경기도 용인시 기흥구 한보라2로 167(공세동 한보라마을휴먼시아9단지아파트)","","37.2423725664651","127.10791769234","8","2006-10-13","12067","매입다가구(경기용인시)","PURCHASE_RENTAL_BUILDING","1","2006-10-13","12067","기존주택매입임대","","59.84","1","59.84","","","","https://www.data.go.kr/data/15050701/fileData.do","2022-01-27"
"lh:yongin:7f14620aa40bebba","LH","YONGIN","기흥구","PURCHASE_RENTAL_BUILDING","PURCHASE_RENTAL","매입다가구(경기용인시)","경기도 용인시 기흥구 한보라2로 167","경기도 용인시 기흥구 한보라2로 167|경기도 용인시 기흥구 한보라2로 167(공세동 한보라마을휴먼시아9단지아파트)","","37.2423725664651","127.10791769234","8","2006-10-13","18131","청년신혼부부매입임대(경기용인시)","PURCHASE_RENTAL_BUILDING","1","2006-10-13","18131","청년신혼부부매입임대","","59.735","1","59.735","","","","https://www.data.go.kr/data/15050701/fileData.do","2022-01-27"
"lh:yongin:7f14620aa40bebba","LH","YONGIN","기흥구","PURCHASE_RENTAL_BUILDING","PURCHASE_RENTAL","매입다가구(경기용인시)","경기도 용인시 기흥구 한보라2로 167","경기도 용인시 기흥구 한보라2로 167|경기도 용인시 기흥구 한보라2로 167(공세동 한보라마을휴먼시아9단지아파트)","","37.2423725664651","127.10791769234","8","2006-10-13","18132","청년신혼부부매입임대(경기용인시)","PURCHASE_RENTAL_BUILDING","1","2006-10-13","18132","청년신혼부부매입임대","","59.84","1","59.84","","","","https://www.data.go.kr/data/15050701/fileData.do","2022-01-27"
"lh:yongin:7f14620aa40bebba","LH","YONGIN","기흥구","PURCHASE_RENTAL_BUILDING","PURCHASE_RENTAL","매입다가구(경기용인시)","경기도 용인시 기흥구 한보라2로 167","경기도 용인시 기흥구 한보라2로 167|경기도 용인시 기흥구 한보라2로 167(공세동 한보라마을휴먼시아9단지아파트)","","37.2423725664651","127.10791769234","8","2006-10-13","18133","청년신혼부부매입임대(경기용인시)","PURCHASE_RENTAL_BUILDING","1","2006-10-13","18133","청년신혼부부매입임대","","59.84","1","59.84","","","","https://www.data.go.kr/data/15050701/fileData.do","2022-01-27"
"lh:yongin:232b10bb268c7120","LH","YONGIN","기흥구","CONSTRUCTION_RENTAL_COMPLEX","NATIONAL_RENTAL","용인보라7","경기도 용인시 기흥구 한보라2로 168","경기도 용인시 기흥구 한보라2로 168|경기도 용인시 기흥구 한보라2로 168(공세동,한보라마을휴먼시아7단지아파트)","","37.2441459576275","127.108657093653","851","2006-11-24","C01186","용인보라7","CONSTRUCTION_RENTAL_COMPLEX","851","2006-11-24","C01186:국민임대:36117:36.92:225","국민임대","36117","36.92","225","36.92","","","","https://www.data.go.kr/data/15050700/fileData.do","2025-09-18"
"lh:yongin:232b10bb268c7120","LH","YONGIN","기흥구","CONSTRUCTION_RENTAL_COMPLEX","NATIONAL_RENTAL","용인보라7","경기도 용인시 기흥구 한보라2로 168","경기도 용인시 기흥구 한보라2로 168|경기도 용인시 기흥구 한보라2로 168(공세동,한보라마을휴먼시아7단지아파트)","","37.2441459576275","127.108657093653","851","2006-11-24","C01186","용인보라7","CONSTRUCTION_RENTAL_COMPLEX","851","2006-11-24","C01186:국민임대:46111:46.82:32","국민임대","46111","46.82","32","46.82","","","","https://www.data.go.kr/data/15050700/fileData.do","2025-09-18"
"lh:yongin:232b10bb268c7120","LH","YONGIN","기흥구","CONSTRUCTION_RENTAL_COMPLEX","NATIONAL_RENTAL","용인보라7","경기도 용인시 기흥구 한보라2로 168","경기도 용인시 기흥구 한보라2로 168|경기도 용인시 기흥구 한보라2로 168(공세동,한보라마을휴먼시아7단지아파트)","","37.2441459576275","127.108657093653","851","2006-11-24","C01186","용인보라7","CONSTRUCTION_RENTAL_COMPLEX","851","2006-11-24","C01186:국민임대:46112:46.82:42","국민임대","46112","46.82","42","46.82","","","","https://www.data.go.kr/data/15050700/fileData.do","2025-09-18"
"lh:yongin:232b10bb268c7120","LH","YONGIN","기흥구","CONSTRUCTION_RENTAL_COMPLEX","NATIONAL_RENTAL","용인보라7","경기도 용인시 기흥구 한보라2로 168","경기도 용인시 기흥구 한보라2로 168|경기도 용인시 기흥구 한보라2로 168(공세동,한보라마을휴먼시아7단지아파트)","","37.2441459576275","127.108657093653","851","2006-11-24","C01186","용인보라7","CONSTRUCTION_RENTAL_COMPLEX","851","2006-11-24","C01186:국민임대:46113:46.82:16","국민임대","46113","46.82","16","46.82","","","","https://www.data.go.kr/data/15050700/fileData.do","2025-09-18"
"lh:yongin:232b10bb268c7120","LH","YONGIN","기흥구","CONSTRUCTION_RENTAL_COMPLEX","NATIONAL_RENTAL","용인보라7","경기도 용인시 기흥구 한보라2로 168","경기도 용인시 기흥구 한보라2로 168|경기도 용인시 기흥구 한보라2로 168(공세동,한보라마을휴먼시아7단지아파트)","","37.2441459576275","127.108657093653","851","2006-11-24","C01186","용인보라7","CONSTRUCTION_RENTAL_COMPLEX","851","2006-11-24","C01186:국민임대:46114:46.82:14","국민임대","46114","46.82","14","46.82","","","","https://www.data.go.kr/data/15050700/fileData.do","2025-09-18"
"lh:yongin:232b10bb268c7120","LH","YONGIN","기흥구","CONSTRUCTION_RENTAL_COMPLEX","NATIONAL_RENTAL","용인보라7","경기도 용인시 기흥구 한보라2로 168","경기도 용인시 기흥구 한보라2로 168|경기도 용인시 기흥구 한보라2로 168(공세동,한보라마을휴먼시아7단지아파트)","","37.2441459576275","127.108657093653","851","2006-11-24","C01186","용인보라7","CONSTRUCTION_RENTAL_COMPLEX","851","2006-11-24","C01186:국민임대:46115:46.82:76","국민임대","46115","46.82","76","46.82","","","","https://www.data.go.kr/data/15050700/fileData.do","2025-09-18"
"lh:yongin:232b10bb268c7120","LH","YONGIN","기흥구","CONSTRUCTION_RENTAL_COMPLEX","NATIONAL_RENTAL","용인보라7","경기도 용인시 기흥구 한보라2로 168","경기도 용인시 기흥구 한보라2로 168|경기도 용인시 기흥구 한보라2로 168(공세동,한보라마을휴먼시아7단지아파트)","","37.2441459576275","127.108657093653","851","2006-11-24","C01186","용인보라7","CONSTRUCTION_RENTAL_COMPLEX","851","2006-11-24","C01186:국민임대:46116:46.82:6","국민임대","46116","46.82","6","46.82","","","","https://www.data.go.kr/data/15050700/fileData.do","2025-09-18"
"lh:yongin:232b10bb268c7120","LH","YONGIN","기흥구","CONSTRUCTION_RENTAL_COMPLEX","NATIONAL_RENTAL","용인보라7","경기도 용인시 기흥구 한보라2로 168","경기도 용인시 기흥구 한보라2로 168|경기도 용인시 기흥구 한보라2로 168(공세동,한보라마을휴먼시아7단지아파트)","","37.2441459576275","127.108657093653","851","2006-11-24","C01186","용인보라7","CONSTRUCTION_RENTAL_COMPLEX","851","2006-11-24","C01186:국민임대:46117:46.82:14","국민임대","46117","46.82","14","46.82","","","","https://www.data.go.kr/data/15050700/fileData.do","2025-09-18"
"lh:yongin:232b10bb268c7120","LH","YONGIN","기흥구","CONSTRUCTION_RENTAL_COMPLEX","NATIONAL_RENTAL","용인보라7","경기도 용인시 기흥구 한보라2로 168","경기도 용인시 기흥구 한보라2로 168|경기도 용인시 기흥구 한보라2로 168(공세동,한보라마을휴먼시아7단지아파트)","","37.2441459576275","127.108657093653","851","2006-11-24","C01186","용인보라7","CONSTRUCTION_RENTAL_COMPLEX","851","2006-11-24","C01186:국민임대:46118:46.83:147","국민임대","46118","46.83","147","46.83","","","","https://www.data.go.kr/data/15050700/fileData.do","2025-09-18"
"lh:yongin:232b10bb268c7120","LH","YONGIN","기흥구","CONSTRUCTION_RENTAL_COMPLEX","NATIONAL_RENTAL","용인보라7","경기도 용인시 기흥구 한보라2로 168","경기도 용인시 기흥구 한보라2로 168|경기도 용인시 기흥구 한보라2로 168(공세동,한보라마을휴먼시아7단지아파트)","","37.2441459576275","127.108657093653","851","2006-11-24","C01186","용인보라7","CONSTRUCTION_RENTAL_COMPLEX","851","2006-11-24","C01186:국민임대:51153:51.9:192","국민임대","51153","51.9","192","51.9","","","","https://www.data.go.kr/data/15050700/fileData.do","2025-09-18"
"lh:yongin:232b10bb268c7120","LH","YONGIN","기흥구","CONSTRUCTION_RENTAL_COMPLEX","NATIONAL_RENTAL","용인보라7","경기도 용인시 기흥구 한보라2로 168","경기도 용인시 기흥구 한보라2로 168|경기도 용인시 기흥구 한보라2로 168(공세동,한보라마을휴먼시아7단지아파트)","","37.2441459576275","127.108657093653","851","2006-11-24","C01186","용인보라7","CONSTRUCTION_RENTAL_COMPLEX","851","2006-11-24","C01186:국민임대:59715:59.99:58","국민임대","59715","59.99","58","59.99","","","","https://www.data.go.kr/data/15050700/fileData.do","2025-09-18"
"lh:yongin:232b10bb268c7120","LH","YONGIN","기흥구","CONSTRUCTION_RENTAL_COMPLEX","NATIONAL_RENTAL","용인보라7","경기도 용인시 기흥구 한보라2로 168","경기도 용인시 기흥구 한보라2로 168|경기도 용인시 기흥구 한보라2로 168(공세동,한보라마을휴먼시아7단지아파트)","","37.2441459576275","127.108657093653","851","2006-11-24","C01186","용인보라7","CONSTRUCTION_RENTAL_COMPLEX","851","2006-11-24","C01186:국민임대:59716:59.88:29","국민임대","59716","59.88","29","59.88","","","","https://www.data.go.kr/data/15050700/fileData.do","2025-09-18"
"lh:yongin:7f99e0e5592d307e","LH","YONGIN","기흥구","PURCHASE_RENTAL_BUILDING","PURCHASE_RENTAL","매입다가구(경기용인시)","경기도 용인시 기흥구 한보라2로14번길","경기도 용인시 기흥구 한보라2로14번길","","37.2535313144616","127.111189301791","6","","12068","매입다가구(경기용인시)","PURCHASE_RENTAL_BUILDING","6","","12068","기존주택매입임대","","59.89","6","59.89","","","","https://www.data.go.kr/data/15050701/fileData.do","2022-01-27"
"lh:yongin:4090b8c5c3a0efb3","LH","YONGIN","기흥구","PURCHASE_RENTAL_BUILDING","PURCHASE_RENTAL","매입다가구(경기용인시)","경기도 용인시 기흥구 한보라2로14번길 13-7","경기도 용인시 기흥구 한보라2로14번길 13-7","","37.2531979770488","127.111616470158","6","2009-03-26","12069","매입다가구(경기용인시)","PURCHASE_RENTAL_BUILDING","6","2009-03-26","12069","기존주택매입임대","","351.15","6","351.15","","","","https://www.data.go.kr/data/15050701/fileData.do","2022-01-27"
"lh:yongin:4b77fbea6bdc410d","LH","YONGIN","기흥구","PURCHASE_RENTAL_BUILDING","PURCHASE_RENTAL","매입다가구(경기용인시)","경기도 용인시 기흥구 한보라2로28번길","경기도 용인시 기흥구 한보라2로28번길","","37.2532616857351","127.112468274298","10","2007-10-22","12070","매입다가구(경기용인시)","PURCHASE_RENTAL_BUILDING","5","","12070","기존주택매입임대","","361.6","5","361.6","","","","https://www.data.go.kr/data/15050701/fileData.do","2022-01-27"
"lh:yongin:4b77fbea6bdc410d","LH","YONGIN","기흥구","PURCHASE_RENTAL_BUILDING","PURCHASE_RENTAL","매입다가구(경기용인시)","경기도 용인시 기흥구 한보라2로28번길","경기도 용인시 기흥구 한보라2로28번길","","37.2532616857351","127.112468274298","10","2007-10-22","12071","매입다가구(경기용인시)","PURCHASE_RENTAL_BUILDING","5","2007-10-22","12071","기존주택매입임대","","305.06","5","305.06","","","","https://www.data.go.kr/data/15050701/fileData.do","2022-01-27"
"lh:yongin:c107db8178315555","LH","YONGIN","기흥구","PURCHASE_RENTAL_BUILDING","PURCHASE_RENTAL","매입다가구(경기용인시)","경기도 용인시 기흥구 한보라2로28번길 3-1","경기도 용인시 기흥구 한보라2로28번길 3-1|경기도 용인시 기흥구 한보라2로28번길 3-1(보라동)","","37.2535626456888","127.113023981188","6","2009-12-10","12072","매입다가구(경기용인시)","PURCHASE_RENTAL_BUILDING","6","2009-12-10","12072","기존주택매입임대","","301.24","6","301.24","","","","https://www.data.go.kr/data/15050701/fileData.do","2022-01-27"
"lh:yongin:6451b914bf78fa6a","LH","YONGIN","기흥구","PURCHASE_RENTAL_BUILDING","PURCHASE_RENTAL","매입다가구(경기용인시)","경기도 용인시 기흥구 한보라2로48번길","경기도 용인시 기흥구 한보라2로48번길","","37.2523800993958","127.113418645304","11","2009-12-25","12073","매입다가구(경기용인시)","PURCHASE_RENTAL_BUILDING","5","2010-10-20","12073","기존주택매입임대","","333.27","5","333.27","","","","https://www.data.go.kr/data/15050701/fileData.do","2022-01-27"
"lh:yongin:6451b914bf78fa6a","LH","YONGIN","기흥구","PURCHASE_RENTAL_BUILDING","PURCHASE_RENTAL","매입다가구(경기용인시)","경기도 용인시 기흥구 한보라2로48번길","경기도 용인시 기흥구 한보라2로48번길","","37.2523800993958","127.113418645304","11","2009-12-25","12074","매입다가구(경기용인시)","PURCHASE_RENTAL_BUILDING","6","2009-12-25","12074","기존주택매입임대","","307.4","6","307.4","","","","https://www.data.go.kr/data/15050701/fileData.do","2022-01-27"
"lh:yongin:a89b9f5017145565","LH","YONGIN","기흥구","PURCHASE_RENTAL_BUILDING","PURCHASE_RENTAL","매입다가구(경기용인시)","경기도 용인시 기흥구 한보라2로48번길 3-1","경기도 용인시 기흥구 한보라2로48번길 3-1","","37.2523628569705","127.113921794273","5","2008-12-16","12075","매입다가구(경기용인시)","PURCHASE_RENTAL_BUILDING","5","2008-12-16","12075","기존주택매입임대","","346.8","5","346.8","","","","https://www.data.go.kr/data/15050701/fileData.do","2022-01-27"
"lh:yongin:37798e9ca9fc724c","LH","YONGIN","기흥구","PURCHASE_RENTAL_BUILDING","PURCHASE_RENTAL","매입다가구(경기용인시)","경기도 용인시 기흥구 한일로17번길","경기도 용인시 기흥구 한일로17번길","","37.2442612159941","127.101533656523","7","","12076","매입다가구(경기용인시)","PURCHASE_RENTAL_BUILDING","7","","12076","기존주택매입임대","","332.65","7","332.65","","","","https://www.data.go.kr/data/15050701/fileData.do","2022-01-27"
"lh:yongin:069c47017029497c","LH","YONGIN","기흥구","CONSTRUCTION_RENTAL_COMPLEX","NATIONAL_RENTAL","용인흥덕1","경기도 용인시 기흥구 흥덕1로79번길 7","경기도 용인시 기흥구 흥덕1로79번길 7|경기도 용인시 기흥구 흥덕1로79번길 7(영덕동,휴먼시아 흥덕마을1단지)","","37.2749921312384","127.070452620664","1254","2009-02-06","C01202","용인흥덕1","CONSTRUCTION_RENTAL_COMPLEX","742","2009-02-06","C01202:국민임대:36197:36.65:135","국민임대","36197","36.65","135","36.65","","","","https://www.data.go.kr/data/15050700/fileData.do","2025-09-18"
"lh:yongin:069c47017029497c","LH","YONGIN","기흥구","CONSTRUCTION_RENTAL_COMPLEX","NATIONAL_RENTAL","용인흥덕1","경기도 용인시 기흥구 흥덕1로79번길 7","경기도 용인시 기흥구 흥덕1로79번길 7|경기도 용인시 기흥구 흥덕1로79번길 7(영덕동,휴먼시아 흥덕마을1단지)","","37.2749921312384","127.070452620664","1254","2009-02-06","C01202","용인흥덕1","CONSTRUCTION_RENTAL_COMPLEX","742","2009-02-06","C01202:국민임대:46325:46.9:45","국민임대","46325","46.9","45","46.9","","","","https://www.data.go.kr/data/15050700/fileData.do","2025-09-18"
"lh:yongin:069c47017029497c","LH","YONGIN","기흥구","CONSTRUCTION_RENTAL_COMPLEX","NATIONAL_RENTAL","용인흥덕1","경기도 용인시 기흥구 흥덕1로79번길 7","경기도 용인시 기흥구 흥덕1로79번길 7|경기도 용인시 기흥구 흥덕1로79번길 7(영덕동,휴먼시아 흥덕마을1단지)","","37.2749921312384","127.070452620664","1254","2009-02-06","C01202","용인흥덕1","CONSTRUCTION_RENTAL_COMPLEX","742","2009-02-06","C01202:국민임대:46326:46.9:171","국민임대","46326","46.9","171","46.9","","","","https://www.data.go.kr/data/15050700/fileData.do","2025-09-18"
"lh:yongin:069c47017029497c","LH","YONGIN","기흥구","CONSTRUCTION_RENTAL_COMPLEX","NATIONAL_RENTAL","용인흥덕1","경기도 용인시 기흥구 흥덕1로79번길 7","경기도 용인시 기흥구 흥덕1로79번길 7|경기도 용인시 기흥구 흥덕1로79번길 7(영덕동,휴먼시아 흥덕마을1단지)","","37.2749921312384","127.070452620664","1254","2009-02-06","C01202","용인흥덕1","CONSTRUCTION_RENTAL_COMPLEX","742","2009-02-06","C01202:국민임대:46327:46.9:81","국민임대","46327","46.9","81","46.9","","","","https://www.data.go.kr/data/15050700/fileData.do","2025-09-18"
"lh:yongin:069c47017029497c","LH","YONGIN","기흥구","CONSTRUCTION_RENTAL_COMPLEX","NATIONAL_RENTAL","용인흥덕1","경기도 용인시 기흥구 흥덕1로79번길 7","경기도 용인시 기흥구 흥덕1로79번길 7|경기도 용인시 기흥구 흥덕1로79번길 7(영덕동,휴먼시아 흥덕마을1단지)","","37.2749921312384","127.070452620664","1254","2009-02-06","C01202","용인흥덕1","CONSTRUCTION_RENTAL_COMPLEX","742","2009-02-06","C01202:국민임대:46404:46.9:90","국민임대","46404","46.9","90","46.9","","","","https://www.data.go.kr/data/15050700/fileData.do","2025-09-18"
"lh:yongin:069c47017029497c","LH","YONGIN","기흥구","CONSTRUCTION_RENTAL_COMPLEX","NATIONAL_RENTAL","용인흥덕1","경기도 용인시 기흥구 흥덕1로79번길 7","경기도 용인시 기흥구 흥덕1로79번길 7|경기도 용인시 기흥구 흥덕1로79번길 7(영덕동,휴먼시아 흥덕마을1단지)","","37.2749921312384","127.070452620664","1254","2009-02-06","C01202","용인흥덕1","CONSTRUCTION_RENTAL_COMPLEX","742","2009-02-06","C01202:국민임대:51327:51.93:184","국민임대","51327","51.93","184","51.93","","","","https://www.data.go.kr/data/15050700/fileData.do","2025-09-18"
"lh:yongin:069c47017029497c","LH","YONGIN","기흥구","CONSTRUCTION_RENTAL_COMPLEX","NATIONAL_RENTAL","용인흥덕1","경기도 용인시 기흥구 흥덕1로79번길 7","경기도 용인시 기흥구 흥덕1로79번길 7|경기도 용인시 기흥구 흥덕1로79번길 7(영덕동,휴먼시아 흥덕마을1단지)","","37.2749921312384","127.070452620664","1254","2009-02-06","C01202","용인흥덕1","CONSTRUCTION_RENTAL_COMPLEX","742","2009-02-06","C01202:국민임대:51328:51.93:36","국민임대","51328","51.93","36","51.93","","","","https://www.data.go.kr/data/15050700/fileData.do","2025-09-18"
"lh:yongin:069c47017029497c","LH","YONGIN","기흥구","CONSTRUCTION_RENTAL_COMPLEX","NATIONAL_RENTAL","용인흥덕1","경기도 용인시 기흥구 흥덕1로79번길 7","경기도 용인시 기흥구 흥덕1로79번길 7|경기도 용인시 기흥구 흥덕1로79번길 7(영덕동,휴먼시아 흥덕마을1단지)","","37.2749921312384","127.070452620664","1254","2009-02-06","C01203","용인흥덕2","CONSTRUCTION_RENTAL_COMPLEX","512","2009-02-06","C01203:국민임대:36197:36.65:130","국민임대","36197","36.65","130","36.65","","","","https://www.data.go.kr/data/15050700/fileData.do","2025-09-18"
"lh:yongin:069c47017029497c","LH","YONGIN","기흥구","CONSTRUCTION_RENTAL_COMPLEX","NATIONAL_RENTAL","용인흥덕1","경기도 용인시 기흥구 흥덕1로79번길 7","경기도 용인시 기흥구 흥덕1로79번길 7|경기도 용인시 기흥구 흥덕1로79번길 7(영덕동,휴먼시아 흥덕마을1단지)","","37.2749921312384","127.070452620664","1254","2009-02-06","C01203","용인흥덕2","CONSTRUCTION_RENTAL_COMPLEX","512","2009-02-06","C01203:국민임대:46325:46.9:44","국민임대","46325","46.9","44","46.9","","","","https://www.data.go.kr/data/15050700/fileData.do","2025-09-18"
"lh:yongin:069c47017029497c","LH","YONGIN","기흥구","CONSTRUCTION_RENTAL_COMPLEX","NATIONAL_RENTAL","용인흥덕1","경기도 용인시 기흥구 흥덕1로79번길 7","경기도 용인시 기흥구 흥덕1로79번길 7|경기도 용인시 기흥구 흥덕1로79번길 7(영덕동,휴먼시아 흥덕마을1단지)","","37.2749921312384","127.070452620664","1254","2009-02-06","C01203","용인흥덕2","CONSTRUCTION_RENTAL_COMPLEX","512","2009-02-06","C01203:국민임대:46326:46.9:80","국민임대","46326","46.9","80","46.9","","","","https://www.data.go.kr/data/15050700/fileData.do","2025-09-18"
"lh:yongin:069c47017029497c","LH","YONGIN","기흥구","CONSTRUCTION_RENTAL_COMPLEX","NATIONAL_RENTAL","용인흥덕1","경기도 용인시 기흥구 흥덕1로79번길 7","경기도 용인시 기흥구 흥덕1로79번길 7|경기도 용인시 기흥구 흥덕1로79번길 7(영덕동,휴먼시아 흥덕마을1단지)","","37.2749921312384","127.070452620664","1254","2009-02-06","C01203","용인흥덕2","CONSTRUCTION_RENTAL_COMPLEX","512","2009-02-06","C01203:국민임대:46327:46.9:50","국민임대","46327","46.9","50","46.9","","","","https://www.data.go.kr/data/15050700/fileData.do","2025-09-18"
"lh:yongin:069c47017029497c","LH","YONGIN","기흥구","CONSTRUCTION_RENTAL_COMPLEX","NATIONAL_RENTAL","용인흥덕1","경기도 용인시 기흥구 흥덕1로79번길 7","경기도 용인시 기흥구 흥덕1로79번길 7|경기도 용인시 기흥구 흥덕1로79번길 7(영덕동,휴먼시아 흥덕마을1단지)","","37.2749921312384","127.070452620664","1254","2009-02-06","C01203","용인흥덕2","CONSTRUCTION_RENTAL_COMPLEX","512","2009-02-06","C01203:국민임대:46404:46.9:88","국민임대","46404","46.9","88","46.9","","","","https://www.data.go.kr/data/15050700/fileData.do","2025-09-18"
"lh:yongin:069c47017029497c","LH","YONGIN","기흥구","CONSTRUCTION_RENTAL_COMPLEX","NATIONAL_RENTAL","용인흥덕1","경기도 용인시 기흥구 흥덕1로79번길 7","경기도 용인시 기흥구 흥덕1로79번길 7|경기도 용인시 기흥구 흥덕1로79번길 7(영덕동,휴먼시아 흥덕마을1단지)","","37.2749921312384","127.070452620664","1254","2009-02-06","C01203","용인흥덕2","CONSTRUCTION_RENTAL_COMPLEX","512","2009-02-06","C01203:국민임대:47011:47.4:30","국민임대","47011","47.4","30","47.4","","","","https://www.data.go.kr/data/15050700/fileData.do","2025-09-18"
"lh:yongin:069c47017029497c","LH","YONGIN","기흥구","CONSTRUCTION_RENTAL_COMPLEX","NATIONAL_RENTAL","용인흥덕1","경기도 용인시 기흥구 흥덕1로79번길 7","경기도 용인시 기흥구 흥덕1로79번길 7|경기도 용인시 기흥구 흥덕1로79번길 7(영덕동,휴먼시아 흥덕마을1단지)","","37.2749921312384","127.070452620664","1254","2009-02-06","C01203","용인흥덕2","CONSTRUCTION_RENTAL_COMPLEX","512","2009-02-06","C01203:국민임대:51327:51.93:75","국민임대","51327","51.93","75","51.93","","","","https://www.data.go.kr/data/15050700/fileData.do","2025-09-18"
"lh:yongin:069c47017029497c","LH","YONGIN","기흥구","CONSTRUCTION_RENTAL_COMPLEX","NATIONAL_RENTAL","용인흥덕1","경기도 용인시 기흥구 흥덕1로79번길 7","경기도 용인시 기흥구 흥덕1로79번길 7|경기도 용인시 기흥구 흥덕1로79번길 7(영덕동,휴먼시아 흥덕마을1단지)","","37.2749921312384","127.070452620664","1254","2009-02-06","C01203","용인흥덕2","CONSTRUCTION_RENTAL_COMPLEX","512","2009-02-06","C01203:국민임대:51328:51.93:15","국민임대","51328","51.93","15","51.93","","","","https://www.data.go.kr/data/15050700/fileData.do","2025-09-18"
"lh:yongin:5d5520f8ecd571e6","LH","YONGIN","기흥구","CONSTRUCTION_RENTAL_COMPLEX","NATIONAL_RENTAL","용인흥덕4","경기도 용인시 기흥구 흥덕2로 46","경기도 용인시 기흥구 흥덕2로 46|경기도 용인시 기흥구 흥덕2로 46(영덕동,휴먼시아 흥덕마을4단지)","","37.2718039860621","127.073986648061","383","2009-02-06","C01205","용인흥덕4","CONSTRUCTION_RENTAL_COMPLEX","383","2009-02-06","C01205:국민임대:36197:36.65:133","국민임대","36197","36.65","133","36.65","","","","https://www.data.go.kr/data/15050700/fileData.do","2025-09-18"
"lh:yongin:5d5520f8ecd571e6","LH","YONGIN","기흥구","CONSTRUCTION_RENTAL_COMPLEX","NATIONAL_RENTAL","용인흥덕4","경기도 용인시 기흥구 흥덕2로 46","경기도 용인시 기흥구 흥덕2로 46|경기도 용인시 기흥구 흥덕2로 46(영덕동,휴먼시아 흥덕마을4단지)","","37.2718039860621","127.073986648061","383","2009-02-06","C01205","용인흥덕4","CONSTRUCTION_RENTAL_COMPLEX","383","2009-02-06","C01205:국민임대:46325:46.9:45","국민임대","46325","46.9","45","46.9","","","","https://www.data.go.kr/data/15050700/fileData.do","2025-09-18"
"lh:yongin:5d5520f8ecd571e6","LH","YONGIN","기흥구","CONSTRUCTION_RENTAL_COMPLEX","NATIONAL_RENTAL","용인흥덕4","경기도 용인시 기흥구 흥덕2로 46","경기도 용인시 기흥구 흥덕2로 46|경기도 용인시 기흥구 흥덕2로 46(영덕동,휴먼시아 흥덕마을4단지)","","37.2718039860621","127.073986648061","383","2009-02-06","C01205","용인흥덕4","CONSTRUCTION_RENTAL_COMPLEX","383","2009-02-06","C01205:국민임대:46404:46.9:85","국민임대","46404","46.9","85","46.9","","","","https://www.data.go.kr/data/15050700/fileData.do","2025-09-18"
"lh:yongin:5d5520f8ecd571e6","LH","YONGIN","기흥구","CONSTRUCTION_RENTAL_COMPLEX","NATIONAL_RENTAL","용인흥덕4","경기도 용인시 기흥구 흥덕2로 46","경기도 용인시 기흥구 흥덕2로 46|경기도 용인시 기흥구 흥덕2로 46(영덕동,휴먼시아 흥덕마을4단지)","","37.2718039860621","127.073986648061","383","2009-02-06","C01205","용인흥덕4","CONSTRUCTION_RENTAL_COMPLEX","383","2009-02-06","C01205:국민임대:51327:51.93:100","국민임대","51327","51.93","100","51.93","","","","https://www.data.go.kr/data/15050700/fileData.do","2025-09-18"
"lh:yongin:5d5520f8ecd571e6","LH","YONGIN","기흥구","CONSTRUCTION_RENTAL_COMPLEX","NATIONAL_RENTAL","용인흥덕4","경기도 용인시 기흥구 흥덕2로 46","경기도 용인시 기흥구 흥덕2로 46|경기도 용인시 기흥구 흥덕2로 46(영덕동,휴먼시아 흥덕마을4단지)","","37.2718039860621","127.073986648061","383","2009-02-06","C01205","용인흥덕4","CONSTRUCTION_RENTAL_COMPLEX","383","2009-02-06","C01205:국민임대:51328:51.93:20","국민임대","51328","51.93","20","51.93","","","","https://www.data.go.kr/data/15050700/fileData.do","2025-09-18"
"lh:yongin:9de9881011d6e81d","LH","YONGIN","기흥구","CONSTRUCTION_RENTAL_COMPLEX","NATIONAL_RENTAL","용인흥덕3","경기도 용인시 기흥구 흥덕2로 80","경기도 용인시 기흥구 흥덕2로 80|경기도 용인시 기흥구 흥덕2로 80(영덕동,휴먼시아 흥덕마을3단지)","","37.274827017159","127.074640523095","866","2009-09-02","C01204","용인흥덕3","CONSTRUCTION_RENTAL_COMPLEX","866","2009-09-02","C01204:국민임대:36197:36.65:238","국민임대","36197","36.65","238","36.65","","","","https://www.data.go.kr/data/15050700/fileData.do","2025-09-18"
"lh:yongin:9de9881011d6e81d","LH","YONGIN","기흥구","CONSTRUCTION_RENTAL_COMPLEX","NATIONAL_RENTAL","용인흥덕3","경기도 용인시 기흥구 흥덕2로 80","경기도 용인시 기흥구 흥덕2로 80|경기도 용인시 기흥구 흥덕2로 80(영덕동,휴먼시아 흥덕마을3단지)","","37.274827017159","127.074640523095","866","2009-09-02","C01204","용인흥덕3","CONSTRUCTION_RENTAL_COMPLEX","866","2009-09-02","C01204:국민임대:46325:46.9:74","국민임대","46325","46.9","74","46.9","","","","https://www.data.go.kr/data/15050700/fileData.do","2025-09-18"
"lh:yongin:9de9881011d6e81d","LH","YONGIN","기흥구","CONSTRUCTION_RENTAL_COMPLEX","NATIONAL_RENTAL","용인흥덕3","경기도 용인시 기흥구 흥덕2로 80","경기도 용인시 기흥구 흥덕2로 80|경기도 용인시 기흥구 흥덕2로 80(영덕동,휴먼시아 흥덕마을3단지)","","37.274827017159","127.074640523095","866","2009-09-02","C01204","용인흥덕3","CONSTRUCTION_RENTAL_COMPLEX","866","2009-09-02","C01204:국민임대:46326:46.9:148","국민임대","46326","46.9","148","46.9","","","","https://www.data.go.kr/data/15050700/fileData.do","2025-09-18"
"lh:yongin:9de9881011d6e81d","LH","YONGIN","기흥구","CONSTRUCTION_RENTAL_COMPLEX","NATIONAL_RENTAL","용인흥덕3","경기도 용인시 기흥구 흥덕2로 80","경기도 용인시 기흥구 흥덕2로 80|경기도 용인시 기흥구 흥덕2로 80(영덕동,휴먼시아 흥덕마을3단지)","","37.274827017159","127.074640523095","866","2009-09-02","C01204","용인흥덕3","CONSTRUCTION_RENTAL_COMPLEX","866","2009-09-02","C01204:국민임대:46327:46.9:102","국민임대","46327","46.9","102","46.9","","","","https://www.data.go.kr/data/15050700/fileData.do","2025-09-18"
"lh:yongin:9de9881011d6e81d","LH","YONGIN","기흥구","CONSTRUCTION_RENTAL_COMPLEX","NATIONAL_RENTAL","용인흥덕3","경기도 용인시 기흥구 흥덕2로 80","경기도 용인시 기흥구 흥덕2로 80|경기도 용인시 기흥구 흥덕2로 80(영덕동,휴먼시아 흥덕마을3단지)","","37.274827017159","127.074640523095","866","2009-09-02","C01204","용인흥덕3","CONSTRUCTION_RENTAL_COMPLEX","866","2009-09-02","C01204:국민임대:46404:46.9:140","국민임대","46404","46.9","140","46.9","","","","https://www.data.go.kr/data/15050700/fileData.do","2025-09-18"
"lh:yongin:9de9881011d6e81d","LH","YONGIN","기흥구","CONSTRUCTION_RENTAL_COMPLEX","NATIONAL_RENTAL","용인흥덕3","경기도 용인시 기흥구 흥덕2로 80","경기도 용인시 기흥구 흥덕2로 80|경기도 용인시 기흥구 흥덕2로 80(영덕동,휴먼시아 흥덕마을3단지)","","37.274827017159","127.074640523095","866","2009-09-02","C01204","용인흥덕3","CONSTRUCTION_RENTAL_COMPLEX","866","2009-09-02","C01204:국민임대:51327:51.93:134","국민임대","51327","51.93","134","51.93","","","","https://www.data.go.kr/data/15050700/fileData.do","2025-09-18"
"lh:yongin:9de9881011d6e81d","LH","YONGIN","기흥구","CONSTRUCTION_RENTAL_COMPLEX","NATIONAL_RENTAL","용인흥덕3","경기도 용인시 기흥구 흥덕2로 80","경기도 용인시 기흥구 흥덕2로 80|경기도 용인시 기흥구 흥덕2로 80(영덕동,휴먼시아 흥덕마을3단지)","","37.274827017159","127.074640523095","866","2009-09-02","C01204","용인흥덕3","CONSTRUCTION_RENTAL_COMPLEX","866","2009-09-02","C01204:국민임대:51328:51.93:30","국민임대","51328","51.93","30","51.93","","","","https://www.data.go.kr/data/15050700/fileData.do","2025-09-18"
"lh:yongin:8d9b9816b6f348dc","LH","YONGIN","기흥구","PURCHASE_RENTAL_BUILDING","PURCHASE_RENTAL","매입다가구(경기용인시)","경기도 용인시 기흥구 흥덕2로118번길 25","경기도 용인시 기흥구 흥덕2로118번길 25|경기도 용인시 기흥구 흥덕2로118번길 25(영덕동 흥덕마을8단지 한국 아델리움)","","37.2782798163875","127.077148829959","1","2010-08-06","12077","매입다가구(경기용인시)","PURCHASE_RENTAL_BUILDING","1","2010-08-06","12077","기존주택매입임대","","479.97","1","479.97","","","","https://www.data.go.kr/data/15050701/fileData.do","2022-01-27"
"lh:yongin:1a1af6e66bf59b7a","LH","YONGIN","수지구","CONSTRUCTION_RENTAL_COMPLEX","PUBLIC_RENTAL","광교신도시 A27블록","경기도 용인시 수지구 광교마을로 11","경기도 용인시 수지구 광교마을로 11|경기도 용인시 수지구 광교마을로 11(상현동,광교마을45단지, 4501)","","37.2980840167307","127.063313894958","32","2013-12-30","C01767","광교신도시 A27블록","CONSTRUCTION_RENTAL_COMPLEX","32","2013-12-30","C01767:공공임대(10년):0840KX:84.8:3","공공임대(10년)","0840KX","84.8","3","84.8","","","","https://www.data.go.kr/data/15050700/fileData.do","2025-09-18"
"lh:yongin:1a1af6e66bf59b7a","LH","YONGIN","수지구","CONSTRUCTION_RENTAL_COMPLEX","PUBLIC_RENTAL","광교신도시 A27블록","경기도 용인시 수지구 광교마을로 11","경기도 용인시 수지구 광교마을로 11|경기도 용인시 수지구 광교마을로 11(상현동,광교마을45단지, 4501)","","37.2980840167307","127.063313894958","32","2013-12-30","C01767","광교신도시 A27블록","CONSTRUCTION_RENTAL_COMPLEX","32","2013-12-30","C01767:공공임대(10년):0840L0:84.96:1","공공임대(10년)","0840L0","84.96","1","84.96","","","","https://www.data.go.kr/data/15050700/fileData.do","2025-09-18"
"lh:yongin:1a1af6e66bf59b7a","LH","YONGIN","수지구","CONSTRUCTION_RENTAL_COMPLEX","PUBLIC_RENTAL","광교신도시 A27블록","경기도 용인시 수지구 광교마을로 11","경기도 용인시 수지구 광교마을로 11|경기도 용인시 수지구 광교마을로 11(상현동,광교마을45단지, 4501)","","37.2980840167307","127.063313894958","32","2013-12-30","C01767","광교신도시 A27블록","CONSTRUCTION_RENTAL_COMPLEX","32","2013-12-30","C01767:공공임대(10년):0840L2:84.97:3","공공임대(10년)","0840L2","84.97","3","84.97","","","","https://www.data.go.kr/data/15050700/fileData.do","2025-09-18"
"lh:yongin:1a1af6e66bf59b7a","LH","YONGIN","수지구","CONSTRUCTION_RENTAL_COMPLEX","PUBLIC_RENTAL","광교신도시 A27블록","경기도 용인시 수지구 광교마을로 11","경기도 용인시 수지구 광교마을로 11|경기도 용인시 수지구 광교마을로 11(상현동,광교마을45단지, 4501)","","37.2980840167307","127.063313894958","32","2013-12-30","C01767","광교신도시 A27블록","CONSTRUCTION_RENTAL_COMPLEX","32","2013-12-30","C01767:공공임대(10년):1010003:101.72:1","공공임대(10년)","1010003","101.72","1","101.72","","","","https://www.data.go.kr/data/15050700/fileData.do","2025-09-18"
"lh:yongin:1a1af6e66bf59b7a","LH","YONGIN","수지구","CONSTRUCTION_RENTAL_COMPLEX","PUBLIC_RENTAL","광교신도시 A27블록","경기도 용인시 수지구 광교마을로 11","경기도 용인시 수지구 광교마을로 11|경기도 용인시 수지구 광교마을로 11(상현동,광교마을45단지, 4501)","","37.2980840167307","127.063313894958","32","2013-12-30","C01767","광교신도시 A27블록","CONSTRUCTION_RENTAL_COMPLEX","32","2013-12-30","C01767:공공임대(10년):101349:101.72:6","공공임대(10년)","101349","101.72","6","101.72","","","","https://www.data.go.kr/data/15050700/fileData.do","2025-09-18"
"lh:yongin:1a1af6e66bf59b7a","LH","YONGIN","수지구","CONSTRUCTION_RENTAL_COMPLEX","PUBLIC_RENTAL","광교신도시 A27블록","경기도 용인시 수지구 광교마을로 11","경기도 용인시 수지구 광교마을로 11|경기도 용인시 수지구 광교마을로 11(상현동,광교마을45단지, 4501)","","37.2980840167307","127.063313894958","32","2013-12-30","C01767","광교신도시 A27블록","CONSTRUCTION_RENTAL_COMPLEX","32","2013-12-30","C01767:공공임대(10년):101350:101.66:2","공공임대(10년)","101350","101.66","2","101.66","","","","https://www.data.go.kr/data/15050700/fileData.do","2025-09-18"
"lh:yongin:1a1af6e66bf59b7a","LH","YONGIN","수지구","CONSTRUCTION_RENTAL_COMPLEX","PUBLIC_RENTAL","광교신도시 A27블록","경기도 용인시 수지구 광교마을로 11","경기도 용인시 수지구 광교마을로 11|경기도 용인시 수지구 광교마을로 11(상현동,광교마을45단지, 4501)","","37.2980840167307","127.063313894958","32","2013-12-30","C01767","광교신도시 A27블록","CONSTRUCTION_RENTAL_COMPLEX","32","2013-12-30","C01767:공공임대(10년):120122:120.84:12","공공임대(10년)","120122","120.84","12","120.84","","","","https://www.data.go.kr/data/15050700/fileData.do","2025-09-18"
"lh:yongin:1a1af6e66bf59b7a","LH","YONGIN","수지구","CONSTRUCTION_RENTAL_COMPLEX","PUBLIC_RENTAL","광교신도시 A27블록","경기도 용인시 수지구 광교마을로 11","경기도 용인시 수지구 광교마을로 11|경기도 용인시 수지구 광교마을로 11(상현동,광교마을45단지, 4501)","","37.2980840167307","127.063313894958","32","2013-12-30","C01767","광교신도시 A27블록","CONSTRUCTION_RENTAL_COMPLEX","32","2013-12-30","C01767:공공임대(10년):135140:135.45:3","공공임대(10년)","135140","135.45","3","135.45","","","","https://www.data.go.kr/data/15050700/fileData.do","2025-09-18"
"lh:yongin:1a1af6e66bf59b7a","LH","YONGIN","수지구","CONSTRUCTION_RENTAL_COMPLEX","PUBLIC_RENTAL","광교신도시 A27블록","경기도 용인시 수지구 광교마을로 11","경기도 용인시 수지구 광교마을로 11|경기도 용인시 수지구 광교마을로 11(상현동,광교마을45단지, 4501)","","37.2980840167307","127.063313894958","32","2013-12-30","C01767","광교신도시 A27블록","CONSTRUCTION_RENTAL_COMPLEX","32","2013-12-30","C01767:공공임대(10년):74922:74.47:1","공공임대(10년)","74922","74.47","1","74.47","","","","https://www.data.go.kr/data/15050700/fileData.do","2025-09-18"
"lh:yongin:35fe9136d39c9b15","LH","YONGIN","수지구","CONSTRUCTION_RENTAL_COMPLEX","NATIONAL_RENTAL","수원광교 41단지","경기도 용인시 수지구 광교마을로 90","경기도 용인시 수지구 광교마을로 90|경기도 용인시 수지구 광교마을로 90(상현동,휴먼시아아파트)","","37.2952051161118","127.075593136434","1117","2011-11-14","C00452","수원광교 41단지","CONSTRUCTION_RENTAL_COMPLEX","1117","2011-11-14","C00452:국민임대:046A73:46.75:16","국민임대","046A73","46.75","16","46.75","","","","https://www.data.go.kr/data/15050700/fileData.do","2025-09-18"
"lh:yongin:35fe9136d39c9b15","LH","YONGIN","수지구","CONSTRUCTION_RENTAL_COMPLEX","NATIONAL_RENTAL","수원광교 41단지","경기도 용인시 수지구 광교마을로 90","경기도 용인시 수지구 광교마을로 90|경기도 용인시 수지구 광교마을로 90(상현동,휴먼시아아파트)","","37.2952051161118","127.075593136434","1117","2011-11-14","C00452","수원광교 41단지","CONSTRUCTION_RENTAL_COMPLEX","1117","2011-11-14","C00452:국민임대:046A74:46.95:73","국민임대","046A74","46.95","73","46.95","","","","https://www.data.go.kr/data/15050700/fileData.do","2025-09-18"
"lh:yongin:35fe9136d39c9b15","LH","YONGIN","수지구","CONSTRUCTION_RENTAL_COMPLEX","NATIONAL_RENTAL","수원광교 41단지","경기도 용인시 수지구 광교마을로 90","경기도 용인시 수지구 광교마을로 90|경기도 용인시 수지구 광교마을로 90(상현동,휴먼시아아파트)","","37.2952051161118","127.075593136434","1117","2011-11-14","C00452","수원광교 41단지","CONSTRUCTION_RENTAL_COMPLEX","1117","2011-11-14","C00452:국민임대:046A75:46.75:98","국민임대","046A75","46.75","98","46.75","","","","https://www.data.go.kr/data/15050700/fileData.do","2025-09-18"
"lh:yongin:35fe9136d39c9b15","LH","YONGIN","수지구","CONSTRUCTION_RENTAL_COMPLEX","NATIONAL_RENTAL","수원광교 41단지","경기도 용인시 수지구 광교마을로 90","경기도 용인시 수지구 광교마을로 90|경기도 용인시 수지구 광교마을로 90(상현동,휴먼시아아파트)","","37.2952051161118","127.075593136434","1117","2011-11-14","C00452","수원광교 41단지","CONSTRUCTION_RENTAL_COMPLEX","1117","2011-11-14","C00452:국민임대:046A76:46.48:122","국민임대","046A76","46.48","122","46.48","","","","https://www.data.go.kr/data/15050700/fileData.do","2025-09-18"
"lh:yongin:35fe9136d39c9b15","LH","YONGIN","수지구","CONSTRUCTION_RENTAL_COMPLEX","NATIONAL_RENTAL","수원광교 41단지","경기도 용인시 수지구 광교마을로 90","경기도 용인시 수지구 광교마을로 90|경기도 용인시 수지구 광교마을로 90(상현동,휴먼시아아파트)","","37.2952051161118","127.075593136434","1117","2011-11-14","C00452","수원광교 41단지","CONSTRUCTION_RENTAL_COMPLEX","1117","2011-11-14","C00452:국민임대:046A77:46.75:30","국민임대","046A77","46.75","30","46.75","","","","https://www.data.go.kr/data/15050700/fileData.do","2025-09-18"
"lh:yongin:35fe9136d39c9b15","LH","YONGIN","수지구","CONSTRUCTION_RENTAL_COMPLEX","NATIONAL_RENTAL","수원광교 41단지","경기도 용인시 수지구 광교마을로 90","경기도 용인시 수지구 광교마을로 90|경기도 용인시 수지구 광교마을로 90(상현동,휴먼시아아파트)","","37.2952051161118","127.075593136434","1117","2011-11-14","C00452","수원광교 41단지","CONSTRUCTION_RENTAL_COMPLEX","1117","2011-11-14","C00452:국민임대:26051:26.95:186","국민임대","26051","26.95","186","26.95","","","","https://www.data.go.kr/data/15050700/fileData.do","2025-09-18"
"lh:yongin:35fe9136d39c9b15","LH","YONGIN","수지구","CONSTRUCTION_RENTAL_COMPLEX","NATIONAL_RENTAL","수원광교 41단지","경기도 용인시 수지구 광교마을로 90","경기도 용인시 수지구 광교마을로 90|경기도 용인시 수지구 광교마을로 90(상현동,휴먼시아아파트)","","37.2952051161118","127.075593136434","1117","2011-11-14","C00452","수원광교 41단지","CONSTRUCTION_RENTAL_COMPLEX","1117","2011-11-14","C00452:국민임대:36644:36.87:276","국민임대","36644","36.87","276","36.87","","","","https://www.data.go.kr/data/15050700/fileData.do","2025-09-18"
"lh:yongin:35fe9136d39c9b15","LH","YONGIN","수지구","CONSTRUCTION_RENTAL_COMPLEX","NATIONAL_RENTAL","수원광교 41단지","경기도 용인시 수지구 광교마을로 90","경기도 용인시 수지구 광교마을로 90|경기도 용인시 수지구 광교마을로 90(상현동,휴먼시아아파트)","","37.2952051161118","127.075593136434","1117","2011-11-14","C00452","수원광교 41단지","CONSTRUCTION_RENTAL_COMPLEX","1117","2011-11-14","C00452:국민임대:36645:36.78:168","국민임대","36645","36.78","168","36.78","","","","https://www.data.go.kr/data/15050700/fileData.do","2025-09-18"
"lh:yongin:35fe9136d39c9b15","LH","YONGIN","수지구","CONSTRUCTION_RENTAL_COMPLEX","NATIONAL_RENTAL","수원광교 41단지","경기도 용인시 수지구 광교마을로 90","경기도 용인시 수지구 광교마을로 90|경기도 용인시 수지구 광교마을로 90(상현동,휴먼시아아파트)","","37.2952051161118","127.075593136434","1117","2011-11-14","C00452","수원광교 41단지","CONSTRUCTION_RENTAL_COMPLEX","1117","2011-11-14","C00452:국민임대:51830:51.94:100","국민임대","51830","51.94","100","51.94","","","","https://www.data.go.kr/data/15050700/fileData.do","2025-09-18"
"lh:yongin:35fe9136d39c9b15","LH","YONGIN","수지구","CONSTRUCTION_RENTAL_COMPLEX","NATIONAL_RENTAL","수원광교 41단지","경기도 용인시 수지구 광교마을로 90","경기도 용인시 수지구 광교마을로 90|경기도 용인시 수지구 광교마을로 90(상현동,휴먼시아아파트)","","37.2952051161118","127.075593136434","1117","2011-11-14","C00452","수원광교 41단지","CONSTRUCTION_RENTAL_COMPLEX","1117","2011-11-14","C00452:국민임대:51831:51.94:48","국민임대","51831","51.94","48","51.94","","","","https://www.data.go.kr/data/15050700/fileData.do","2025-09-18"
"lh:yongin:cf6aa06a3efb91aa","LH","YONGIN","수지구","PURCHASE_RENTAL_BUILDING","PURCHASE_RENTAL","매입다가구(경기용인시)","경기도 용인시 수지구 대지로 125","경기도 용인시 수지구 대지로 125|경기도 용인시 수지구 대지로 125(죽전동)","","37.3301361879343","127.122918739712","1","2005-02-03","12078","매입다가구(경기용인시)","PURCHASE_RENTAL_BUILDING","1","2005-02-03","12078","기존주택매입임대","","84.8255","1","84.8255","","","","https://www.data.go.kr/data/15050701/fileData.do","2022-01-27"
"lh:yongin:61d6db38f73d4edc","LH","YONGIN","수지구","CONSTRUCTION_RENTAL_COMPLEX","NATIONAL_RENTAL","용인죽전2","경기도 용인시 수지구 대지로 158","경기도 용인시 수지구 대지로 158|경기도 용인시 수지구 대지로 158(죽전동,내대지마을)","","37.3290161271195","127.126750859764","136","2005-07-20","C01198","용인죽전2","CONSTRUCTION_RENTAL_COMPLEX","136","2005-07-20","C01198:국민임대:39162:39.42:136","국민임대","39162","39.42","136","39.42","","","","https://www.data.go.kr/data/15050700/fileData.do","2025-09-18"
"lh:yongin:7b13a389a548b9d6","LH","YONGIN","수지구","CONSTRUCTION_RENTAL_COMPLEX","NATIONAL_RENTAL","용인죽전5","경기도 용인시 수지구 디지털벨리로 21","경기도 용인시 수지구 디지털벨리로 21|경기도 용인시 수지구 디지털벨리로 21(죽전동,내대지마을주공아파트)","","37.329872375806","127.132348302732","225","2006-04-19","C01200","용인죽전5","CONSTRUCTION_RENTAL_COMPLEX","225","2006-04-19","C01200:국민임대:39143:39.51:113","국민임대","39143","39.51","113","39.51","","","","https://www.data.go.kr/data/15050700/fileData.do","2025-09-18"
"lh:yongin:7b13a389a548b9d6","LH","YONGIN","수지구","CONSTRUCTION_RENTAL_COMPLEX","NATIONAL_RENTAL","용인죽전5","경기도 용인시 수지구 디지털벨리로 21","경기도 용인시 수지구 디지털벨리로 21|경기도 용인시 수지구 디지털벨리로 21(죽전동,내대지마을주공아파트)","","37.329872375806","127.132348302732","225","2006-04-19","C01200","용인죽전5","CONSTRUCTION_RENTAL_COMPLEX","225","2006-04-19","C01200:국민임대:46078:46.18:112","국민임대","46078","46.18","112","46.18","","","","https://www.data.go.kr/data/15050700/fileData.do","2025-09-18"
"lh:yongin:ae59d9f98c12aaf5","LH","YONGIN","수지구","PURCHASE_RENTAL_BUILDING","PURCHASE_RENTAL","매입다가구(경기용인시)","경기도 용인시 수지구 문인로13번길","경기도 용인시 수지구 문인로13번길","","37.3320403354864","127.10133843453","5","","12079","매입다가구(경기용인시)","PURCHASE_RENTAL_BUILDING","5","","12079","기존주택매입임대","","59.97","5","59.97","","","","https://www.data.go.kr/data/15050701/fileData.do","2022-01-27"
"lh:yongin:bb42e1b149eab4e3","LH","YONGIN","수지구","PURCHASE_RENTAL_BUILDING","PURCHASE_RENTAL","매입다가구(경기용인시)","경기도 용인시 수지구 문인로70번길","경기도 용인시 수지구 문인로70번길","","37.3336642955492","127.095002181474","16","","12080","매입다가구(경기용인시)","PURCHASE_RENTAL_BUILDING","8","","12080","기존주택매입임대","","268.36","8","268.36","","","","https://www.data.go.kr/data/15050701/fileData.do","2022-01-27"
"lh:yongin:bb42e1b149eab4e3","LH","YONGIN","수지구","PURCHASE_RENTAL_BUILDING","PURCHASE_RENTAL","매입다가구(경기용인시)","경기도 용인시 수지구 문인로70번길","경기도 용인시 수지구 문인로70번길","","37.3336642955492","127.095002181474","16","","12081","매입다가구(경기용인시)","PURCHASE_RENTAL_BUILDING","8","","12081","기존주택매입임대","","331.62","8","331.62","","","","https://www.data.go.kr/data/15050701/fileData.do","2022-01-27"
"lh:yongin:97d5405d84bd823f","LH","YONGIN","수지구","PURCHASE_RENTAL_BUILDING","PURCHASE_RENTAL","매입다가구(경기용인시)","경기도 용인시 수지구 성복2로 242-3","경기도 용인시 수지구 성복2로 242-3|경기도 용인시 수지구 성복2로 242-3(성복동)","","37.3200330653955","127.061235328104","20","2019-09-03","12082","매입다가구(경기용인시)","PURCHASE_RENTAL_BUILDING","8","2019-09-03","12082","기존주택매입임대","","417.92","8","417.92","","","","https://www.data.go.kr/data/15050701/fileData.do","2022-01-27"
"lh:yongin:97d5405d84bd823f","LH","YONGIN","수지구","PURCHASE_RENTAL_BUILDING","PURCHASE_RENTAL","매입다가구(경기용인시)","경기도 용인시 수지구 성복2로 242-3","경기도 용인시 수지구 성복2로 242-3|경기도 용인시 수지구 성복2로 242-3(성복동)","","37.3200330653955","127.061235328104","20","2019-09-03","12083","매입다가구(경기용인시)","PURCHASE_RENTAL_BUILDING","12","2019-09-03","12083","기존주택매입임대","","517.67","12","517.67","","","","https://www.data.go.kr/data/15050701/fileData.do","2022-01-27"
"lh:yongin:656b35ff7de9d5bd","LH","YONGIN","수지구","PURCHASE_RENTAL_BUILDING","PURCHASE_RENTAL","매입다가구(경기용인시)","경기도 용인시 수지구 신봉1로 27","경기도 용인시 수지구 신봉1로 27|경기도 용인시 수지구 신봉1로 27(신봉동 서홍마을 우남퍼스트빌)","","37.319200366708","127.081755032051","1","2004-01-14","12084","매입다가구(경기용인시)","PURCHASE_RENTAL_BUILDING","1","2004-01-14","12084","기존주택매입임대","","540.76","1","540.76","","","","https://www.data.go.kr/data/15050701/fileData.do","2022-01-27"
"lh:yongin:ec943d1fbdeb2a85","LH","YONGIN","수지구","PURCHASE_RENTAL_BUILDING","PURCHASE_RENTAL","매입다가구(경기용인시)","경기도 용인시 수지구 신수로783번길 11","경기도 용인시 수지구 신수로783번길 11|경기도 용인시 수지구 신수로783번길 11(동천동)","","37.3400051862238","127.101222969761","12","2018-10-02","12085","매입다가구(경기용인시)","PURCHASE_RENTAL_BUILDING","4","2018-10-02","12085","기존주택매입임대","","59.9524","4","59.9524","","","","https://www.data.go.kr/data/15050701/fileData.do","2022-01-27"
"lh:yongin:ec943d1fbdeb2a85","LH","YONGIN","수지구","PURCHASE_RENTAL_BUILDING","PURCHASE_RENTAL","매입다가구(경기용인시)","경기도 용인시 수지구 신수로783번길 11","경기도 용인시 수지구 신수로783번길 11|경기도 용인시 수지구 신수로783번길 11(동천동)","","37.3400051862238","127.101222969761","12","2018-10-02","12086","매입다가구(경기용인시)","PURCHASE_RENTAL_BUILDING","8","2018-10-02","12086","기존주택매입임대","","217.99","8","217.99","","","","https://www.data.go.kr/data/15050701/fileData.do","2022-01-27"
"lh:yongin:d1bdec8f49e46d59","LH","YONGIN","수지구","PURCHASE_RENTAL_BUILDING","PURCHASE_RENTAL","매입다가구(경기용인시)","경기도 용인시 수지구 용구대로2771번길 75","경기도 용인시 수지구 용구대로2771번길 75|경기도 용인시 수지구 용구대로2771번길 75 (월드빌)","","37.3367857814337","127.104156215246","16","2003-01-28","12087","매입다가구(경기용인시)","PURCHASE_RENTAL_BUILDING","16","2003-01-28","12087","기존주택매입임대","","384.31","16","384.31","","","","https://www.data.go.kr/data/15050701/fileData.do","2022-01-27"
"lh:yongin:83c8b9a684c6d01d","LH","YONGIN","수지구","PURCHASE_RENTAL_BUILDING","PURCHASE_RENTAL","매입다가구(경기용인시)","경기도 용인시 수지구 죽전로 143","경기도 용인시 수지구 죽전로 143|경기도 용인시 수지구 죽전로 143(죽전동 성현마을 우미이노스빌)","","37.3248994660764","127.12396897438","2","2004-12-20","12088","매입다가구(경기용인시)","PURCHASE_RENTAL_BUILDING","1","2004-12-20","12088","기존주택매입임대","","442.88","1","442.88","","","","https://www.data.go.kr/data/15050701/fileData.do","2022-01-27"
"lh:yongin:83c8b9a684c6d01d","LH","YONGIN","수지구","PURCHASE_RENTAL_BUILDING","PURCHASE_RENTAL","매입다가구(경기용인시)","경기도 용인시 수지구 죽전로 143","경기도 용인시 수지구 죽전로 143|경기도 용인시 수지구 죽전로 143(죽전동 성현마을 우미이노스빌)","","37.3248994660764","127.12396897438","2","2004-12-20","12089","매입다가구(경기용인시)","PURCHASE_RENTAL_BUILDING","1","2004-12-20","12089","기존주택매입임대","","59.9534","1","59.9534","","","","https://www.data.go.kr/data/15050701/fileData.do","2022-01-27"
"lh:yongin:edbc898a36a7ba3a","LH","YONGIN","수지구","CONSTRUCTION_RENTAL_COMPLEX","NATIONAL_RENTAL","용인죽전3","경기도 용인시 수지구 죽전로193번길 9","경기도 용인시 수지구 죽전로193번길 9|경기도 용인시 수지구 죽전로193번길 9(죽전동)","","37.3282244050341","127.124273891944","388","2005-07-20","C01199","용인죽전3","CONSTRUCTION_RENTAL_COMPLEX","388","2005-07-20","C01199:국민임대:51126:51.86:82","국민임대","51126","51.86","82","51.86","","","","https://www.data.go.kr/data/15050700/fileData.do","2025-09-18"
"lh:yongin:edbc898a36a7ba3a","LH","YONGIN","수지구","CONSTRUCTION_RENTAL_COMPLEX","NATIONAL_RENTAL","용인죽전3","경기도 용인시 수지구 죽전로193번길 9","경기도 용인시 수지구 죽전로193번길 9|경기도 용인시 수지구 죽전로193번길 9(죽전동)","","37.3282244050341","127.124273891944","388","2005-07-20","C01199","용인죽전3","CONSTRUCTION_RENTAL_COMPLEX","388","2005-07-20","C01199:국민임대:51127:51.95:36","국민임대","51127","51.95","36","51.95","","","","https://www.data.go.kr/data/15050700/fileData.do","2025-09-18"
"lh:yongin:edbc898a36a7ba3a","LH","YONGIN","수지구","CONSTRUCTION_RENTAL_COMPLEX","NATIONAL_RENTAL","용인죽전3","경기도 용인시 수지구 죽전로193번길 9","경기도 용인시 수지구 죽전로193번길 9|경기도 용인시 수지구 죽전로193번길 9(죽전동)","","37.3282244050341","127.124273891944","388","2005-07-20","C01199","용인죽전3","CONSTRUCTION_RENTAL_COMPLEX","388","2005-07-20","C01199:국민임대:51140:51.86:270","국민임대","51140","51.86","270","51.86","","","","https://www.data.go.kr/data/15050700/fileData.do","2025-09-18"
"lh:yongin:18f84edf6777cb8a","LH","YONGIN","수지구","CONSTRUCTION_RENTAL_COMPLEX","NATIONAL_RENTAL","용인죽전8","경기도 용인시 수지구 죽전로27번길 60","경기도 용인시 수지구 죽전로27번길 60|경기도 용인시 수지구 죽전로27번길 60(죽전동,도담마을)","","37.325852256569","127.112287195228","643","2005-08-05","C01201","용인죽전8","CONSTRUCTION_RENTAL_COMPLEX","643","2005-08-05","C01201:국민임대:39163:39.64:177","국민임대","39163","39.64","177","39.64","","","","https://www.data.go.kr/data/15050700/fileData.do","2025-09-18"
"lh:yongin:18f84edf6777cb8a","LH","YONGIN","수지구","CONSTRUCTION_RENTAL_COMPLEX","NATIONAL_RENTAL","용인죽전8","경기도 용인시 수지구 죽전로27번길 60","경기도 용인시 수지구 죽전로27번길 60|경기도 용인시 수지구 죽전로27번길 60(죽전동,도담마을)","","37.325852256569","127.112287195228","643","2005-08-05","C01201","용인죽전8","CONSTRUCTION_RENTAL_COMPLEX","643","2005-08-05","C01201:국민임대:46092:46.47:170","국민임대","46092","46.47","170","46.47","","","","https://www.data.go.kr/data/15050700/fileData.do","2025-09-18"
"lh:yongin:18f84edf6777cb8a","LH","YONGIN","수지구","CONSTRUCTION_RENTAL_COMPLEX","NATIONAL_RENTAL","용인죽전8","경기도 용인시 수지구 죽전로27번길 60","경기도 용인시 수지구 죽전로27번길 60|경기도 용인시 수지구 죽전로27번길 60(죽전동,도담마을)","","37.325852256569","127.112287195228","643","2005-08-05","C01201","용인죽전8","CONSTRUCTION_RENTAL_COMPLEX","643","2005-08-05","C01201:국민임대:46093:46.47:60","국민임대","46093","46.47","60","46.47","","","","https://www.data.go.kr/data/15050700/fileData.do","2025-09-18"
"lh:yongin:18f84edf6777cb8a","LH","YONGIN","수지구","CONSTRUCTION_RENTAL_COMPLEX","NATIONAL_RENTAL","용인죽전8","경기도 용인시 수지구 죽전로27번길 60","경기도 용인시 수지구 죽전로27번길 60|경기도 용인시 수지구 죽전로27번길 60(죽전동,도담마을)","","37.325852256569","127.112287195228","643","2005-08-05","C01201","용인죽전8","CONSTRUCTION_RENTAL_COMPLEX","643","2005-08-05","C01201:국민임대:59696:59.99:236","국민임대","59696","59.99","236","59.99","","","","https://www.data.go.kr/data/15050700/fileData.do","2025-09-18"
"lh:yongin:fc4465593fcd553e","LH","YONGIN","수지구","PURCHASE_RENTAL_BUILDING","PURCHASE_RENTAL","매입다가구(경기용인시)","경기도 용인시 수지구 푸른솔로 76","경기도 용인시 수지구 푸른솔로 76|경기도 용인시 수지구 푸른솔로 76(죽전동 도담마을 한양수자인)","","37.3252293328574","127.118877403","10","2004-12-01","12090","매입다가구(경기용인시)","PURCHASE_RENTAL_BUILDING","1","2004-12-01","12090","기존주택매입임대","","59.9534","1","59.9534","","","","https://www.data.go.kr/data/15050701/fileData.do","2022-01-27"
"lh:yongin:fc4465593fcd553e","LH","YONGIN","수지구","PURCHASE_RENTAL_BUILDING","PURCHASE_RENTAL","매입다가구(경기용인시)","경기도 용인시 수지구 푸른솔로 76","경기도 용인시 수지구 푸른솔로 76|경기도 용인시 수지구 푸른솔로 76(죽전동 도담마을 한양수자인)","","37.3252293328574","127.118877403","10","2004-12-01","12091","매입다가구(경기용인시)","PURCHASE_RENTAL_BUILDING","1","2004-12-01","12091","기존주택매입임대","","59.9756","1","59.9756","","","","https://www.data.go.kr/data/15050701/fileData.do","2022-01-27"
"lh:yongin:fc4465593fcd553e","LH","YONGIN","수지구","PURCHASE_RENTAL_BUILDING","PURCHASE_RENTAL","매입다가구(경기용인시)","경기도 용인시 수지구 푸른솔로 76","경기도 용인시 수지구 푸른솔로 76|경기도 용인시 수지구 푸른솔로 76(죽전동 도담마을 한양수자인)","","37.3252293328574","127.118877403","10","2004-12-01","12092","매입다가구(경기용인시)","PURCHASE_RENTAL_BUILDING","1","2004-12-01","12092","기존주택매입임대","","59.9756","1","59.9756","","","","https://www.data.go.kr/data/15050701/fileData.do","2022-01-27"
"lh:yongin:fc4465593fcd553e","LH","YONGIN","수지구","PURCHASE_RENTAL_BUILDING","PURCHASE_RENTAL","매입다가구(경기용인시)","경기도 용인시 수지구 푸른솔로 76","경기도 용인시 수지구 푸른솔로 76|경기도 용인시 수지구 푸른솔로 76(죽전동 도담마을 한양수자인)","","37.3252293328574","127.118877403","10","2004-12-01","12093","매입다가구(경기용인시)","PURCHASE_RENTAL_BUILDING","1","2004-12-01","12093","기존주택매입임대","","59.9756","1","59.9756","","","","https://www.data.go.kr/data/15050701/fileData.do","2022-01-27"
"lh:yongin:fc4465593fcd553e","LH","YONGIN","수지구","PURCHASE_RENTAL_BUILDING","PURCHASE_RENTAL","매입다가구(경기용인시)","경기도 용인시 수지구 푸른솔로 76","경기도 용인시 수지구 푸른솔로 76|경기도 용인시 수지구 푸른솔로 76(죽전동 도담마을 한양수자인)","","37.3252293328574","127.118877403","10","2004-12-01","12094","매입다가구(경기용인시)","PURCHASE_RENTAL_BUILDING","1","2004-12-01","12094","기존주택매입임대","","59.9756","1","59.9756","","","","https://www.data.go.kr/data/15050701/fileData.do","2022-01-27"
"lh:yongin:fc4465593fcd553e","LH","YONGIN","수지구","PURCHASE_RENTAL_BUILDING","PURCHASE_RENTAL","매입다가구(경기용인시)","경기도 용인시 수지구 푸른솔로 76","경기도 용인시 수지구 푸른솔로 76|경기도 용인시 수지구 푸른솔로 76(죽전동 도담마을 한양수자인)","","37.3252293328574","127.118877403","10","2004-12-01","12095","매입다가구(경기용인시)","PURCHASE_RENTAL_BUILDING","1","2004-12-01","12095","기존주택매입임대","","59.9756","1","59.9756","","","","https://www.data.go.kr/data/15050701/fileData.do","2022-01-27"
"lh:yongin:fc4465593fcd553e","LH","YONGIN","수지구","PURCHASE_RENTAL_BUILDING","PURCHASE_RENTAL","매입다가구(경기용인시)","경기도 용인시 수지구 푸른솔로 76","경기도 용인시 수지구 푸른솔로 76|경기도 용인시 수지구 푸른솔로 76(죽전동 도담마을 한양수자인)","","37.3252293328574","127.118877403","10","2004-12-01","12096","매입다가구(경기용인시)","PURCHASE_RENTAL_BUILDING","1","2004-12-01","12096","기존주택매입임대","","59.9756","1","59.9756","","","","https://www.data.go.kr/data/15050701/fileData.do","2022-01-27"
"lh:yongin:fc4465593fcd553e","LH","YONGIN","수지구","PURCHASE_RENTAL_BUILDING","PURCHASE_RENTAL","매입다가구(경기용인시)","경기도 용인시 수지구 푸른솔로 76","경기도 용인시 수지구 푸른솔로 76|경기도 용인시 수지구 푸른솔로 76(죽전동 도담마을 한양수자인)","","37.3252293328574","127.118877403","10","2004-12-01","12097","매입다가구(경기용인시)","PURCHASE_RENTAL_BUILDING","1","2004-12-01","12097","기존주택매입임대","","59.9756","1","59.9756","","","","https://www.data.go.kr/data/15050701/fileData.do","2022-01-27"
"lh:yongin:fc4465593fcd553e","LH","YONGIN","수지구","PURCHASE_RENTAL_BUILDING","PURCHASE_RENTAL","매입다가구(경기용인시)","경기도 용인시 수지구 푸른솔로 76","경기도 용인시 수지구 푸른솔로 76|경기도 용인시 수지구 푸른솔로 76(죽전동 도담마을 한양수자인)","","37.3252293328574","127.118877403","10","2004-12-01","12098","매입다가구(경기용인시)","PURCHASE_RENTAL_BUILDING","1","2004-12-01","12098","기존주택매입임대","","59.9756","1","59.9756","","","","https://www.data.go.kr/data/15050701/fileData.do","2022-01-27"
"lh:yongin:fc4465593fcd553e","LH","YONGIN","수지구","PURCHASE_RENTAL_BUILDING","PURCHASE_RENTAL","매입다가구(경기용인시)","경기도 용인시 수지구 푸른솔로 76","경기도 용인시 수지구 푸른솔로 76|경기도 용인시 수지구 푸른솔로 76(죽전동 도담마을 한양수자인)","","37.3252293328574","127.118877403","10","2004-12-01","12099","매입다가구(경기용인시)","PURCHASE_RENTAL_BUILDING","1","2004-12-01","12099","기존주택매입임대","","59.9756","1","59.9756","","","","https://www.data.go.kr/data/15050701/fileData.do","2022-01-27"
"lh:yongin:45760cfdd16bdf65","LH","YONGIN","수지구","PURCHASE_RENTAL_BUILDING","PURCHASE_RENTAL","매입다가구(경기용인시)","경기도 용인시 수지구 푸른솔로 86","경기도 용인시 수지구 푸른솔로 86|경기도 용인시 수지구 푸른솔로 86(죽전동)","","37.3263940324263","127.118762459946","6","2004-10-05","12100","매입다가구(경기용인시)","PURCHASE_RENTAL_BUILDING","1","2004-10-05","12100","기존주택매입임대","","59.9756","1","59.9756","","","","https://www.data.go.kr/data/15050701/fileData.do","2022-01-27"
"lh:yongin:45760cfdd16bdf65","LH","YONGIN","수지구","PURCHASE_RENTAL_BUILDING","PURCHASE_RENTAL","매입다가구(경기용인시)","경기도 용인시 수지구 푸른솔로 86","경기도 용인시 수지구 푸른솔로 86|경기도 용인시 수지구 푸른솔로 86(죽전동)","","37.3263940324263","127.118762459946","6","2004-10-05","12101","매입다가구(경기용인시)","PURCHASE_RENTAL_BUILDING","1","2004-10-05","12101","기존주택매입임대","","59.9864","1","59.9864","","","","https://www.data.go.kr/data/15050701/fileData.do","2022-01-27"
"lh:yongin:45760cfdd16bdf65","LH","YONGIN","수지구","PURCHASE_RENTAL_BUILDING","PURCHASE_RENTAL","매입다가구(경기용인시)","경기도 용인시 수지구 푸른솔로 86","경기도 용인시 수지구 푸른솔로 86|경기도 용인시 수지구 푸른솔로 86(죽전동)","","37.3263940324263","127.118762459946","6","2004-10-05","12102","매입다가구(경기용인시)","PURCHASE_RENTAL_BUILDING","1","2004-10-05","12102","기존주택매입임대","","59.9864","1","59.9864","","","","https://www.data.go.kr/data/15050701/fileData.do","2022-01-27"
"lh:yongin:45760cfdd16bdf65","LH","YONGIN","수지구","PURCHASE_RENTAL_BUILDING","PURCHASE_RENTAL","매입다가구(경기용인시)","경기도 용인시 수지구 푸른솔로 86","경기도 용인시 수지구 푸른솔로 86|경기도 용인시 수지구 푸른솔로 86(죽전동)","","37.3263940324263","127.118762459946","6","2004-10-05","12103","매입다가구(경기용인시)","PURCHASE_RENTAL_BUILDING","1","2004-10-05","12103","기존주택매입임대","","59.9864","1","59.9864","","","","https://www.data.go.kr/data/15050701/fileData.do","2022-01-27"
"lh:yongin:45760cfdd16bdf65","LH","YONGIN","수지구","PURCHASE_RENTAL_BUILDING","PURCHASE_RENTAL","매입다가구(경기용인시)","경기도 용인시 수지구 푸른솔로 86","경기도 용인시 수지구 푸른솔로 86|경기도 용인시 수지구 푸른솔로 86(죽전동)","","37.3263940324263","127.118762459946","6","2004-10-05","12104","매입다가구(경기용인시)","PURCHASE_RENTAL_BUILDING","1","2004-10-05","12104","기존주택매입임대","","59.9864","1","59.9864","","","","https://www.data.go.kr/data/15050701/fileData.do","2022-01-27"
"lh:yongin:45760cfdd16bdf65","LH","YONGIN","수지구","PURCHASE_RENTAL_BUILDING","PURCHASE_RENTAL","매입다가구(경기용인시)","경기도 용인시 수지구 푸른솔로 86","경기도 용인시 수지구 푸른솔로 86|경기도 용인시 수지구 푸른솔로 86(죽전동)","","37.3263940324263","127.118762459946","6","2004-10-05","12105","매입다가구(경기용인시)","PURCHASE_RENTAL_BUILDING","1","2004-10-05","12105","기존주택매입임대","","59.9864","1","59.9864","","","","https://www.data.go.kr/data/15050701/fileData.do","2022-01-27"
"lh:yongin:8020ce3982365b28","LH","YONGIN","수지구","PURCHASE_RENTAL_BUILDING","PURCHASE_RENTAL","매입다가구(경기용인시)","경기도 용인시 수지구 풍덕천로181번길","경기도 용인시 수지구 풍덕천로181번길","","37.326512066091","127.100373655346","6","","12106","매입다가구(경기용인시)","PURCHASE_RENTAL_BUILDING","6","","12106","기존주택매입임대","","59.9864","6","59.9864","","","","https://www.data.go.kr/data/15050701/fileData.do","2022-01-27"
"lh:yongin:8bc6b882c0fee782","LH","YONGIN","수지구","PURCHASE_RENTAL_BUILDING","PURCHASE_RENTAL","매입다가구(경기용인시)","경기도 용인시 수지구 풍덕천로189번길","경기도 용인시 수지구 풍덕천로189번길","","37.3269969673196","127.101049135253","7","","12107","매입다가구(경기용인시)","PURCHASE_RENTAL_BUILDING","7","","12107","기존주택매입임대","","281.94","7","281.94","","","","https://www.data.go.kr/data/15050701/fileData.do","2022-01-27"
"lh:yongin:f12251bc29503cbe","LH","YONGIN","수지구","PURCHASE_RENTAL_BUILDING","PURCHASE_RENTAL","매입다가구(경기용인시)","경기도 용인시 수지구 현암로63번길 40","경기도 용인시 수지구 현암로63번길 40|경기도 용인시 수지구 현암로63번길 40(죽전동)","","37.3342810150095","127.11448309384","18","2018-01-18","12108","매입다가구(경기용인시)","PURCHASE_RENTAL_BUILDING","18","2018-01-18","12108","기존주택매입임대","","359.32","18","359.32","","","","https://www.data.go.kr/data/15050701/fileData.do","2022-01-27"
"lh:yongin:02a395a1eaefc013","LH","YONGIN","처인구","PURCHASE_RENTAL_BUILDING","PURCHASE_RENTAL","매입다가구(경기용인시)","경기도 용인시 처인구 경안천로 2-13","경기도 용인시 처인구 경안천로 2-13","","37.2335470137574","127.212034885639","5","2013-01-19","12109","매입다가구(경기용인시)","PURCHASE_RENTAL_BUILDING","5","2013-01-19","12109","기존주택매입임대","","1251.12","5","1251.12","","","","https://www.data.go.kr/data/15050701/fileData.do","2022-01-27"
"lh:yongin:5b64ebbb5985d268","LH","YONGIN","처인구","CONSTRUCTION_RENTAL_COMPLEX","NATIONAL_RENTAL","용인마평","경기도 용인시 처인구 고림로 22","경기도 용인시 처인구 고림로 22|경기도 용인시 처인구 고림로 22(마평동,마평주공아파트)","","37.2357245863147","127.214477191055","644","2004-08-16","C00285","용인마평","CONSTRUCTION_RENTAL_COMPLEX","644","2004-08-16","C00285:국민임대:110896:45.44:15","국민임대","110896","45.44","15","45.44","","","","https://www.data.go.kr/data/15050700/fileData.do","2025-09-18"
"lh:yongin:5b64ebbb5985d268","LH","YONGIN","처인구","CONSTRUCTION_RENTAL_COMPLEX","NATIONAL_RENTAL","용인마평","경기도 용인시 처인구 고림로 22","경기도 용인시 처인구 고림로 22|경기도 용인시 처인구 고림로 22(마평동,마평주공아파트)","","37.2357245863147","127.214477191055","644","2004-08-16","C00285","용인마평","CONSTRUCTION_RENTAL_COMPLEX","644","2004-08-16","C00285:국민임대:112068:45.92:264","국민임대","112068","45.92","264","45.92","","","","https://www.data.go.kr/data/15050700/fileData.do","2025-09-18"
"lh:yongin:5b64ebbb5985d268","LH","YONGIN","처인구","CONSTRUCTION_RENTAL_COMPLEX","NATIONAL_RENTAL","용인마평","경기도 용인시 처인구 고림로 22","경기도 용인시 처인구 고림로 22|경기도 용인시 처인구 고림로 22(마평동,마평주공아파트)","","37.2357245863147","127.214477191055","644","2004-08-16","C00285","용인마평","CONSTRUCTION_RENTAL_COMPLEX","644","2004-08-16","C00285:국민임대:77030101:36.42:1","국민임대","77030101","36.42","1","36.42","","","","https://www.data.go.kr/data/15050700/fileData.do","2025-09-18"
"lh:yongin:5b64ebbb5985d268","LH","YONGIN","처인구","CONSTRUCTION_RENTAL_COMPLEX","NATIONAL_RENTAL","용인마평","경기도 용인시 처인구 고림로 22","경기도 용인시 처인구 고림로 22|경기도 용인시 처인구 고림로 22(마평동,마평주공아파트)","","37.2357245863147","127.214477191055","644","2004-08-16","C00285","용인마평","CONSTRUCTION_RENTAL_COMPLEX","644","2004-08-16","C00285:국민임대:77030102:45.44:1","국민임대","77030102","45.44","1","45.44","","","","https://www.data.go.kr/data/15050700/fileData.do","2025-09-18"
"lh:yongin:5b64ebbb5985d268","LH","YONGIN","처인구","CONSTRUCTION_RENTAL_COMPLEX","NATIONAL_RENTAL","용인마평","경기도 용인시 처인구 고림로 22","경기도 용인시 처인구 고림로 22|경기도 용인시 처인구 고림로 22(마평동,마평주공아파트)","","37.2357245863147","127.214477191055","644","2004-08-16","C00285","용인마평","CONSTRUCTION_RENTAL_COMPLEX","644","2004-08-16","C00285:국민임대:77030103:45.92:1","국민임대","77030103","45.92","1","45.92","","","","https://www.data.go.kr/data/15050700/fileData.do","2025-09-18"
"lh:yongin:5b64ebbb5985d268","LH","YONGIN","처인구","CONSTRUCTION_RENTAL_COMPLEX","NATIONAL_RENTAL","용인마평","경기도 용인시 처인구 고림로 22","경기도 용인시 처인구 고림로 22|경기도 용인시 처인구 고림로 22(마평동,마평주공아파트)","","37.2357245863147","127.214477191055","644","2004-08-16","C00285","용인마평","CONSTRUCTION_RENTAL_COMPLEX","644","2004-08-16","C00285:국민임대:77030105:45.92:1","국민임대","77030105","45.92","1","45.92","","","","https://www.data.go.kr/data/15050700/fileData.do","2025-09-18"
"lh:yongin:5b64ebbb5985d268","LH","YONGIN","처인구","CONSTRUCTION_RENTAL_COMPLEX","NATIONAL_RENTAL","용인마평","경기도 용인시 처인구 고림로 22","경기도 용인시 처인구 고림로 22|경기도 용인시 처인구 고림로 22(마평동,마평주공아파트)","","37.2357245863147","127.214477191055","644","2004-08-16","C00285","용인마평","CONSTRUCTION_RENTAL_COMPLEX","644","2004-08-16","C00285:국민임대:77030106:36.7:1","국민임대","77030106","36.7","1","36.7","","","","https://www.data.go.kr/data/15050700/fileData.do","2025-09-18"
"lh:yongin:5b64ebbb5985d268","LH","YONGIN","처인구","CONSTRUCTION_RENTAL_COMPLEX","NATIONAL_RENTAL","용인마평","경기도 용인시 처인구 고림로 22","경기도 용인시 처인구 고림로 22|경기도 용인시 처인구 고림로 22(마평동,마평주공아파트)","","37.2357245863147","127.214477191055","644","2004-08-16","C00285","용인마평","CONSTRUCTION_RENTAL_COMPLEX","644","2004-08-16","C00285:국민임대:888834:36.42:120","국민임대","888834","36.42","120","36.42","","","","https://www.data.go.kr/data/15050700/fileData.do","2025-09-18"
"lh:yongin:5b64ebbb5985d268","LH","YONGIN","처인구","CONSTRUCTION_RENTAL_COMPLEX","NATIONAL_RENTAL","용인마평","경기도 용인시 처인구 고림로 22","경기도 용인시 처인구 고림로 22|경기도 용인시 처인구 고림로 22(마평동,마평주공아파트)","","37.2357245863147","127.214477191055","644","2004-08-16","C00285","용인마평","CONSTRUCTION_RENTAL_COMPLEX","644","2004-08-16","C00285:국민임대:895667:36.7:240","국민임대","895667","36.7","240","36.7","","","","https://www.data.go.kr/data/15050700/fileData.do","2025-09-18"
"lh:yongin:0bae19d3e5cf7836","LH","YONGIN","처인구","PURCHASE_RENTAL_BUILDING","PURCHASE_RENTAL","매입다가구(경기용인시)","경기도 용인시 처인구 고림로110번길 9","경기도 용인시 처인구 고림로110번길 9|경기도 용인시 처인구 고림로110번길 9(고림동)","","37.2422277358551","127.216681043272","48","2019-06-13","12110","매입다가구(경기용인시)","PURCHASE_RENTAL_BUILDING","12","2019-06-13","12110","기존주택매입임대","","152.17","12","152.17","","","","https://www.data.go.kr/data/15050701/fileData.do","2022-01-27"
"lh:yongin:0bae19d3e5cf7836","LH","YONGIN","처인구","PURCHASE_RENTAL_BUILDING","PURCHASE_RENTAL","매입다가구(경기용인시)","경기도 용인시 처인구 고림로110번길 9","경기도 용인시 처인구 고림로110번길 9|경기도 용인시 처인구 고림로110번길 9(고림동)","","37.2422277358551","127.216681043272","48","2019-06-13","12111","매입다가구(경기용인시)","PURCHASE_RENTAL_BUILDING","12","2019-06-13","12111","기존주택매입임대","","477.72","12","477.72","","","","https://www.data.go.kr/data/15050701/fileData.do","2022-01-27"
"lh:yongin:0bae19d3e5cf7836","LH","YONGIN","처인구","PURCHASE_RENTAL_BUILDING","PURCHASE_RENTAL","매입다가구(경기용인시)","경기도 용인시 처인구 고림로110번길 9","경기도 용인시 처인구 고림로110번길 9|경기도 용인시 처인구 고림로110번길 9(고림동)","","37.2422277358551","127.216681043272","48","2019-06-13","12112","매입다가구(경기용인시)","PURCHASE_RENTAL_BUILDING","12","2019-06-13","12112","기존주택매입임대","","526.28","12","526.28","","","","https://www.data.go.kr/data/15050701/fileData.do","2022-01-27"
"lh:yongin:0bae19d3e5cf7836","LH","YONGIN","처인구","PURCHASE_RENTAL_BUILDING","PURCHASE_RENTAL","매입다가구(경기용인시)","경기도 용인시 처인구 고림로110번길 9","경기도 용인시 처인구 고림로110번길 9|경기도 용인시 처인구 고림로110번길 9(고림동)","","37.2422277358551","127.216681043272","48","2019-06-13","12113","매입다가구(경기용인시)","PURCHASE_RENTAL_BUILDING","12","2019-06-13","12113","기존주택매입임대","","523","12","523","","","","https://www.data.go.kr/data/15050701/fileData.do","2022-01-27"
"lh:yongin:0e8bd19ec55aa377","LH","YONGIN","처인구","PURCHASE_RENTAL_BUILDING","PURCHASE_RENTAL","매입다가구(경기용인시)","경기도 용인시 처인구 고진로75번길","경기도 용인시 처인구 고진로75번길","","37.2361683584556","127.218563496641","9","","12114","매입다가구(경기용인시)","PURCHASE_RENTAL_BUILDING","9","","12114","기존주택매입임대","","535.4","9","535.4","","","","https://www.data.go.kr/data/15050701/fileData.do","2022-01-27"
"lh:yongin:7103b41d47a8d1f7","LH","YONGIN","처인구","PURCHASE_RENTAL_BUILDING","PURCHASE_RENTAL","매입다가구(경기용인시)","경기도 용인시 처인구 금령로 186","경기도 용인시 처인구 금령로 186|경기도 용인시 처인구 금령로 186(마평동)","","37.2337202088442","127.216607673364","20","2018-06-05","12115","매입다가구(경기용인시)","PURCHASE_RENTAL_BUILDING","20","2018-06-05","12115","기존주택매입임대","","529.23","20","529.23","","","","https://www.data.go.kr/data/15050701/fileData.do","2022-01-27"
"lh:yongin:3d7f2cdccb7c154d","LH","YONGIN","처인구","PURCHASE_RENTAL_BUILDING","PURCHASE_RENTAL","매입다가구(경기용인시)","경기도 용인시 처인구 금령로106번길 14-8","경기도 용인시 처인구 금령로106번길 14-8|경기도 용인시 처인구 금령로106번길 14-8(김량장동)","","37.2345837683508","127.207243318428","76","2018-08-14","12116","매입다가구(경기용인시)","PURCHASE_RENTAL_BUILDING","8","2018-08-14","12116","기존주택매입임대","","1180.02","8","1180.02","","","","https://www.data.go.kr/data/15050701/fileData.do","2022-01-27"
"lh:yongin:3d7f2cdccb7c154d","LH","YONGIN","처인구","PURCHASE_RENTAL_BUILDING","PURCHASE_RENTAL","매입다가구(경기용인시)","경기도 용인시 처인구 금령로106번길 14-8","경기도 용인시 처인구 금령로106번길 14-8|경기도 용인시 처인구 금령로106번길 14-8(김량장동)","","37.2345837683508","127.207243318428","76","2018-08-14","12117","매입다가구(경기용인시)","PURCHASE_RENTAL_BUILDING","68","2018-08-14","12117","기존주택매입임대","","242.8801","68","242.8801","","","","https://www.data.go.kr/data/15050701/fileData.do","2022-01-27"
"lh:yongin:f5b87145a5aaa5a6","LH","YONGIN","처인구","PURCHASE_RENTAL_BUILDING","PURCHASE_RENTAL","청년신혼부부매입임대(경기용인시)","경기도 용인시 처인구 금령로13번길 13","경기도 용인시 처인구 금령로13번길 13|경기도 용인시 처인구 금령로13번길 13(김량장동 김량장동 어울림아파트)","","37.2366019643714","127.197790934347","13","2009-11-24","18134","청년신혼부부매입임대(경기용인시)","PURCHASE_RENTAL_BUILDING","1","2009-11-24","18134","청년신혼부부매입임대","","59.84","1","59.84","","","","https://www.data.go.kr/data/15050701/fileData.do","2022-01-27"
"lh:yongin:f5b87145a5aaa5a6","LH","YONGIN","처인구","PURCHASE_RENTAL_BUILDING","PURCHASE_RENTAL","청년신혼부부매입임대(경기용인시)","경기도 용인시 처인구 금령로13번길 13","경기도 용인시 처인구 금령로13번길 13|경기도 용인시 처인구 금령로13번길 13(김량장동 김량장동 어울림아파트)","","37.2366019643714","127.197790934347","13","2009-11-24","18135","청년신혼부부매입임대(경기용인시)","PURCHASE_RENTAL_BUILDING","1","2009-11-24","18135","청년신혼부부매입임대","","58.999","1","58.999","","","","https://www.data.go.kr/data/15050701/fileData.do","2022-01-27"
"lh:yongin:f5b87145a5aaa5a6","LH","YONGIN","처인구","PURCHASE_RENTAL_BUILDING","PURCHASE_RENTAL","청년신혼부부매입임대(경기용인시)","경기도 용인시 처인구 금령로13번길 13","경기도 용인시 처인구 금령로13번길 13|경기도 용인시 처인구 금령로13번길 13(김량장동 김량장동 어울림아파트)","","37.2366019643714","127.197790934347","13","2009-11-24","18136","청년신혼부부매입임대(경기용인시)","PURCHASE_RENTAL_BUILDING","1","2010-05-14","18136","청년신혼부부매입임대","","58.806","1","58.806","","","","https://www.data.go.kr/data/15050701/fileData.do","2022-01-27"
"lh:yongin:f5b87145a5aaa5a6","LH","YONGIN","처인구","PURCHASE_RENTAL_BUILDING","PURCHASE_RENTAL","청년신혼부부매입임대(경기용인시)","경기도 용인시 처인구 금령로13번길 13","경기도 용인시 처인구 금령로13번길 13|경기도 용인시 처인구 금령로13번길 13(김량장동 김량장동 어울림아파트)","","37.2366019643714","127.197790934347","13","2009-11-24","18137","청년신혼부부매입임대(경기용인시)","PURCHASE_RENTAL_BUILDING","1","2010-05-14","18137","청년신혼부부매입임대","","58.806","1","58.806","","","","https://www.data.go.kr/data/15050701/fileData.do","2022-01-27"
"lh:yongin:f5b87145a5aaa5a6","LH","YONGIN","처인구","PURCHASE_RENTAL_BUILDING","PURCHASE_RENTAL","청년신혼부부매입임대(경기용인시)","경기도 용인시 처인구 금령로13번길 13","경기도 용인시 처인구 금령로13번길 13|경기도 용인시 처인구 금령로13번길 13(김량장동 김량장동 어울림아파트)","","37.2366019643714","127.197790934347","13","2009-11-24","18138","청년신혼부부매입임대(경기용인시)","PURCHASE_RENTAL_BUILDING","1","2009-11-24","18138","청년신혼부부매입임대","","58.314","1","58.314","","","","https://www.data.go.kr/data/15050701/fileData.do","2022-01-27"
"lh:yongin:f5b87145a5aaa5a6","LH","YONGIN","처인구","PURCHASE_RENTAL_BUILDING","PURCHASE_RENTAL","청년신혼부부매입임대(경기용인시)","경기도 용인시 처인구 금령로13번길 13","경기도 용인시 처인구 금령로13번길 13|경기도 용인시 처인구 금령로13번길 13(김량장동 김량장동 어울림아파트)","","37.2366019643714","127.197790934347","13","2009-11-24","18139","청년신혼부부매입임대(경기용인시)","PURCHASE_RENTAL_BUILDING","1","2009-11-24","18139","청년신혼부부매입임대","","58","1","58","","","","https://www.data.go.kr/data/15050701/fileData.do","2022-01-27"
"lh:yongin:f5b87145a5aaa5a6","LH","YONGIN","처인구","PURCHASE_RENTAL_BUILDING","PURCHASE_RENTAL","청년신혼부부매입임대(경기용인시)","경기도 용인시 처인구 금령로13번길 13","경기도 용인시 처인구 금령로13번길 13|경기도 용인시 처인구 금령로13번길 13(김량장동 김량장동 어울림아파트)","","37.2366019643714","127.197790934347","13","2009-11-24","18140","청년신혼부부매입임대(경기용인시)","PURCHASE_RENTAL_BUILDING","1","2009-11-24","18140","청년신혼부부매입임대","","58","1","58","","","","https://www.data.go.kr/data/15050701/fileData.do","2022-01-27"
"lh:yongin:f5b87145a5aaa5a6","LH","YONGIN","처인구","PURCHASE_RENTAL_BUILDING","PURCHASE_RENTAL","청년신혼부부매입임대(경기용인시)","경기도 용인시 처인구 금령로13번길 13","경기도 용인시 처인구 금령로13번길 13|경기도 용인시 처인구 금령로13번길 13(김량장동 김량장동 어울림아파트)","","37.2366019643714","127.197790934347","13","2009-11-24","18141","청년신혼부부매입임대(경기용인시)","PURCHASE_RENTAL_BUILDING","1","2009-11-24","18141","청년신혼부부매입임대","","58.314","1","58.314","","","","https://www.data.go.kr/data/15050701/fileData.do","2022-01-27"
"lh:yongin:f5b87145a5aaa5a6","LH","YONGIN","처인구","PURCHASE_RENTAL_BUILDING","PURCHASE_RENTAL","청년신혼부부매입임대(경기용인시)","경기도 용인시 처인구 금령로13번길 13","경기도 용인시 처인구 금령로13번길 13|경기도 용인시 처인구 금령로13번길 13(김량장동 김량장동 어울림아파트)","","37.2366019643714","127.197790934347","13","2009-11-24","18142","청년신혼부부매입임대(경기용인시)","PURCHASE_RENTAL_BUILDING","1","2010-05-14","18142","청년신혼부부매입임대","","58","1","58","","","","https://www.data.go.kr/data/15050701/fileData.do","2022-01-27"
"lh:yongin:f5b87145a5aaa5a6","LH","YONGIN","처인구","PURCHASE_RENTAL_BUILDING","PURCHASE_RENTAL","청년신혼부부매입임대(경기용인시)","경기도 용인시 처인구 금령로13번길 13","경기도 용인시 처인구 금령로13번길 13|경기도 용인시 처인구 금령로13번길 13(김량장동 김량장동 어울림아파트)","","37.2366019643714","127.197790934347","13","2009-11-24","18143","청년신혼부부매입임대(경기용인시)","PURCHASE_RENTAL_BUILDING","1","2009-11-24","18143","청년신혼부부매입임대","","58.806","1","58.806","","","","https://www.data.go.kr/data/15050701/fileData.do","2022-01-27"
"lh:yongin:f5b87145a5aaa5a6","LH","YONGIN","처인구","PURCHASE_RENTAL_BUILDING","PURCHASE_RENTAL","청년신혼부부매입임대(경기용인시)","경기도 용인시 처인구 금령로13번길 13","경기도 용인시 처인구 금령로13번길 13|경기도 용인시 처인구 금령로13번길 13(김량장동 김량장동 어울림아파트)","","37.2366019643714","127.197790934347","13","2009-11-24","18144","청년신혼부부매입임대(경기용인시)","PURCHASE_RENTAL_BUILDING","1","2010-05-14","18144","청년신혼부부매입임대","","58.806","1","58.806","","","","https://www.data.go.kr/data/15050701/fileData.do","2022-01-27"
"lh:yongin:f5b87145a5aaa5a6","LH","YONGIN","처인구","PURCHASE_RENTAL_BUILDING","PURCHASE_RENTAL","청년신혼부부매입임대(경기용인시)","경기도 용인시 처인구 금령로13번길 13","경기도 용인시 처인구 금령로13번길 13|경기도 용인시 처인구 금령로13번길 13(김량장동 김량장동 어울림아파트)","","37.2366019643714","127.197790934347","13","2009-11-24","18145","청년신혼부부매입임대(경기용인시)","PURCHASE_RENTAL_BUILDING","1","2009-11-24","18145","청년신혼부부매입임대","","58.314","1","58.314","","","","https://www.data.go.kr/data/15050701/fileData.do","2022-01-27"
"lh:yongin:f5b87145a5aaa5a6","LH","YONGIN","처인구","PURCHASE_RENTAL_BUILDING","PURCHASE_RENTAL","청년신혼부부매입임대(경기용인시)","경기도 용인시 처인구 금령로13번길 13","경기도 용인시 처인구 금령로13번길 13|경기도 용인시 처인구 금령로13번길 13(김량장동 김량장동 어울림아파트)","","37.2366019643714","127.197790934347","13","2009-11-24","18146","청년신혼부부매입임대(경기용인시)","PURCHASE_RENTAL_BUILDING","1","2009-11-24","18146","청년신혼부부매입임대","","58.314","1","58.314","","","","https://www.data.go.kr/data/15050701/fileData.do","2022-01-27"
"lh:yongin:6f2079654d1195f0","LH","YONGIN","처인구","CONSTRUCTION_RENTAL_COMPLEX","HAPPY_HOUSING","용인김량장(행복)","경기도 용인시 처인구 금령로40번길 15-5","경기도 용인시 처인구 금령로40번길 15-5|경기도 용인시 처인구 금령로40번길 15-5(김량장동)","","37.2335721387863","127.201462243704","70","2018-12-31","C02230","용인김량장(행복)","CONSTRUCTION_RENTAL_COMPLEX","70","2018-12-31","C02230:행복주택:160132:16.42:14","행복주택","160132","16.42","14","16.42","","","","https://www.data.go.kr/data/15050700/fileData.do","2025-09-18"
"lh:yongin:6f2079654d1195f0","LH","YONGIN","처인구","CONSTRUCTION_RENTAL_COMPLEX","HAPPY_HOUSING","용인김량장(행복)","경기도 용인시 처인구 금령로40번길 15-5","경기도 용인시 처인구 금령로40번길 15-5|경기도 용인시 처인구 금령로40번길 15-5(김량장동)","","37.2335721387863","127.201462243704","70","2018-12-31","C02230","용인김량장(행복)","CONSTRUCTION_RENTAL_COMPLEX","70","2018-12-31","C02230:행복주택:160345:16.39:14","행복주택","160345","16.39","14","16.39","","","","https://www.data.go.kr/data/15050700/fileData.do","2025-09-18"
"lh:yongin:6f2079654d1195f0","LH","YONGIN","처인구","CONSTRUCTION_RENTAL_COMPLEX","HAPPY_HOUSING","용인김량장(행복)","경기도 용인시 처인구 금령로40번길 15-5","경기도 용인시 처인구 금령로40번길 15-5|경기도 용인시 처인구 금령로40번길 15-5(김량장동)","","37.2335721387863","127.201462243704","70","2018-12-31","C02230","용인김량장(행복)","CONSTRUCTION_RENTAL_COMPLEX","70","2018-12-31","C02230:행복주택:260217:26.41:6","행복주택","260217","26.41","6","26.41","","","","https://www.data.go.kr/data/15050700/fileData.do","2025-09-18"
"lh:yongin:6f2079654d1195f0","LH","YONGIN","처인구","CONSTRUCTION_RENTAL_COMPLEX","HAPPY_HOUSING","용인김량장(행복)","경기도 용인시 처인구 금령로40번길 15-5","경기도 용인시 처인구 금령로40번길 15-5|경기도 용인시 처인구 금령로40번길 15-5(김량장동)","","37.2335721387863","127.201462243704","70","2018-12-31","C02230","용인김량장(행복)","CONSTRUCTION_RENTAL_COMPLEX","70","2018-12-31","C02230:행복주택:260218:26.41:8","행복주택","260218","26.41","8","26.41","","","","https://www.data.go.kr/data/15050700/fileData.do","2025-09-18"
"lh:yongin:6f2079654d1195f0","LH","YONGIN","처인구","CONSTRUCTION_RENTAL_COMPLEX","HAPPY_HOUSING","용인김량장(행복)","경기도 용인시 처인구 금령로40번길 15-5","경기도 용인시 처인구 금령로40번길 15-5|경기도 용인시 처인구 금령로40번길 15-5(김량장동)","","37.2335721387863","127.201462243704","70","2018-12-31","C02230","용인김량장(행복)","CONSTRUCTION_RENTAL_COMPLEX","70","2018-12-31","C02230:행복주택:360435:36.32:14","행복주택","360435","36.32","14","36.32","","","","https://www.data.go.kr/data/15050700/fileData.do","2025-09-18"
"lh:yongin:6f2079654d1195f0","LH","YONGIN","처인구","CONSTRUCTION_RENTAL_COMPLEX","HAPPY_HOUSING","용인김량장(행복)","경기도 용인시 처인구 금령로40번길 15-5","경기도 용인시 처인구 금령로40번길 15-5|경기도 용인시 처인구 금령로40번길 15-5(김량장동)","","37.2335721387863","127.201462243704","70","2018-12-31","C02230","용인김량장(행복)","CONSTRUCTION_RENTAL_COMPLEX","70","2018-12-31","C02230:행복주택:360436:36.08:14","행복주택","360436","36.08","14","36.08","","","","https://www.data.go.kr/data/15050700/fileData.do","2025-09-18"
"lh:yongin:8e63a741ac3e5883","LH","YONGIN","처인구","PURCHASE_RENTAL_BUILDING","PURCHASE_RENTAL","매입다가구(경기용인시)","경기도 용인시 처인구 금학로253번길 12-4","경기도 용인시 처인구 금학로253번길 12-4|경기도 용인시 처인구 금학로253번길 12-4(역북동)","","37.2387948712124","127.192299365702","8","2019-02-12","12119","매입다가구(경기용인시)","PURCHASE_RENTAL_BUILDING","8","2019-02-12","12119","기존주택매입임대","","477.863","8","477.863","","","","https://www.data.go.kr/data/15050701/fileData.do","2022-01-27"
"lh:yongin:90200724fb8a4f51","LH","YONGIN","처인구","PURCHASE_RENTAL_BUILDING","PURCHASE_RENTAL","매입다가구(경기용인시)","경기도 용인시 처인구 금학로269번길","경기도 용인시 처인구 금학로269번길","","37.2385413681954","127.193760635993","11","2012-01-06","12120","매입다가구(경기용인시)","PURCHASE_RENTAL_BUILDING","11","2012-01-06","12120","기존주택매입임대","","628.36","11","628.36","","","","https://www.data.go.kr/data/15050701/fileData.do","2022-01-27"
"lh:yongin:eda2cdc5eb9b696a","LH","YONGIN","처인구","PURCHASE_RENTAL_BUILDING","PURCHASE_RENTAL","매입다가구(경기용인시)","경기도 용인시 처인구 금학로383번길 19","경기도 용인시 처인구 금학로383번길 19","","37.2394936686847","127.205993741337","6","2009-12-17","12121","매입다가구(경기용인시)","PURCHASE_RENTAL_BUILDING","6","2009-12-17","12121","기존주택매입임대","","323.88","6","323.88","","","","https://www.data.go.kr/data/15050701/fileData.do","2022-01-27"
"lh:yongin:2d4fa818c8b22994","LH","YONGIN","처인구","PURCHASE_RENTAL_BUILDING","PURCHASE_RENTAL","매입다가구(경기용인시)","경기도 용인시 처인구 낙은로 40","경기도 용인시 처인구 낙은로 40|경기도 용인시 처인구 낙은로 40(역북동)","","37.2408851759358","127.198594865857","12","2013-07-23","12122","매입다가구(경기용인시)","PURCHASE_RENTAL_BUILDING","12","2013-07-23","12122","기존주택매입임대","","313.35","12","313.35","","","","https://www.data.go.kr/data/15050701/fileData.do","2022-01-27"
"lh:yongin:eb696a94d6d19bdc","LH","YONGIN","처인구","PURCHASE_RENTAL_BUILDING","PURCHASE_RENTAL","매입다가구(경기용인시)","경기도 용인시 처인구 남사면 내기로 21","경기도 용인시 처인구 남사면 내기로 21|경기도 용인시 처인구 남사면 내기로 21(와이앤캐슬)","","37.1148307789141","127.149224104471","8","2018-01-02","12123","매입다가구(경기용인시)","PURCHASE_RENTAL_BUILDING","8","2018-01-02","12123","기존주택매입임대","","446.49","8","446.49","","","","https://www.data.go.kr/data/15050701/fileData.do","2022-01-27"
"lh:yongin:7b93f14264270fa1","LH","YONGIN","처인구","PURCHASE_RENTAL_BUILDING","PURCHASE_RENTAL","매입다가구(경기용인시)","경기도 용인시 처인구 남사면 내기로 21-1","경기도 용인시 처인구 남사면 내기로 21-1","","37.114842511784","127.149065707566","8","2018-01-02","12124","매입다가구(경기용인시)","PURCHASE_RENTAL_BUILDING","8","2018-01-02","12124","기존주택매입임대","","462.9","8","462.9","","","","https://www.data.go.kr/data/15050701/fileData.do","2022-01-27"
"lh:yongin:e7a7e1b76ece864c","LH","YONGIN","처인구","PURCHASE_RENTAL_BUILDING","PURCHASE_RENTAL","매입다가구(경기용인시)","경기도 용인시 처인구 남사면 내기로 23-3","경기도 용인시 처인구 남사면 내기로 23-3","","37.1150788856835","127.14883079059","8","2018-04-19","12125","매입다가구(경기용인시)","PURCHASE_RENTAL_BUILDING","8","2018-04-19","12125","기존주택매입임대","","455.4512","8","455.4512","","","","https://www.data.go.kr/data/15050701/fileData.do","2022-01-27"
"lh:yongin:e9235e361e7fc2c0","LH","YONGIN","처인구","PURCHASE_RENTAL_BUILDING","PURCHASE_RENTAL","매입다가구(경기용인시)","경기도 용인시 처인구 명지로16번길 9-24","경기도 용인시 처인구 명지로16번길 9-24|경기도 용인시 처인구 명지로16번길 9-24(역북동)","","37.2332224680111","127.187567567897","180","2019-12-13","12127","매입다가구(경기용인시)","PURCHASE_RENTAL_BUILDING","180","2019-12-13","12127","기존주택매입임대","","274.16","180","274.16","","","","https://www.data.go.kr/data/15050701/fileData.do","2022-01-27"
"lh:yongin:e2bd3b92c7b1eedd","LH","YONGIN","처인구","PURCHASE_RENTAL_BUILDING","PURCHASE_RENTAL","매입다가구(경기용인시)","경기도 용인시 처인구 모현면 능곡로 13","경기도 용인시 처인구 모현면 능곡로 13","","37.3406870359259","127.176437196057","11","2012-06-14","12128","매입다가구(경기용인시)","PURCHASE_RENTAL_BUILDING","11","2012-06-14","12128","기존주택매입임대","","4361.4","11","4361.4","","","","https://www.data.go.kr/data/15050701/fileData.do","2022-01-27"
"lh:yongin:facc2e11a2faf337","LH","YONGIN","처인구","PURCHASE_RENTAL_BUILDING","PURCHASE_RENTAL","매입다가구(경기용인시)","경기도 용인시 처인구 모현면 백옥대로2432번길","경기도 용인시 처인구 모현면 백옥대로2432번길","","37.3405350093919","127.251651498741","36","2010-08-11","12129","매입다가구(경기용인시)","PURCHASE_RENTAL_BUILDING","18","2010-08-11","12129","기존주택매입임대","","364.032","18","364.032","","","","https://www.data.go.kr/data/15050701/fileData.do","2022-01-27"
"lh:yongin:facc2e11a2faf337","LH","YONGIN","처인구","PURCHASE_RENTAL_BUILDING","PURCHASE_RENTAL","매입다가구(경기용인시)","경기도 용인시 처인구 모현면 백옥대로2432번길","경기도 용인시 처인구 모현면 백옥대로2432번길","","37.3405350093919","127.251651498741","36","2010-08-11","12130","매입다가구(경기용인시)","PURCHASE_RENTAL_BUILDING","18","2012-01-09","12130","기존주택매입임대","","545.91","18","545.91","","","","https://www.data.go.kr/data/15050701/fileData.do","2022-01-27"
"lh:yongin:54e19dd01c3030b7","LH","YONGIN","처인구","PURCHASE_RENTAL_BUILDING","PURCHASE_RENTAL","매입다가구(경기용인시)","경기도 용인시 처인구 모현면 백옥대로2438번길","경기도 용인시 처인구 모현면 백옥대로2438번길","","37.3425240626415","127.252227929403","19","2011-10-24","12131","매입다가구(경기용인시)","PURCHASE_RENTAL_BUILDING","19","2011-10-24","12131","기존주택매입임대","","427","19","427","","","","https://www.data.go.kr/data/15050701/fileData.do","2022-01-27"
"lh:yongin:818b37730979427a","LH","YONGIN","처인구","PURCHASE_RENTAL_BUILDING","PURCHASE_RENTAL","매입다가구(경기용인시)","경기도 용인시 처인구 모현면 왕림로 68-52","경기도 용인시 처인구 모현면 왕림로 68-52","","37.3437337127553","127.183758663493","8","2017-01-20","12136","매입다가구(경기용인시)","PURCHASE_RENTAL_BUILDING","8","2017-01-20","12136","기존주택매입임대","","533.395","8","533.395","","","","https://www.data.go.kr/data/15050701/fileData.do","2022-01-27"
"lh:yongin:e3fccf90434edcdc","LH","YONGIN","처인구","PURCHASE_RENTAL_BUILDING","PURCHASE_RENTAL","매입다가구(경기용인시)","경기도 용인시 처인구 모현면 충렬로8번길 8-1","경기도 용인시 처인구 모현면 충렬로8번길 8-1","","37.3407526758994","127.173236239162","7","2016-11-17","12137","매입다가구(경기용인시)","PURCHASE_RENTAL_BUILDING","7","2016-11-17","12137","기존주택매입임대","","555.288","7","555.288","","","","https://www.data.go.kr/data/15050701/fileData.do","2022-01-27"
"lh:yongin:df12069115d249cc","LH","YONGIN","처인구","PURCHASE_RENTAL_BUILDING","PURCHASE_RENTAL","매입다가구(경기용인시)","경기도 용인시 처인구 모현면 충렬로8번길 8-3","경기도 용인시 처인구 모현면 충렬로8번길 8-3","","37.3407364711459","127.173411345509","7","2016-11-17","12138","매입다가구(경기용인시)","PURCHASE_RENTAL_BUILDING","7","2016-11-17","12138","기존주택매입임대","","410.22","7","410.22","","","","https://www.data.go.kr/data/15050701/fileData.do","2022-01-27"
"lh:yongin:4b58706a2859629a","LH","YONGIN","처인구","PURCHASE_RENTAL_BUILDING","PURCHASE_RENTAL","매입다가구(경기용인시)","경기도 용인시 처인구 모현읍 왕림로 72","경기도 용인시 처인구 모현읍 왕림로 72","","37.3445923384287","127.183445548992","8","2019-03-22","12139","매입다가구(경기용인시)","PURCHASE_RENTAL_BUILDING","8","2019-03-22","12139","기존주택매입임대","","413.4625","8","413.4625","","","","https://www.data.go.kr/data/15050701/fileData.do","2022-01-27"
"lh:yongin:2876279262fc7ca6","LH","YONGIN","처인구","PURCHASE_RENTAL_BUILDING","PURCHASE_RENTAL","매입다가구(경기용인시)","경기도 용인시 처인구 모현읍 외대로26번길 19-6","경기도 용인시 처인구 모현읍 외대로26번길 19-6","","37.3341122380737","127.252567096473","24","2019-07-08","12140","매입다가구(경기용인시)","PURCHASE_RENTAL_BUILDING","12","2019-07-08","12140","기존주택매입임대","","500.12","12","500.12","","","","https://www.data.go.kr/data/15050701/fileData.do","2022-01-27"
"lh:yongin:2876279262fc7ca6","LH","YONGIN","처인구","PURCHASE_RENTAL_BUILDING","PURCHASE_RENTAL","매입다가구(경기용인시)","경기도 용인시 처인구 모현읍 외대로26번길 19-6","경기도 용인시 처인구 모현읍 외대로26번길 19-6","","37.3341122380737","127.252567096473","24","2019-07-08","12141","매입다가구(경기용인시)","PURCHASE_RENTAL_BUILDING","12","2019-07-08","12141","기존주택매입임대","","503.61","12","503.61","","","","https://www.data.go.kr/data/15050701/fileData.do","2022-01-27"
"lh:yongin:ba35c5851726bce8","LH","YONGIN","처인구","PURCHASE_RENTAL_BUILDING","PURCHASE_RENTAL","매입다가구(경기용인시)","경기도 용인시 처인구 백옥대로1392번길 11-18","경기도 용인시 처인구 백옥대로1392번길 11-18|경기도 용인시 처인구 백옥대로1392번길 11-18(유방동)","","37.2599670634564","127.214174578578","16","2019-09-05","12142","매입다가구(경기용인시)","PURCHASE_RENTAL_BUILDING","16","2019-09-05","12142","기존주택매입임대","","503.28","16","503.28","","","","https://www.data.go.kr/data/15050701/fileData.do","2022-01-27"
"lh:yongin:8df66605f0f27423","LH","YONGIN","처인구","PURCHASE_RENTAL_BUILDING","PURCHASE_RENTAL","용인 삼가동 134-3","경기도 용인시 처인구 삼가로 17","경기도 용인시 처인구 삼가로 17|경기도 용인시 처인구 삼가로 17(삼가동,해피보람빌Ⅱ)","","37.245205225507","127.165739871239","16","","D00372","용인 삼가동 134-3","PURCHASE_RENTAL_BUILDING","16","","D00372:신축다세대매입임대:55:55.43:8","신축다세대매입임대","55","55.43","8","55.43","","","","https://www.data.go.kr/data/15050700/fileData.do","2025-09-18"
"lh:yongin:8df66605f0f27423","LH","YONGIN","처인구","PURCHASE_RENTAL_BUILDING","PURCHASE_RENTAL","용인 삼가동 134-3","경기도 용인시 처인구 삼가로 17","경기도 용인시 처인구 삼가로 17|경기도 용인시 처인구 삼가로 17(삼가동,해피보람빌Ⅱ)","","37.245205225507","127.165739871239","16","","D00372","용인 삼가동 134-3","PURCHASE_RENTAL_BUILDING","16","","D00372:신축다세대매입임대:59:59.7:8","신축다세대매입임대","59","59.7","8","59.7","","","","https://www.data.go.kr/data/15050700/fileData.do","2025-09-18"
"lh:yongin:8893774266d4d891","LH","YONGIN","처인구","PURCHASE_RENTAL_BUILDING","PURCHASE_RENTAL","용인 삼가동 134-1","경기도 용인시 처인구 삼가로 19","경기도 용인시 처인구 삼가로 19|경기도 용인시 처인구 삼가로 19(삼가동,해피보람빌Ⅰ)","","37.2453318040204","127.165624059371","20","2024-04-11","D00371","용인 삼가동 134-1","PURCHASE_RENTAL_BUILDING","20","2024-04-11","D00371:신축다세대매입임대:55:55.43:14","신축다세대매입임대","55","55.43","14","55.43","","","","https://www.data.go.kr/data/15050700/fileData.do","2025-09-18"
"lh:yongin:8893774266d4d891","LH","YONGIN","처인구","PURCHASE_RENTAL_BUILDING","PURCHASE_RENTAL","용인 삼가동 134-1","경기도 용인시 처인구 삼가로 19","경기도 용인시 처인구 삼가로 19|경기도 용인시 처인구 삼가로 19(삼가동,해피보람빌Ⅰ)","","37.2453318040204","127.165624059371","20","2024-04-11","D00371","용인 삼가동 134-1","PURCHASE_RENTAL_BUILDING","20","2024-04-11","D00371:신축다세대매입임대:59A:59.53:3","신축다세대매입임대","59A","59.53","3","59.53","","","","https://www.data.go.kr/data/15050700/fileData.do","2025-09-18"
"lh:yongin:8893774266d4d891","LH","YONGIN","처인구","PURCHASE_RENTAL_BUILDING","PURCHASE_RENTAL","용인 삼가동 134-1","경기도 용인시 처인구 삼가로 19","경기도 용인시 처인구 삼가로 19|경기도 용인시 처인구 삼가로 19(삼가동,해피보람빌Ⅰ)","","37.2453318040204","127.165624059371","20","2024-04-11","D00371","용인 삼가동 134-1","PURCHASE_RENTAL_BUILDING","20","2024-04-11","D00371:신축다세대매입임대:59B:59.85:2","신축다세대매입임대","59B","59.85","2","59.85","","","","https://www.data.go.kr/data/15050700/fileData.do","2025-09-18"
"lh:yongin:8893774266d4d891","LH","YONGIN","처인구","PURCHASE_RENTAL_BUILDING","PURCHASE_RENTAL","용인 삼가동 134-1","경기도 용인시 처인구 삼가로 19","경기도 용인시 처인구 삼가로 19|경기도 용인시 처인구 삼가로 19(삼가동,해피보람빌Ⅰ)","","37.2453318040204","127.165624059371","20","2024-04-11","D00371","용인 삼가동 134-1","PURCHASE_RENTAL_BUILDING","20","2024-04-11","D00371:신축다세대매입임대:59C:59.35:1","신축다세대매입임대","59C","59.35","1","59.35","","","","https://www.data.go.kr/data/15050700/fileData.do","2025-09-18"
"lh:yongin:750f2eaf4fdf958b","LH","YONGIN","처인구","PURCHASE_RENTAL_BUILDING","PURCHASE_RENTAL","매입다가구(경기용인시)","경기도 용인시 처인구 삼가로 27-26","경기도 용인시 처인구 삼가로 27-26|경기도 용인시 처인구 삼가로 27-26(삼가동)","","37.2471779522544","127.165881923927","8","2016-02-03","12143","매입다가구(경기용인시)","PURCHASE_RENTAL_BUILDING","8","2016-02-03","12143","기존주택매입임대","","488.36","8","488.36","","","","https://www.data.go.kr/data/15050701/fileData.do","2022-01-27"
"lh:yongin:c8702eba59ba1253","LH","YONGIN","처인구","PURCHASE_RENTAL_BUILDING","PURCHASE_RENTAL","매입다가구(경기용인시)","경기도 용인시 처인구 삼가로 27-28","경기도 용인시 처인구 삼가로 27-28|경기도 용인시 처인구 삼가로 27-28(삼가동)","","37.2472979701006","127.166011353535","8","2016-12-21","12144","매입다가구(경기용인시)","PURCHASE_RENTAL_BUILDING","8","2016-12-21","12144","기존주택매입임대","","469.84","8","469.84","","","","https://www.data.go.kr/data/15050701/fileData.do","2022-01-27"
"lh:yongin:b276bb6744889550","LH","YONGIN","처인구","PURCHASE_RENTAL_BUILDING","PURCHASE_RENTAL","매입다가구(경기용인시)","경기도 용인시 처인구 삼가로 27-33","경기도 용인시 처인구 삼가로 27-33|경기도 용인시 처인구 삼가로 27-33(삼가동)","","37.2472870502709","127.165637580752","8","2016-08-09","12145","매입다가구(경기용인시)","PURCHASE_RENTAL_BUILDING","8","2016-08-09","12145","기존주택매입임대","","576.7","8","576.7","","","","https://www.data.go.kr/data/15050701/fileData.do","2022-01-27"
"lh:yongin:3330daaf1abd48a6","LH","YONGIN","처인구","PURCHASE_RENTAL_BUILDING","PURCHASE_RENTAL","매입다가구(경기용인시)","경기도 용인시 처인구 삼가로 27-39","경기도 용인시 처인구 삼가로 27-39|경기도 용인시 처인구 삼가로 27-39(삼가동)","","37.247445822131","127.165825028494","8","2016-08-26","12146","매입다가구(경기용인시)","PURCHASE_RENTAL_BUILDING","8","2016-08-26","12146","기존주택매입임대","","576.12","8","576.12","","","","https://www.data.go.kr/data/15050701/fileData.do","2022-01-27"
"lh:yongin:632651d4883b8f75","LH","YONGIN","처인구","PURCHASE_RENTAL_BUILDING","PURCHASE_RENTAL","매입다가구(경기용인시)","경기도 용인시 처인구 삼가로 7","경기도 용인시 처인구 삼가로 7|경기도 용인시 처인구 삼가로 7(삼가동)","","37.2445288150618","127.165994797566","28","2012-06-22","12147","매입다가구(경기용인시)","PURCHASE_RENTAL_BUILDING","28","2012-06-22","12147","기존주택매입임대","","573.12","28","573.12","","","","https://www.data.go.kr/data/15050701/fileData.do","2022-01-27"
"lh:yongin:a7b89699ea4bc7fe","LH","YONGIN","처인구","PURCHASE_RENTAL_BUILDING","PURCHASE_RENTAL","매입다가구(경기용인시)","경기도 용인시 처인구 양지면 교동로10번길 23","경기도 용인시 처인구 양지면 교동로10번길 23","","37.237416667288","127.287621836491","44","2019-07-26","12148","매입다가구(경기용인시)","PURCHASE_RENTAL_BUILDING","22","2019-07-26","12148","기존주택매입임대","","455.04","22","455.04","","","","https://www.data.go.kr/data/15050701/fileData.do","2022-01-27"
"lh:yongin:a7b89699ea4bc7fe","LH","YONGIN","처인구","PURCHASE_RENTAL_BUILDING","PURCHASE_RENTAL","매입다가구(경기용인시)","경기도 용인시 처인구 양지면 교동로10번길 23","경기도 용인시 처인구 양지면 교동로10번길 23","","37.237416667288","127.287621836491","44","2019-07-26","12149","매입다가구(경기용인시)","PURCHASE_RENTAL_BUILDING","22","2019-07-26","12149","기존주택매입임대","","1321.06","22","1321.06","","","","https://www.data.go.kr/data/15050701/fileData.do","2022-01-27"
"lh:yongin:783811a0e202ad9d","LH","YONGIN","처인구","PURCHASE_RENTAL_BUILDING","PURCHASE_RENTAL","매입다가구(경기용인시)","경기도 용인시 처인구 양지면 교동로10번길 34","경기도 용인시 처인구 양지면 교동로10번길 34","","37.2376968698242","127.28874163632","8","2016-06-28","12150","매입다가구(경기용인시)","PURCHASE_RENTAL_BUILDING","8","2016-06-28","12150","기존주택매입임대","","1325.26","8","1325.26","","","","https://www.data.go.kr/data/15050701/fileData.do","2022-01-27"
"lh:yongin:d668723aa6467384","LH","YONGIN","처인구","PURCHASE_RENTAL_BUILDING","PURCHASE_RENTAL","매입다가구(경기용인시)","경기도 용인시 처인구 양지면 교동로10번길 36","경기도 용인시 처인구 양지면 교동로10번길 36","","37.237849525097","127.288807920592","8","2016-06-24","12151","매입다가구(경기용인시)","PURCHASE_RENTAL_BUILDING","8","2016-06-24","12151","기존주택매입임대","","525.12","8","525.12","","","","https://www.data.go.kr/data/15050701/fileData.do","2022-01-27"
"lh:yongin:f045549d3cfa214c","LH","YONGIN","처인구","PURCHASE_RENTAL_BUILDING","PURCHASE_RENTAL","매입다가구(경기용인시)","경기도 용인시 처인구 원천로 11-6","경기도 용인시 처인구 원천로 11-6","","37.1937052327043","127.208198151282","5","2012-11-29","12152","매입다가구(경기용인시)","PURCHASE_RENTAL_BUILDING","5","2012-11-29","12152","기존주택매입임대","","525.12","5","525.12","","","","https://www.data.go.kr/data/15050701/fileData.do","2022-01-27"
"lh:yongin:e885cd98960f9b8b","LH","YONGIN","처인구","PURCHASE_RENTAL_BUILDING","PURCHASE_RENTAL","매입다가구(경기용인시)","경기도 용인시 처인구 이동면 백옥대로 586-9","경기도 용인시 처인구 이동면 백옥대로 586-9|경기도 용인시 처인구 이동면 백옥대로 586-9(타운하우스 아내가)","","37.1896175061897","127.207539560398","16","2010-09-14","12154","매입다가구(경기용인시)","PURCHASE_RENTAL_BUILDING","8","2010-09-14","12154","기존주택매입임대","","417.78","8","417.78","","","","https://www.data.go.kr/data/15050701/fileData.do","2022-01-27"
"lh:yongin:e885cd98960f9b8b","LH","YONGIN","처인구","PURCHASE_RENTAL_BUILDING","PURCHASE_RENTAL","매입다가구(경기용인시)","경기도 용인시 처인구 이동면 백옥대로 586-9","경기도 용인시 처인구 이동면 백옥대로 586-9|경기도 용인시 처인구 이동면 백옥대로 586-9(타운하우스 아내가)","","37.1896175061897","127.207539560398","16","2010-09-14","12155","매입다가구(경기용인시)","PURCHASE_RENTAL_BUILDING","8","2010-09-14","12155","기존주택매입임대","","478.88","8","478.88","","","","https://www.data.go.kr/data/15050701/fileData.do","2022-01-27"
"lh:yongin:7266bb7ccb060d8f","LH","YONGIN","처인구","PURCHASE_RENTAL_BUILDING","PURCHASE_RENTAL","매입다가구(경기용인시)","경기도 용인시 처인구 이동면 이원로 20-6","경기도 용인시 처인구 이동면 이원로 20-6|경기도 용인시 처인구 이동면 이원로 20-6(타운하우스 아내가)","","37.1896271779762","127.208035924873","8","2011-01-10","12156","매입다가구(경기용인시)","PURCHASE_RENTAL_BUILDING","8","2011-01-10","12156","기존주택매입임대","","478.88","8","478.88","","","","https://www.data.go.kr/data/15050701/fileData.do","2022-01-27"
"lh:yongin:828ad9ffc0333ec0","LH","YONGIN","처인구","PURCHASE_RENTAL_BUILDING","PURCHASE_RENTAL","매입다가구(경기용인시)","경기도 용인시 처인구 중부대로1158번길 17-1","경기도 용인시 처인구 중부대로1158번길 17-1|경기도 용인시 처인구 중부대로1158번길 17-1(삼가동 에디스빌)","","37.2377654647228","127.173119518836","16","2013-09-16","12157","매입다가구(경기용인시)","PURCHASE_RENTAL_BUILDING","8","2013-09-16","12157","기존주택매입임대","","478.88","8","478.88","","","","https://www.data.go.kr/data/15050701/fileData.do","2022-01-27"
"lh:yongin:828ad9ffc0333ec0","LH","YONGIN","처인구","PURCHASE_RENTAL_BUILDING","PURCHASE_RENTAL","매입다가구(경기용인시)","경기도 용인시 처인구 중부대로1158번길 17-1","경기도 용인시 처인구 중부대로1158번길 17-1|경기도 용인시 처인구 중부대로1158번길 17-1(삼가동 에디스빌)","","37.2377654647228","127.173119518836","16","2013-09-16","12158","매입다가구(경기용인시)","PURCHASE_RENTAL_BUILDING","8","2013-09-16","12158","기존주택매입임대","","465.96","8","465.96","","","","https://www.data.go.kr/data/15050701/fileData.do","2022-01-27"
"lh:yongin:265a67cdd7c576c7","LH","YONGIN","처인구","PURCHASE_RENTAL_BUILDING","PURCHASE_RENTAL","매입다가구(경기용인시)","경기도 용인시 처인구 중부대로1158번길 17-2","경기도 용인시 처인구 중부대로1158번길 17-2|경기도 용인시 처인구 중부대로1158번길 17-2(삼가동)","","37.2377049564043","127.173275690461","16","2013-11-26","12159","매입다가구(경기용인시)","PURCHASE_RENTAL_BUILDING","8","2013-11-26","12159","기존주택매입임대","","477.6","8","477.6","","","","https://www.data.go.kr/data/15050701/fileData.do","2022-01-27"
"lh:yongin:265a67cdd7c576c7","LH","YONGIN","처인구","PURCHASE_RENTAL_BUILDING","PURCHASE_RENTAL","매입다가구(경기용인시)","경기도 용인시 처인구 중부대로1158번길 17-2","경기도 용인시 처인구 중부대로1158번길 17-2|경기도 용인시 처인구 중부대로1158번길 17-2(삼가동)","","37.2377049564043","127.173275690461","16","2013-11-26","12160","매입다가구(경기용인시)","PURCHASE_RENTAL_BUILDING","8","2013-11-26","12160","기존주택매입임대","","473.69","8","473.69","","","","https://www.data.go.kr/data/15050701/fileData.do","2022-01-27"
"lh:yongin:e083d0b78e776d1c","LH","YONGIN","처인구","PURCHASE_RENTAL_BUILDING","PURCHASE_RENTAL","매입다가구(경기용인시)","경기도 용인시 처인구 중부대로1313번길","경기도 용인시 처인구 중부대로1313번길","","37.2365372911755","127.19013056914","15","2003-02-10","12161","매입다가구(경기용인시)","PURCHASE_RENTAL_BUILDING","15","2003-02-10","12161","기존주택매입임대","","413.05","15","413.05","","","","https://www.data.go.kr/data/15050701/fileData.do","2022-01-27"
"lh:yongin:668154312b2d7ad4","LH","YONGIN","처인구","CONSTRUCTION_RENTAL_COMPLEX","PUBLIC_RENTAL","용인김량장","경기도 용인시 처인구 중부대로1388번길 6-14","경기도 용인시 처인구 중부대로1388번길 6-14|경기도 용인시 처인구 중부대로1388번길 6-14(김량장동,김량주공2단지아파트)","","37.2336070084302","127.196040016323","495","1998-10-25","C00284","용인김량장","CONSTRUCTION_RENTAL_COMPLEX","495","1998-10-25","C00284:공공임대(50년):38.91A:38.91:120","공공임대(50년)","38.91A","38.91","120","38.91","","","","https://www.data.go.kr/data/15050700/fileData.do","2025-09-18"
"lh:yongin:668154312b2d7ad4","LH","YONGIN","처인구","CONSTRUCTION_RENTAL_COMPLEX","PUBLIC_RENTAL","용인김량장","경기도 용인시 처인구 중부대로1388번길 6-14","경기도 용인시 처인구 중부대로1388번길 6-14|경기도 용인시 처인구 중부대로1388번길 6-14(김량장동,김량주공2단지아파트)","","37.2336070084302","127.196040016323","495","1998-10-25","C00284","용인김량장","CONSTRUCTION_RENTAL_COMPLEX","495","1998-10-25","C00284:공공임대(50년):38.91B:38.91:120","공공임대(50년)","38.91B","38.91","120","38.91","","","","https://www.data.go.kr/data/15050700/fileData.do","2025-09-18"
"lh:yongin:668154312b2d7ad4","LH","YONGIN","처인구","CONSTRUCTION_RENTAL_COMPLEX","PUBLIC_RENTAL","용인김량장","경기도 용인시 처인구 중부대로1388번길 6-14","경기도 용인시 처인구 중부대로1388번길 6-14|경기도 용인시 처인구 중부대로1388번길 6-14(김량장동,김량주공2단지아파트)","","37.2336070084302","127.196040016323","495","1998-10-25","C00284","용인김량장","CONSTRUCTION_RENTAL_COMPLEX","495","1998-10-25","C00284:공공임대(50년):49.43A:49.43:150","공공임대(50년)","49.43A","49.43","150","49.43","","","","https://www.data.go.kr/data/15050700/fileData.do","2025-09-18"
"lh:yongin:668154312b2d7ad4","LH","YONGIN","처인구","CONSTRUCTION_RENTAL_COMPLEX","PUBLIC_RENTAL","용인김량장","경기도 용인시 처인구 중부대로1388번길 6-14","경기도 용인시 처인구 중부대로1388번길 6-14|경기도 용인시 처인구 중부대로1388번길 6-14(김량장동,김량주공2단지아파트)","","37.2336070084302","127.196040016323","495","1998-10-25","C00284","용인김량장","CONSTRUCTION_RENTAL_COMPLEX","495","1998-10-25","C00284:공공임대(50년):49.43B:49.43:105","공공임대(50년)","49.43B","49.43","105","49.43","","","","https://www.data.go.kr/data/15050700/fileData.do","2025-09-18"
"lh:yongin:bcb4eea69570a6c4","LH","YONGIN","처인구","PURCHASE_RENTAL_BUILDING","PURCHASE_RENTAL","매입다가구(경기용인시)","경기도 용인시 처인구 중부대로1440번길 7","경기도 용인시 처인구 중부대로1440번길 7|경기도 용인시 처인구 중부대로1440번길 7(김량장동)","","37.2321767360495","127.204327910157","7","2019-03-21","12162","매입다가구(경기용인시)","PURCHASE_RENTAL_BUILDING","7","2019-03-21","12162","기존주택매입임대","","364.89","7","364.89","","","","https://www.data.go.kr/data/15050701/fileData.do","2022-01-27"
"lh:yongin:dbd99b1b68965549","LH","YONGIN","처인구","PURCHASE_RENTAL_BUILDING","PURCHASE_RENTAL","매입다가구(경기용인시)","경기도 용인시 처인구 진덕로 36","경기도 용인시 처인구 진덕로 36|경기도 용인시 처인구 진덕로 36(고림동 명가타운)","","37.2390567322604","127.217101685272","6","2011-10-12","12163","매입다가구(경기용인시)","PURCHASE_RENTAL_BUILDING","6","2011-10-12","12163","기존주택매입임대","","188.85","6","188.85","","","","https://www.data.go.kr/data/15050701/fileData.do","2022-01-27"
"lh:yongin:60f868069fdd4ea2","LH","YONGIN","처인구","PURCHASE_RENTAL_BUILDING","PURCHASE_RENTAL","매입다가구(경기용인시)","경기도 용인시 처인구 포곡읍 부곡로 26-1","경기도 용인시 처인구 포곡읍 부곡로 26-1","","37.2810108230668","127.218864044433","19","2012-06-11","12164","매입다가구(경기용인시)","PURCHASE_RENTAL_BUILDING","19","2012-06-11","12164","기존주택매입임대","","345","19","345","","","","https://www.data.go.kr/data/15050701/fileData.do","2022-01-27"
"lh:yongin:e1c63f41a468926f","LH","YONGIN","처인구","PURCHASE_RENTAL_BUILDING","PURCHASE_RENTAL","매입다가구(경기용인시)","경기도 용인시 처인구 포곡읍 전대로 91","경기도 용인시 처인구 포곡읍 전대로 91","","37.2853294803708","127.21578052301","34","2018-01-25","12165","매입다가구(경기용인시)","PURCHASE_RENTAL_BUILDING","34","2018-01-25","12165","기존주택매입임대","","539.51","34","539.51","","","","https://www.data.go.kr/data/15050701/fileData.do","2022-01-27"
"lh:yongin:236cbf75f6e783fd","LH","YONGIN","처인구","PURCHASE_RENTAL_BUILDING","PURCHASE_RENTAL","매입다가구(경기용인시)","경기도 용인시 처인구 포곡읍 전대로16번길 6","경기도 용인시 처인구 포곡읍 전대로16번길 6","","37.2811168922325","127.223102363765","18","2011-12-09","12166","매입다가구(경기용인시)","PURCHASE_RENTAL_BUILDING","18","2011-12-09","12166","기존주택매입임대","","1749.4","18","1749.4","","","","https://www.data.go.kr/data/15050701/fileData.do","2022-01-27"
